ISO-10303-21;
HEADER;
FILE_DESCRIPTION(('FreeCAD Model'),'2;1');
FILE_NAME('Open CASCADE Shape Model','2023-09-28T11:54:23',(''),(''),
  'Open CASCADE STEP processor 7.6','FreeCAD','Unknown');
FILE_SCHEMA(('AUTOMOTIVE_DESIGN { 1 0 10303 214 1 1 1 1 }'));
ENDSEC;
DATA;
#1 = APPLICATION_PROTOCOL_DEFINITION('international standard',
  'automotive_design',2000,#2);
#2 = APPLICATION_CONTEXT(
  'core data for automotive mechanical design processes');
#3 = SHAPE_DEFINITION_REPRESENTATION(#4,#10);
#4 = PRODUCT_DEFINITION_SHAPE('','',#5);
#5 = PRODUCT_DEFINITION('design','',#6,#9);
#6 = PRODUCT_DEFINITION_FORMATION('','',#7);
#7 = PRODUCT('T4 2,4 Model','T4 2,4 Model','',(#8));
#8 = PRODUCT_CONTEXT('',#2,'mechanical');
#9 = PRODUCT_DEFINITION_CONTEXT('part definition',#2,'design');
#10 = SHAPE_REPRESENTATION('',(#11,#15,#19,#23,#27,#31,#35,#39,#43,#47,
    #51,#55,#59,#63,#67,#71),#75);
#11 = AXIS2_PLACEMENT_3D('',#12,#13,#14);
#12 = CARTESIAN_POINT('',(0.,0.,0.));
#13 = DIRECTION('',(0.,0.,1.));
#14 = DIRECTION('',(1.,0.,-0.));
#15 = AXIS2_PLACEMENT_3D('',#16,#17,#18);
#16 = CARTESIAN_POINT('',(0.,0.,0.));
#17 = DIRECTION('',(0.,0.,1.));
#18 = DIRECTION('',(1.,0.,0.));
#19 = AXIS2_PLACEMENT_3D('',#20,#21,#22);
#20 = CARTESIAN_POINT('',(0.,0.,0.));
#21 = DIRECTION('',(0.,0.,1.));
#22 = DIRECTION('',(1.,0.,0.));
#23 = AXIS2_PLACEMENT_3D('',#24,#25,#26);
#24 = CARTESIAN_POINT('',(0.,0.,0.));
#25 = DIRECTION('',(0.,0.,1.));
#26 = DIRECTION('',(1.,0.,0.));
#27 = AXIS2_PLACEMENT_3D('',#28,#29,#30);
#28 = CARTESIAN_POINT('',(0.,0.,0.));
#29 = DIRECTION('',(0.,0.,1.));
#30 = DIRECTION('',(1.,0.,0.));
#31 = AXIS2_PLACEMENT_3D('',#32,#33,#34);
#32 = CARTESIAN_POINT('',(0.,0.,0.));
#33 = DIRECTION('',(0.,0.,1.));
#34 = DIRECTION('',(1.,0.,0.));
#35 = AXIS2_PLACEMENT_3D('',#36,#37,#38);
#36 = CARTESIAN_POINT('',(0.,0.,0.));
#37 = DIRECTION('',(0.,0.,1.));
#38 = DIRECTION('',(1.,0.,0.));
#39 = AXIS2_PLACEMENT_3D('',#40,#41,#42);
#40 = CARTESIAN_POINT('',(0.,0.,0.));
#41 = DIRECTION('',(0.,0.,1.));
#42 = DIRECTION('',(1.,0.,0.));
#43 = AXIS2_PLACEMENT_3D('',#44,#45,#46);
#44 = CARTESIAN_POINT('',(0.,0.,0.));
#45 = DIRECTION('',(0.,0.,1.));
#46 = DIRECTION('',(1.,0.,0.));
#47 = AXIS2_PLACEMENT_3D('',#48,#49,#50);
#48 = CARTESIAN_POINT('',(0.,0.,0.));
#49 = DIRECTION('',(0.,0.,1.));
#50 = DIRECTION('',(1.,0.,0.));
#51 = AXIS2_PLACEMENT_3D('',#52,#53,#54);
#52 = CARTESIAN_POINT('',(0.,0.,0.));
#53 = DIRECTION('',(0.,0.,1.));
#54 = DIRECTION('',(1.,0.,0.));
#55 = AXIS2_PLACEMENT_3D('',#56,#57,#58);
#56 = CARTESIAN_POINT('',(0.,0.,0.));
#57 = DIRECTION('',(0.,0.,1.));
#58 = DIRECTION('',(1.,0.,0.));
#59 = AXIS2_PLACEMENT_3D('',#60,#61,#62);
#60 = CARTESIAN_POINT('',(0.,0.,0.));
#61 = DIRECTION('',(0.,0.,1.));
#62 = DIRECTION('',(1.,0.,0.));
#63 = AXIS2_PLACEMENT_3D('',#64,#65,#66);
#64 = CARTESIAN_POINT('',(0.,0.,0.));
#65 = DIRECTION('',(0.,0.,1.));
#66 = DIRECTION('',(1.,0.,0.));
#67 = AXIS2_PLACEMENT_3D('',#68,#69,#70);
#68 = CARTESIAN_POINT('',(0.,0.,0.));
#69 = DIRECTION('',(0.,0.,1.));
#70 = DIRECTION('',(1.,0.,0.));
#71 = AXIS2_PLACEMENT_3D('',#72,#73,#74);
#72 = CARTESIAN_POINT('',(0.,0.,0.));
#73 = DIRECTION('',(0.,0.,1.));
#74 = DIRECTION('',(1.,0.,0.));
#75 = ( GEOMETRIC_REPRESENTATION_CONTEXT(3) 
GLOBAL_UNCERTAINTY_ASSIGNED_CONTEXT((#79)) GLOBAL_UNIT_ASSIGNED_CONTEXT(
(#76,#77,#78)) REPRESENTATION_CONTEXT('Context #1',
  '3D Context with UNIT and UNCERTAINTY') );
#76 = ( LENGTH_UNIT() NAMED_UNIT(*) SI_UNIT(.MILLI.,.METRE.) );
#77 = ( NAMED_UNIT(*) PLANE_ANGLE_UNIT() SI_UNIT($,.RADIAN.) );
#78 = ( NAMED_UNIT(*) SI_UNIT($,.STERADIAN.) SOLID_ANGLE_UNIT() );
#79 = UNCERTAINTY_MEASURE_WITH_UNIT(LENGTH_MEASURE(1.E-07),#76,
  'distance_accuracy_value','confusion accuracy');
#80 = PRODUCT_RELATED_PRODUCT_CATEGORY('part',$,(#7));
#81 = SHAPE_DEFINITION_REPRESENTATION(#82,#88);
#82 = PRODUCT_DEFINITION_SHAPE('','',#83);
#83 = PRODUCT_DEFINITION('design','',#84,#87);
#84 = PRODUCT_DEFINITION_FORMATION('','',#85);
#85 = PRODUCT('Display vis area','Display vis area','',(#86));
#86 = PRODUCT_CONTEXT('',#2,'mechanical');
#87 = PRODUCT_DEFINITION_CONTEXT('part definition',#2,'design');
#88 = ADVANCED_BREP_SHAPE_REPRESENTATION('',(#11,#89),#239);
#89 = MANIFOLD_SOLID_BREP('',#90);
#90 = CLOSED_SHELL('',(#91,#131,#162,#193,#215,#227));
#91 = ADVANCED_FACE('',(#92),#126,.T.);
#92 = FACE_BOUND('',#93,.T.);
#93 = EDGE_LOOP('',(#94,#104,#112,#120));
#94 = ORIENTED_EDGE('',*,*,#95,.T.);
#95 = EDGE_CURVE('',#96,#98,#100,.T.);
#96 = VERTEX_POINT('',#97);
#97 = CARTESIAN_POINT('',(2.9,38.8,6.19));
#98 = VERTEX_POINT('',#99);
#99 = CARTESIAN_POINT('',(2.9,38.8,6.2));
#100 = LINE('',#101,#102);
#101 = CARTESIAN_POINT('',(2.9,38.8,6.19));
#102 = VECTOR('',#103,1.);
#103 = DIRECTION('',(0.,0.,1.));
#104 = ORIENTED_EDGE('',*,*,#105,.T.);
#105 = EDGE_CURVE('',#98,#106,#108,.T.);
#106 = VERTEX_POINT('',#107);
#107 = CARTESIAN_POINT('',(52.1,38.8,6.2));
#108 = LINE('',#109,#110);
#109 = CARTESIAN_POINT('',(2.9,38.8,6.2));
#110 = VECTOR('',#111,1.);
#111 = DIRECTION('',(1.,0.,0.));
#112 = ORIENTED_EDGE('',*,*,#113,.F.);
#113 = EDGE_CURVE('',#114,#106,#116,.T.);
#114 = VERTEX_POINT('',#115);
#115 = CARTESIAN_POINT('',(52.1,38.8,6.19));
#116 = LINE('',#117,#118);
#117 = CARTESIAN_POINT('',(52.1,38.8,6.19));
#118 = VECTOR('',#119,1.);
#119 = DIRECTION('',(0.,0.,1.));
#120 = ORIENTED_EDGE('',*,*,#121,.F.);
#121 = EDGE_CURVE('',#96,#114,#122,.T.);
#122 = LINE('',#123,#124);
#123 = CARTESIAN_POINT('',(2.9,38.8,6.19));
#124 = VECTOR('',#125,1.);
#125 = DIRECTION('',(1.,0.,0.));
#126 = PLANE('',#127);
#127 = AXIS2_PLACEMENT_3D('',#128,#129,#130);
#128 = CARTESIAN_POINT('',(2.9,38.8,6.19));
#129 = DIRECTION('',(0.,1.,0.));
#130 = DIRECTION('',(1.,0.,0.));
#131 = ADVANCED_FACE('',(#132),#157,.T.);
#132 = FACE_BOUND('',#133,.T.);
#133 = EDGE_LOOP('',(#134,#135,#143,#151));
#134 = ORIENTED_EDGE('',*,*,#113,.T.);
#135 = ORIENTED_EDGE('',*,*,#136,.T.);
#136 = EDGE_CURVE('',#106,#137,#139,.T.);
#137 = VERTEX_POINT('',#138);
#138 = CARTESIAN_POINT('',(52.1,1.9,6.2));
#139 = LINE('',#140,#141);
#140 = CARTESIAN_POINT('',(52.1,38.8,6.2));
#141 = VECTOR('',#142,1.);
#142 = DIRECTION('',(0.,-1.,0.));
#143 = ORIENTED_EDGE('',*,*,#144,.F.);
#144 = EDGE_CURVE('',#145,#137,#147,.T.);
#145 = VERTEX_POINT('',#146);
#146 = CARTESIAN_POINT('',(52.1,1.9,6.19));
#147 = LINE('',#148,#149);
#148 = CARTESIAN_POINT('',(52.1,1.9,6.19));
#149 = VECTOR('',#150,1.);
#150 = DIRECTION('',(0.,0.,1.));
#151 = ORIENTED_EDGE('',*,*,#152,.F.);
#152 = EDGE_CURVE('',#114,#145,#153,.T.);
#153 = LINE('',#154,#155);
#154 = CARTESIAN_POINT('',(52.1,38.8,6.19));
#155 = VECTOR('',#156,1.);
#156 = DIRECTION('',(0.,-1.,0.));
#157 = PLANE('',#158);
#158 = AXIS2_PLACEMENT_3D('',#159,#160,#161);
#159 = CARTESIAN_POINT('',(52.1,38.8,6.19));
#160 = DIRECTION('',(1.,0.,-0.));
#161 = DIRECTION('',(0.,-1.,0.));
#162 = ADVANCED_FACE('',(#163),#188,.T.);
#163 = FACE_BOUND('',#164,.T.);
#164 = EDGE_LOOP('',(#165,#166,#174,#182));
#165 = ORIENTED_EDGE('',*,*,#144,.T.);
#166 = ORIENTED_EDGE('',*,*,#167,.T.);
#167 = EDGE_CURVE('',#137,#168,#170,.T.);
#168 = VERTEX_POINT('',#169);
#169 = CARTESIAN_POINT('',(2.9,1.9,6.2));
#170 = LINE('',#171,#172);
#171 = CARTESIAN_POINT('',(52.1,1.9,6.2));
#172 = VECTOR('',#173,1.);
#173 = DIRECTION('',(-1.,0.,0.));
#174 = ORIENTED_EDGE('',*,*,#175,.F.);
#175 = EDGE_CURVE('',#176,#168,#178,.T.);
#176 = VERTEX_POINT('',#177);
#177 = CARTESIAN_POINT('',(2.9,1.9,6.19));
#178 = LINE('',#179,#180);
#179 = CARTESIAN_POINT('',(2.9,1.9,6.19));
#180 = VECTOR('',#181,1.);
#181 = DIRECTION('',(0.,0.,1.));
#182 = ORIENTED_EDGE('',*,*,#183,.F.);
#183 = EDGE_CURVE('',#145,#176,#184,.T.);
#184 = LINE('',#185,#186);
#185 = CARTESIAN_POINT('',(52.1,1.9,6.19));
#186 = VECTOR('',#187,1.);
#187 = DIRECTION('',(-1.,0.,0.));
#188 = PLANE('',#189);
#189 = AXIS2_PLACEMENT_3D('',#190,#191,#192);
#190 = CARTESIAN_POINT('',(52.1,1.9,6.19));
#191 = DIRECTION('',(0.,-1.,0.));
#192 = DIRECTION('',(-1.,0.,0.));
#193 = ADVANCED_FACE('',(#194),#210,.T.);
#194 = FACE_BOUND('',#195,.T.);
#195 = EDGE_LOOP('',(#196,#197,#203,#204));
#196 = ORIENTED_EDGE('',*,*,#175,.T.);
#197 = ORIENTED_EDGE('',*,*,#198,.T.);
#198 = EDGE_CURVE('',#168,#98,#199,.T.);
#199 = LINE('',#200,#201);
#200 = CARTESIAN_POINT('',(2.9,1.9,6.2));
#201 = VECTOR('',#202,1.);
#202 = DIRECTION('',(0.,1.,0.));
#203 = ORIENTED_EDGE('',*,*,#95,.F.);
#204 = ORIENTED_EDGE('',*,*,#205,.F.);
#205 = EDGE_CURVE('',#176,#96,#206,.T.);
#206 = LINE('',#207,#208);
#207 = CARTESIAN_POINT('',(2.9,1.9,6.19));
#208 = VECTOR('',#209,1.);
#209 = DIRECTION('',(0.,1.,0.));
#210 = PLANE('',#211);
#211 = AXIS2_PLACEMENT_3D('',#212,#213,#214);
#212 = CARTESIAN_POINT('',(2.9,1.9,6.19));
#213 = DIRECTION('',(-1.,0.,0.));
#214 = DIRECTION('',(0.,1.,0.));
#215 = ADVANCED_FACE('',(#216),#222,.F.);
#216 = FACE_BOUND('',#217,.T.);
#217 = EDGE_LOOP('',(#218,#219,#220,#221));
#218 = ORIENTED_EDGE('',*,*,#121,.T.);
#219 = ORIENTED_EDGE('',*,*,#152,.T.);
#220 = ORIENTED_EDGE('',*,*,#183,.T.);
#221 = ORIENTED_EDGE('',*,*,#205,.T.);
#222 = PLANE('',#223);
#223 = AXIS2_PLACEMENT_3D('',#224,#225,#226);
#224 = CARTESIAN_POINT('',(27.5,20.35,6.19));
#225 = DIRECTION('',(-0.,0.,1.));
#226 = DIRECTION('',(1.,0.,0.));
#227 = ADVANCED_FACE('',(#228),#234,.T.);
#228 = FACE_BOUND('',#229,.F.);
#229 = EDGE_LOOP('',(#230,#231,#232,#233));
#230 = ORIENTED_EDGE('',*,*,#105,.T.);
#231 = ORIENTED_EDGE('',*,*,#136,.T.);
#232 = ORIENTED_EDGE('',*,*,#167,.T.);
#233 = ORIENTED_EDGE('',*,*,#198,.T.);
#234 = PLANE('',#235);
#235 = AXIS2_PLACEMENT_3D('',#236,#237,#238);
#236 = CARTESIAN_POINT('',(27.5,20.35,6.2));
#237 = DIRECTION('',(0.,0.,1.));
#238 = DIRECTION('',(1.,0.,0.));
#239 = ( GEOMETRIC_REPRESENTATION_CONTEXT(3) 
GLOBAL_UNCERTAINTY_ASSIGNED_CONTEXT((#243)) GLOBAL_UNIT_ASSIGNED_CONTEXT
((#240,#241,#242)) REPRESENTATION_CONTEXT('Context #1',
  '3D Context with UNIT and UNCERTAINTY') );
#240 = ( LENGTH_UNIT() NAMED_UNIT(*) SI_UNIT(.MILLI.,.METRE.) );
#241 = ( NAMED_UNIT(*) PLANE_ANGLE_UNIT() SI_UNIT($,.RADIAN.) );
#242 = ( NAMED_UNIT(*) SI_UNIT($,.STERADIAN.) SOLID_ANGLE_UNIT() );
#243 = UNCERTAINTY_MEASURE_WITH_UNIT(LENGTH_MEASURE(1.E-07),#240,
  'distance_accuracy_value','confusion accuracy');
#244 = CONTEXT_DEPENDENT_SHAPE_REPRESENTATION(#245,#247);
#245 = ( REPRESENTATION_RELATIONSHIP('','',#88,#10) 
REPRESENTATION_RELATIONSHIP_WITH_TRANSFORMATION(#246) 
SHAPE_REPRESENTATION_RELATIONSHIP() );
#246 = ITEM_DEFINED_TRANSFORMATION('','',#11,#15);
#247 = PRODUCT_DEFINITION_SHAPE('Placement','Placement of an item',#248
  );
#248 = NEXT_ASSEMBLY_USAGE_OCCURRENCE('1','Display vis area','',#5,#83,$
  );
#249 = PRODUCT_RELATED_PRODUCT_CATEGORY('part',$,(#85));
#250 = SHAPE_DEFINITION_REPRESENTATION(#251,#257);
#251 = PRODUCT_DEFINITION_SHAPE('','',#252);
#252 = PRODUCT_DEFINITION('design','',#253,#256);
#253 = PRODUCT_DEFINITION_FORMATION('','',#254);
#254 = PRODUCT('Display raw','Display raw','',(#255));
#255 = PRODUCT_CONTEXT('',#2,'mechanical');
#256 = PRODUCT_DEFINITION_CONTEXT('part definition',#2,'design');
#257 = ADVANCED_BREP_SHAPE_REPRESENTATION('',(#11,#258),#408);
#258 = MANIFOLD_SOLID_BREP('',#259);
#259 = CLOSED_SHELL('',(#260,#300,#331,#362,#384,#396));
#260 = ADVANCED_FACE('',(#261),#295,.F.);
#261 = FACE_BOUND('',#262,.F.);
#262 = EDGE_LOOP('',(#263,#273,#281,#289));
#263 = ORIENTED_EDGE('',*,*,#264,.T.);
#264 = EDGE_CURVE('',#265,#267,#269,.T.);
#265 = VERTEX_POINT('',#266);
#266 = CARTESIAN_POINT('',(0.,-1.,3.65));
#267 = VERTEX_POINT('',#268);
#268 = CARTESIAN_POINT('',(0.,-1.,6.19));
#269 = LINE('',#270,#271);
#270 = CARTESIAN_POINT('',(0.,-1.,3.65));
#271 = VECTOR('',#272,1.);
#272 = DIRECTION('',(0.,0.,1.));
#273 = ORIENTED_EDGE('',*,*,#274,.T.);
#274 = EDGE_CURVE('',#267,#275,#277,.T.);
#275 = VERTEX_POINT('',#276);
#276 = CARTESIAN_POINT('',(60.3,-1.,6.19));
#277 = LINE('',#278,#279);
#278 = CARTESIAN_POINT('',(0.,-1.,6.19));
#279 = VECTOR('',#280,1.);
#280 = DIRECTION('',(1.,0.,0.));
#281 = ORIENTED_EDGE('',*,*,#282,.F.);
#282 = EDGE_CURVE('',#283,#275,#285,.T.);
#283 = VERTEX_POINT('',#284);
#284 = CARTESIAN_POINT('',(60.3,-1.,3.65));
#285 = LINE('',#286,#287);
#286 = CARTESIAN_POINT('',(60.3,-1.,3.65));
#287 = VECTOR('',#288,1.);
#288 = DIRECTION('',(0.,0.,1.));
#289 = ORIENTED_EDGE('',*,*,#290,.F.);
#290 = EDGE_CURVE('',#265,#283,#291,.T.);
#291 = LINE('',#292,#293);
#292 = CARTESIAN_POINT('',(0.,-1.,3.65));
#293 = VECTOR('',#294,1.);
#294 = DIRECTION('',(1.,0.,0.));
#295 = PLANE('',#296);
#296 = AXIS2_PLACEMENT_3D('',#297,#298,#299);
#297 = CARTESIAN_POINT('',(0.,-1.,3.65));
#298 = DIRECTION('',(0.,1.,0.));
#299 = DIRECTION('',(1.,0.,0.));
#300 = ADVANCED_FACE('',(#301),#326,.F.);
#301 = FACE_BOUND('',#302,.F.);
#302 = EDGE_LOOP('',(#303,#304,#312,#320));
#303 = ORIENTED_EDGE('',*,*,#282,.T.);
#304 = ORIENTED_EDGE('',*,*,#305,.T.);
#305 = EDGE_CURVE('',#275,#306,#308,.T.);
#306 = VERTEX_POINT('',#307);
#307 = CARTESIAN_POINT('',(60.3,41.7,6.19));
#308 = LINE('',#309,#310);
#309 = CARTESIAN_POINT('',(60.3,-1.,6.19));
#310 = VECTOR('',#311,1.);
#311 = DIRECTION('',(0.,1.,0.));
#312 = ORIENTED_EDGE('',*,*,#313,.F.);
#313 = EDGE_CURVE('',#314,#306,#316,.T.);
#314 = VERTEX_POINT('',#315);
#315 = CARTESIAN_POINT('',(60.3,41.7,3.65));
#316 = LINE('',#317,#318);
#317 = CARTESIAN_POINT('',(60.3,41.7,3.65));
#318 = VECTOR('',#319,1.);
#319 = DIRECTION('',(0.,0.,1.));
#320 = ORIENTED_EDGE('',*,*,#321,.F.);
#321 = EDGE_CURVE('',#283,#314,#322,.T.);
#322 = LINE('',#323,#324);
#323 = CARTESIAN_POINT('',(60.3,-1.,3.65));
#324 = VECTOR('',#325,1.);
#325 = DIRECTION('',(0.,1.,0.));
#326 = PLANE('',#327);
#327 = AXIS2_PLACEMENT_3D('',#328,#329,#330);
#328 = CARTESIAN_POINT('',(60.3,-1.,3.65));
#329 = DIRECTION('',(-1.,0.,0.));
#330 = DIRECTION('',(0.,1.,0.));
#331 = ADVANCED_FACE('',(#332),#357,.F.);
#332 = FACE_BOUND('',#333,.F.);
#333 = EDGE_LOOP('',(#334,#335,#343,#351));
#334 = ORIENTED_EDGE('',*,*,#313,.T.);
#335 = ORIENTED_EDGE('',*,*,#336,.T.);
#336 = EDGE_CURVE('',#306,#337,#339,.T.);
#337 = VERTEX_POINT('',#338);
#338 = CARTESIAN_POINT('',(0.,41.7,6.19));
#339 = LINE('',#340,#341);
#340 = CARTESIAN_POINT('',(60.3,41.7,6.19));
#341 = VECTOR('',#342,1.);
#342 = DIRECTION('',(-1.,0.,0.));
#343 = ORIENTED_EDGE('',*,*,#344,.F.);
#344 = EDGE_CURVE('',#345,#337,#347,.T.);
#345 = VERTEX_POINT('',#346);
#346 = CARTESIAN_POINT('',(0.,41.7,3.65));
#347 = LINE('',#348,#349);
#348 = CARTESIAN_POINT('',(0.,41.7,3.65));
#349 = VECTOR('',#350,1.);
#350 = DIRECTION('',(0.,0.,1.));
#351 = ORIENTED_EDGE('',*,*,#352,.F.);
#352 = EDGE_CURVE('',#314,#345,#353,.T.);
#353 = LINE('',#354,#355);
#354 = CARTESIAN_POINT('',(60.3,41.7,3.65));
#355 = VECTOR('',#356,1.);
#356 = DIRECTION('',(-1.,0.,0.));
#357 = PLANE('',#358);
#358 = AXIS2_PLACEMENT_3D('',#359,#360,#361);
#359 = CARTESIAN_POINT('',(60.3,41.7,3.65));
#360 = DIRECTION('',(0.,-1.,0.));
#361 = DIRECTION('',(-1.,0.,0.));
#362 = ADVANCED_FACE('',(#363),#379,.F.);
#363 = FACE_BOUND('',#364,.F.);
#364 = EDGE_LOOP('',(#365,#366,#372,#373));
#365 = ORIENTED_EDGE('',*,*,#344,.T.);
#366 = ORIENTED_EDGE('',*,*,#367,.T.);
#367 = EDGE_CURVE('',#337,#267,#368,.T.);
#368 = LINE('',#369,#370);
#369 = CARTESIAN_POINT('',(0.,41.7,6.19));
#370 = VECTOR('',#371,1.);
#371 = DIRECTION('',(0.,-1.,0.));
#372 = ORIENTED_EDGE('',*,*,#264,.F.);
#373 = ORIENTED_EDGE('',*,*,#374,.F.);
#374 = EDGE_CURVE('',#345,#265,#375,.T.);
#375 = LINE('',#376,#377);
#376 = CARTESIAN_POINT('',(0.,41.7,3.65));
#377 = VECTOR('',#378,1.);
#378 = DIRECTION('',(0.,-1.,0.));
#379 = PLANE('',#380);
#380 = AXIS2_PLACEMENT_3D('',#381,#382,#383);
#381 = CARTESIAN_POINT('',(0.,41.7,3.65));
#382 = DIRECTION('',(1.,0.,-0.));
#383 = DIRECTION('',(0.,-1.,0.));
#384 = ADVANCED_FACE('',(#385),#391,.F.);
#385 = FACE_BOUND('',#386,.F.);
#386 = EDGE_LOOP('',(#387,#388,#389,#390));
#387 = ORIENTED_EDGE('',*,*,#290,.T.);
#388 = ORIENTED_EDGE('',*,*,#321,.T.);
#389 = ORIENTED_EDGE('',*,*,#352,.T.);
#390 = ORIENTED_EDGE('',*,*,#374,.T.);
#391 = PLANE('',#392);
#392 = AXIS2_PLACEMENT_3D('',#393,#394,#395);
#393 = CARTESIAN_POINT('',(30.15,20.35,3.65));
#394 = DIRECTION('',(0.,0.,1.));
#395 = DIRECTION('',(1.,0.,-0.));
#396 = ADVANCED_FACE('',(#397),#403,.T.);
#397 = FACE_BOUND('',#398,.T.);
#398 = EDGE_LOOP('',(#399,#400,#401,#402));
#399 = ORIENTED_EDGE('',*,*,#274,.T.);
#400 = ORIENTED_EDGE('',*,*,#305,.T.);
#401 = ORIENTED_EDGE('',*,*,#336,.T.);
#402 = ORIENTED_EDGE('',*,*,#367,.T.);
#403 = PLANE('',#404);
#404 = AXIS2_PLACEMENT_3D('',#405,#406,#407);
#405 = CARTESIAN_POINT('',(30.15,20.35,6.19));
#406 = DIRECTION('',(0.,0.,1.));
#407 = DIRECTION('',(1.,0.,0.));
#408 = ( GEOMETRIC_REPRESENTATION_CONTEXT(3) 
GLOBAL_UNCERTAINTY_ASSIGNED_CONTEXT((#412)) GLOBAL_UNIT_ASSIGNED_CONTEXT
((#409,#410,#411)) REPRESENTATION_CONTEXT('Context #1',
  '3D Context with UNIT and UNCERTAINTY') );
#409 = ( LENGTH_UNIT() NAMED_UNIT(*) SI_UNIT(.MILLI.,.METRE.) );
#410 = ( NAMED_UNIT(*) PLANE_ANGLE_UNIT() SI_UNIT($,.RADIAN.) );
#411 = ( NAMED_UNIT(*) SI_UNIT($,.STERADIAN.) SOLID_ANGLE_UNIT() );
#412 = UNCERTAINTY_MEASURE_WITH_UNIT(LENGTH_MEASURE(1.E-07),#409,
  'distance_accuracy_value','confusion accuracy');
#413 = CONTEXT_DEPENDENT_SHAPE_REPRESENTATION(#414,#416);
#414 = ( REPRESENTATION_RELATIONSHIP('','',#257,#10) 
REPRESENTATION_RELATIONSHIP_WITH_TRANSFORMATION(#415) 
SHAPE_REPRESENTATION_RELATIONSHIP() );
#415 = ITEM_DEFINED_TRANSFORMATION('','',#11,#19);
#416 = PRODUCT_DEFINITION_SHAPE('Placement','Placement of an item',#417
  );
#417 = NEXT_ASSEMBLY_USAGE_OCCURRENCE('2','Display raw','',#5,#252,$);
#418 = PRODUCT_RELATED_PRODUCT_CATEGORY('part',$,(#254));
#419 = SHAPE_DEFINITION_REPRESENTATION(#420,#426);
#420 = PRODUCT_DEFINITION_SHAPE('','',#421);
#421 = PRODUCT_DEFINITION('design','',#422,#425);
#422 = PRODUCT_DEFINITION_FORMATION('','',#423);
#423 = PRODUCT('board_raw','board_raw','',(#424));
#424 = PRODUCT_CONTEXT('',#2,'mechanical');
#425 = PRODUCT_DEFINITION_CONTEXT('part definition',#2,'design');
#426 = ADVANCED_BREP_SHAPE_REPRESENTATION('',(#11,#427),#733);
#427 = MANIFOLD_SOLID_BREP('',#428);
#428 = CLOSED_SHELL('',(#429,#469,#500,#531,#553,#586,#619,#652,#685,
    #709));
#429 = ADVANCED_FACE('',(#430),#464,.F.);
#430 = FACE_BOUND('',#431,.F.);
#431 = EDGE_LOOP('',(#432,#442,#450,#458));
#432 = ORIENTED_EDGE('',*,*,#433,.T.);
#433 = EDGE_CURVE('',#434,#436,#438,.T.);
#434 = VERTEX_POINT('',#435);
#435 = CARTESIAN_POINT('',(0.,0.,0.));
#436 = VERTEX_POINT('',#437);
#437 = CARTESIAN_POINT('',(0.,0.,1.22));
#438 = LINE('',#439,#440);
#439 = CARTESIAN_POINT('',(0.,0.,0.));
#440 = VECTOR('',#441,1.);
#441 = DIRECTION('',(0.,0.,1.));
#442 = ORIENTED_EDGE('',*,*,#443,.T.);
#443 = EDGE_CURVE('',#436,#444,#446,.T.);
#444 = VERTEX_POINT('',#445);
#445 = CARTESIAN_POINT('',(66.,0.,1.22));
#446 = LINE('',#447,#448);
#447 = CARTESIAN_POINT('',(0.,0.,1.22));
#448 = VECTOR('',#449,1.);
#449 = DIRECTION('',(1.,0.,0.));
#450 = ORIENTED_EDGE('',*,*,#451,.F.);
#451 = EDGE_CURVE('',#452,#444,#454,.T.);
#452 = VERTEX_POINT('',#453);
#453 = CARTESIAN_POINT('',(66.,0.,0.));
#454 = LINE('',#455,#456);
#455 = CARTESIAN_POINT('',(66.,0.,0.));
#456 = VECTOR('',#457,1.);
#457 = DIRECTION('',(0.,0.,1.));
#458 = ORIENTED_EDGE('',*,*,#459,.F.);
#459 = EDGE_CURVE('',#434,#452,#460,.T.);
#460 = LINE('',#461,#462);
#461 = CARTESIAN_POINT('',(0.,0.,0.));
#462 = VECTOR('',#463,1.);
#463 = DIRECTION('',(1.,0.,0.));
#464 = PLANE('',#465);
#465 = AXIS2_PLACEMENT_3D('',#466,#467,#468);
#466 = CARTESIAN_POINT('',(0.,0.,0.));
#467 = DIRECTION('',(0.,1.,0.));
#468 = DIRECTION('',(1.,0.,0.));
#469 = ADVANCED_FACE('',(#470),#495,.F.);
#470 = FACE_BOUND('',#471,.F.);
#471 = EDGE_LOOP('',(#472,#473,#481,#489));
#472 = ORIENTED_EDGE('',*,*,#451,.T.);
#473 = ORIENTED_EDGE('',*,*,#474,.T.);
#474 = EDGE_CURVE('',#444,#475,#477,.T.);
#475 = VERTEX_POINT('',#476);
#476 = CARTESIAN_POINT('',(66.,40.7,1.22));
#477 = LINE('',#478,#479);
#478 = CARTESIAN_POINT('',(66.,0.,1.22));
#479 = VECTOR('',#480,1.);
#480 = DIRECTION('',(0.,1.,0.));
#481 = ORIENTED_EDGE('',*,*,#482,.F.);
#482 = EDGE_CURVE('',#483,#475,#485,.T.);
#483 = VERTEX_POINT('',#484);
#484 = CARTESIAN_POINT('',(66.,40.7,0.));
#485 = LINE('',#486,#487);
#486 = CARTESIAN_POINT('',(66.,40.7,0.));
#487 = VECTOR('',#488,1.);
#488 = DIRECTION('',(0.,0.,1.));
#489 = ORIENTED_EDGE('',*,*,#490,.F.);
#490 = EDGE_CURVE('',#452,#483,#491,.T.);
#491 = LINE('',#492,#493);
#492 = CARTESIAN_POINT('',(66.,0.,0.));
#493 = VECTOR('',#494,1.);
#494 = DIRECTION('',(0.,1.,0.));
#495 = PLANE('',#496);
#496 = AXIS2_PLACEMENT_3D('',#497,#498,#499);
#497 = CARTESIAN_POINT('',(66.,0.,0.));
#498 = DIRECTION('',(-1.,0.,0.));
#499 = DIRECTION('',(0.,1.,0.));
#500 = ADVANCED_FACE('',(#501),#526,.F.);
#501 = FACE_BOUND('',#502,.F.);
#502 = EDGE_LOOP('',(#503,#504,#512,#520));
#503 = ORIENTED_EDGE('',*,*,#482,.T.);
#504 = ORIENTED_EDGE('',*,*,#505,.T.);
#505 = EDGE_CURVE('',#475,#506,#508,.T.);
#506 = VERTEX_POINT('',#507);
#507 = CARTESIAN_POINT('',(0.,40.7,1.22));
#508 = LINE('',#509,#510);
#509 = CARTESIAN_POINT('',(66.,40.7,1.22));
#510 = VECTOR('',#511,1.);
#511 = DIRECTION('',(-1.,0.,0.));
#512 = ORIENTED_EDGE('',*,*,#513,.F.);
#513 = EDGE_CURVE('',#514,#506,#516,.T.);
#514 = VERTEX_POINT('',#515);
#515 = CARTESIAN_POINT('',(0.,40.7,0.));
#516 = LINE('',#517,#518);
#517 = CARTESIAN_POINT('',(0.,40.7,0.));
#518 = VECTOR('',#519,1.);
#519 = DIRECTION('',(0.,0.,1.));
#520 = ORIENTED_EDGE('',*,*,#521,.F.);
#521 = EDGE_CURVE('',#483,#514,#522,.T.);
#522 = LINE('',#523,#524);
#523 = CARTESIAN_POINT('',(66.,40.7,0.));
#524 = VECTOR('',#525,1.);
#525 = DIRECTION('',(-1.,0.,0.));
#526 = PLANE('',#527);
#527 = AXIS2_PLACEMENT_3D('',#528,#529,#530);
#528 = CARTESIAN_POINT('',(66.,40.7,0.));
#529 = DIRECTION('',(0.,-1.,0.));
#530 = DIRECTION('',(-1.,0.,0.));
#531 = ADVANCED_FACE('',(#532),#548,.F.);
#532 = FACE_BOUND('',#533,.F.);
#533 = EDGE_LOOP('',(#534,#535,#541,#542));
#534 = ORIENTED_EDGE('',*,*,#513,.T.);
#535 = ORIENTED_EDGE('',*,*,#536,.T.);
#536 = EDGE_CURVE('',#506,#436,#537,.T.);
#537 = LINE('',#538,#539);
#538 = CARTESIAN_POINT('',(0.,40.7,1.22));
#539 = VECTOR('',#540,1.);
#540 = DIRECTION('',(0.,-1.,0.));
#541 = ORIENTED_EDGE('',*,*,#433,.F.);
#542 = ORIENTED_EDGE('',*,*,#543,.F.);
#543 = EDGE_CURVE('',#514,#434,#544,.T.);
#544 = LINE('',#545,#546);
#545 = CARTESIAN_POINT('',(0.,40.7,0.));
#546 = VECTOR('',#547,1.);
#547 = DIRECTION('',(0.,-1.,0.));
#548 = PLANE('',#549);
#549 = AXIS2_PLACEMENT_3D('',#550,#551,#552);
#550 = CARTESIAN_POINT('',(0.,40.7,0.));
#551 = DIRECTION('',(1.,0.,-0.));
#552 = DIRECTION('',(0.,-1.,0.));
#553 = ADVANCED_FACE('',(#554),#581,.F.);
#554 = FACE_BOUND('',#555,.T.);
#555 = EDGE_LOOP('',(#556,#566,#573,#574));
#556 = ORIENTED_EDGE('',*,*,#557,.T.);
#557 = EDGE_CURVE('',#558,#560,#562,.T.);
#558 = VERTEX_POINT('',#559);
#559 = CARTESIAN_POINT('',(3.5,2.5,0.));
#560 = VERTEX_POINT('',#561);
#561 = CARTESIAN_POINT('',(3.5,2.5,1.22));
#562 = LINE('',#563,#564);
#563 = CARTESIAN_POINT('',(3.5,2.5,0.));
#564 = VECTOR('',#565,1.);
#565 = DIRECTION('',(0.,0.,1.));
#566 = ORIENTED_EDGE('',*,*,#567,.T.);
#567 = EDGE_CURVE('',#560,#560,#568,.T.);
#568 = CIRCLE('',#569,1.);
#569 = AXIS2_PLACEMENT_3D('',#570,#571,#572);
#570 = CARTESIAN_POINT('',(2.5,2.5,1.22));
#571 = DIRECTION('',(0.,0.,1.));
#572 = DIRECTION('',(1.,0.,0.));
#573 = ORIENTED_EDGE('',*,*,#557,.F.);
#574 = ORIENTED_EDGE('',*,*,#575,.F.);
#575 = EDGE_CURVE('',#558,#558,#576,.T.);
#576 = CIRCLE('',#577,1.);
#577 = AXIS2_PLACEMENT_3D('',#578,#579,#580);
#578 = CARTESIAN_POINT('',(2.5,2.5,0.));
#579 = DIRECTION('',(0.,0.,1.));
#580 = DIRECTION('',(1.,0.,0.));
#581 = CYLINDRICAL_SURFACE('',#582,1.);
#582 = AXIS2_PLACEMENT_3D('',#583,#584,#585);
#583 = CARTESIAN_POINT('',(2.5,2.5,0.));
#584 = DIRECTION('',(-0.,-0.,-1.));
#585 = DIRECTION('',(1.,0.,0.));
#586 = ADVANCED_FACE('',(#587),#614,.F.);
#587 = FACE_BOUND('',#588,.T.);
#588 = EDGE_LOOP('',(#589,#599,#606,#607));
#589 = ORIENTED_EDGE('',*,*,#590,.T.);
#590 = EDGE_CURVE('',#591,#593,#595,.T.);
#591 = VERTEX_POINT('',#592);
#592 = CARTESIAN_POINT('',(64.25,2.5,0.));
#593 = VERTEX_POINT('',#594);
#594 = CARTESIAN_POINT('',(64.25,2.5,1.22));
#595 = LINE('',#596,#597);
#596 = CARTESIAN_POINT('',(64.25,2.5,0.));
#597 = VECTOR('',#598,1.);
#598 = DIRECTION('',(0.,0.,1.));
#599 = ORIENTED_EDGE('',*,*,#600,.T.);
#600 = EDGE_CURVE('',#593,#593,#601,.T.);
#601 = CIRCLE('',#602,1.);
#602 = AXIS2_PLACEMENT_3D('',#603,#604,#605);
#603 = CARTESIAN_POINT('',(63.25,2.5,1.22));
#604 = DIRECTION('',(0.,0.,1.));
#605 = DIRECTION('',(1.,0.,0.));
#606 = ORIENTED_EDGE('',*,*,#590,.F.);
#607 = ORIENTED_EDGE('',*,*,#608,.F.);
#608 = EDGE_CURVE('',#591,#591,#609,.T.);
#609 = CIRCLE('',#610,1.);
#610 = AXIS2_PLACEMENT_3D('',#611,#612,#613);
#611 = CARTESIAN_POINT('',(63.25,2.5,0.));
#612 = DIRECTION('',(0.,0.,1.));
#613 = DIRECTION('',(1.,0.,0.));
#614 = CYLINDRICAL_SURFACE('',#615,1.);
#615 = AXIS2_PLACEMENT_3D('',#616,#617,#618);
#616 = CARTESIAN_POINT('',(63.25,2.5,0.));
#617 = DIRECTION('',(-0.,-0.,-1.));
#618 = DIRECTION('',(1.,0.,0.));
#619 = ADVANCED_FACE('',(#620),#647,.F.);
#620 = FACE_BOUND('',#621,.T.);
#621 = EDGE_LOOP('',(#622,#632,#639,#640));
#622 = ORIENTED_EDGE('',*,*,#623,.T.);
#623 = EDGE_CURVE('',#624,#626,#628,.T.);
#624 = VERTEX_POINT('',#625);
#625 = CARTESIAN_POINT('',(64.25,38.2,0.));
#626 = VERTEX_POINT('',#627);
#627 = CARTESIAN_POINT('',(64.25,38.2,1.22));
#628 = LINE('',#629,#630);
#629 = CARTESIAN_POINT('',(64.25,38.2,0.));
#630 = VECTOR('',#631,1.);
#631 = DIRECTION('',(0.,0.,1.));
#632 = ORIENTED_EDGE('',*,*,#633,.T.);
#633 = EDGE_CURVE('',#626,#626,#634,.T.);
#634 = CIRCLE('',#635,1.);
#635 = AXIS2_PLACEMENT_3D('',#636,#637,#638);
#636 = CARTESIAN_POINT('',(63.25,38.2,1.22));
#637 = DIRECTION('',(0.,0.,1.));
#638 = DIRECTION('',(1.,0.,0.));
#639 = ORIENTED_EDGE('',*,*,#623,.F.);
#640 = ORIENTED_EDGE('',*,*,#641,.F.);
#641 = EDGE_CURVE('',#624,#624,#642,.T.);
#642 = CIRCLE('',#643,1.);
#643 = AXIS2_PLACEMENT_3D('',#644,#645,#646);
#644 = CARTESIAN_POINT('',(63.25,38.2,0.));
#645 = DIRECTION('',(0.,0.,1.));
#646 = DIRECTION('',(1.,0.,0.));
#647 = CYLINDRICAL_SURFACE('',#648,1.);
#648 = AXIS2_PLACEMENT_3D('',#649,#650,#651);
#649 = CARTESIAN_POINT('',(63.25,38.2,0.));
#650 = DIRECTION('',(-0.,-0.,-1.));
#651 = DIRECTION('',(1.,0.,0.));
#652 = ADVANCED_FACE('',(#653),#680,.F.);
#653 = FACE_BOUND('',#654,.T.);
#654 = EDGE_LOOP('',(#655,#665,#672,#673));
#655 = ORIENTED_EDGE('',*,*,#656,.T.);
#656 = EDGE_CURVE('',#657,#659,#661,.T.);
#657 = VERTEX_POINT('',#658);
#658 = CARTESIAN_POINT('',(3.5,38.2,0.));
#659 = VERTEX_POINT('',#660);
#660 = CARTESIAN_POINT('',(3.5,38.2,1.22));
#661 = LINE('',#662,#663);
#662 = CARTESIAN_POINT('',(3.5,38.2,0.));
#663 = VECTOR('',#664,1.);
#664 = DIRECTION('',(0.,0.,1.));
#665 = ORIENTED_EDGE('',*,*,#666,.T.);
#666 = EDGE_CURVE('',#659,#659,#667,.T.);
#667 = CIRCLE('',#668,1.);
#668 = AXIS2_PLACEMENT_3D('',#669,#670,#671);
#669 = CARTESIAN_POINT('',(2.5,38.2,1.22));
#670 = DIRECTION('',(0.,0.,1.));
#671 = DIRECTION('',(1.,0.,0.));
#672 = ORIENTED_EDGE('',*,*,#656,.F.);
#673 = ORIENTED_EDGE('',*,*,#674,.F.);
#674 = EDGE_CURVE('',#657,#657,#675,.T.);
#675 = CIRCLE('',#676,1.);
#676 = AXIS2_PLACEMENT_3D('',#677,#678,#679);
#677 = CARTESIAN_POINT('',(2.5,38.2,0.));
#678 = DIRECTION('',(0.,0.,1.));
#679 = DIRECTION('',(1.,0.,0.));
#680 = CYLINDRICAL_SURFACE('',#681,1.);
#681 = AXIS2_PLACEMENT_3D('',#682,#683,#684);
#682 = CARTESIAN_POINT('',(2.5,38.2,0.));
#683 = DIRECTION('',(-0.,-0.,-1.));
#684 = DIRECTION('',(1.,0.,0.));
#685 = ADVANCED_FACE('',(#686,#692,#695,#698,#701),#704,.F.);
#686 = FACE_BOUND('',#687,.F.);
#687 = EDGE_LOOP('',(#688,#689,#690,#691));
#688 = ORIENTED_EDGE('',*,*,#459,.T.);
#689 = ORIENTED_EDGE('',*,*,#490,.T.);
#690 = ORIENTED_EDGE('',*,*,#521,.T.);
#691 = ORIENTED_EDGE('',*,*,#543,.T.);
#692 = FACE_BOUND('',#693,.T.);
#693 = EDGE_LOOP('',(#694));
#694 = ORIENTED_EDGE('',*,*,#575,.T.);
#695 = FACE_BOUND('',#696,.T.);
#696 = EDGE_LOOP('',(#697));
#697 = ORIENTED_EDGE('',*,*,#608,.T.);
#698 = FACE_BOUND('',#699,.T.);
#699 = EDGE_LOOP('',(#700));
#700 = ORIENTED_EDGE('',*,*,#641,.T.);
#701 = FACE_BOUND('',#702,.T.);
#702 = EDGE_LOOP('',(#703));
#703 = ORIENTED_EDGE('',*,*,#674,.T.);
#704 = PLANE('',#705);
#705 = AXIS2_PLACEMENT_3D('',#706,#707,#708);
#706 = CARTESIAN_POINT('',(32.988905862709,20.35,0.));
#707 = DIRECTION('',(0.,0.,1.));
#708 = DIRECTION('',(1.,0.,-0.));
#709 = ADVANCED_FACE('',(#710,#716,#719,#722,#725),#728,.T.);
#710 = FACE_BOUND('',#711,.T.);
#711 = EDGE_LOOP('',(#712,#713,#714,#715));
#712 = ORIENTED_EDGE('',*,*,#443,.T.);
#713 = ORIENTED_EDGE('',*,*,#474,.T.);
#714 = ORIENTED_EDGE('',*,*,#505,.T.);
#715 = ORIENTED_EDGE('',*,*,#536,.T.);
#716 = FACE_BOUND('',#717,.F.);
#717 = EDGE_LOOP('',(#718));
#718 = ORIENTED_EDGE('',*,*,#567,.T.);
#719 = FACE_BOUND('',#720,.F.);
#720 = EDGE_LOOP('',(#721));
#721 = ORIENTED_EDGE('',*,*,#600,.T.);
#722 = FACE_BOUND('',#723,.F.);
#723 = EDGE_LOOP('',(#724));
#724 = ORIENTED_EDGE('',*,*,#633,.T.);
#725 = FACE_BOUND('',#726,.F.);
#726 = EDGE_LOOP('',(#727));
#727 = ORIENTED_EDGE('',*,*,#666,.T.);
#728 = PLANE('',#729);
#729 = AXIS2_PLACEMENT_3D('',#730,#731,#732);
#730 = CARTESIAN_POINT('',(32.988905862709,20.35,1.22));
#731 = DIRECTION('',(0.,0.,1.));
#732 = DIRECTION('',(1.,0.,0.));
#733 = ( GEOMETRIC_REPRESENTATION_CONTEXT(3) 
GLOBAL_UNCERTAINTY_ASSIGNED_CONTEXT((#737)) GLOBAL_UNIT_ASSIGNED_CONTEXT
((#734,#735,#736)) REPRESENTATION_CONTEXT('Context #1',
  '3D Context with UNIT and UNCERTAINTY') );
#734 = ( LENGTH_UNIT() NAMED_UNIT(*) SI_UNIT(.MILLI.,.METRE.) );
#735 = ( NAMED_UNIT(*) PLANE_ANGLE_UNIT() SI_UNIT($,.RADIAN.) );
#736 = ( NAMED_UNIT(*) SI_UNIT($,.STERADIAN.) SOLID_ANGLE_UNIT() );
#737 = UNCERTAINTY_MEASURE_WITH_UNIT(LENGTH_MEASURE(1.E-07),#734,
  'distance_accuracy_value','confusion accuracy');
#738 = CONTEXT_DEPENDENT_SHAPE_REPRESENTATION(#739,#741);
#739 = ( REPRESENTATION_RELATIONSHIP('','',#426,#10) 
REPRESENTATION_RELATIONSHIP_WITH_TRANSFORMATION(#740) 
SHAPE_REPRESENTATION_RELATIONSHIP() );
#740 = ITEM_DEFINED_TRANSFORMATION('','',#11,#23);
#741 = PRODUCT_DEFINITION_SHAPE('Placement','Placement of an item',#742
  );
#742 = NEXT_ASSEMBLY_USAGE_OCCURRENCE('3','board_raw','',#5,#421,$);
#743 = PRODUCT_RELATED_PRODUCT_CATEGORY('part',$,(#423));
#744 = SHAPE_DEFINITION_REPRESENTATION(#745,#751);
#745 = PRODUCT_DEFINITION_SHAPE('','',#746);
#746 = PRODUCT_DEFINITION('design','',#747,#750);
#747 = PRODUCT_DEFINITION_FORMATION('','',#748);
#748 = PRODUCT('Button Pins','Button Pins','',(#749));
#749 = PRODUCT_CONTEXT('',#2,'mechanical');
#750 = PRODUCT_DEFINITION_CONTEXT('part definition',#2,'design');
#751 = SHAPE_REPRESENTATION('',(#11,#752,#902,#1052),#1202);
#752 = MANIFOLD_SOLID_BREP('',#753);
#753 = CLOSED_SHELL('',(#754,#794,#825,#856,#878,#890));
#754 = ADVANCED_FACE('',(#755),#789,.T.);
#755 = FACE_BOUND('',#756,.T.);
#756 = EDGE_LOOP('',(#757,#767,#775,#783));
#757 = ORIENTED_EDGE('',*,*,#758,.T.);
#758 = EDGE_CURVE('',#759,#761,#763,.T.);
#759 = VERTEX_POINT('',#760);
#760 = CARTESIAN_POINT('',(63.07499999999,8.83,1.22));
#761 = VERTEX_POINT('',#762);
#762 = CARTESIAN_POINT('',(63.07499999999,8.83,3.72));
#763 = LINE('',#764,#765);
#764 = CARTESIAN_POINT('',(63.07499999999,8.83,1.22));
#765 = VECTOR('',#766,1.);
#766 = DIRECTION('',(0.,0.,1.));
#767 = ORIENTED_EDGE('',*,*,#768,.T.);
#768 = EDGE_CURVE('',#761,#769,#771,.T.);
#769 = VERTEX_POINT('',#770);
#770 = CARTESIAN_POINT('',(63.07499999999,11.37,3.72));
#771 = LINE('',#772,#773);
#772 = CARTESIAN_POINT('',(63.07499999999,8.83,3.72));
#773 = VECTOR('',#774,1.);
#774 = DIRECTION('',(0.,1.,0.));
#775 = ORIENTED_EDGE('',*,*,#776,.F.);
#776 = EDGE_CURVE('',#777,#769,#779,.T.);
#777 = VERTEX_POINT('',#778);
#778 = CARTESIAN_POINT('',(63.07499999999,11.37,1.22));
#779 = LINE('',#780,#781);
#780 = CARTESIAN_POINT('',(63.07499999999,11.37,1.22));
#781 = VECTOR('',#782,1.);
#782 = DIRECTION('',(0.,0.,1.));
#783 = ORIENTED_EDGE('',*,*,#784,.F.);
#784 = EDGE_CURVE('',#759,#777,#785,.T.);
#785 = LINE('',#786,#787);
#786 = CARTESIAN_POINT('',(63.07499999999,8.83,1.22));
#787 = VECTOR('',#788,1.);
#788 = DIRECTION('',(0.,1.,0.));
#789 = PLANE('',#790);
#790 = AXIS2_PLACEMENT_3D('',#791,#792,#793);
#791 = CARTESIAN_POINT('',(63.07499999999,8.83,1.22));
#792 = DIRECTION('',(-1.,0.,0.));
#793 = DIRECTION('',(0.,1.,0.));
#794 = ADVANCED_FACE('',(#795),#820,.T.);
#795 = FACE_BOUND('',#796,.T.);
#796 = EDGE_LOOP('',(#797,#798,#806,#814));
#797 = ORIENTED_EDGE('',*,*,#776,.T.);
#798 = ORIENTED_EDGE('',*,*,#799,.T.);
#799 = EDGE_CURVE('',#769,#800,#802,.T.);
#800 = VERTEX_POINT('',#801);
#801 = CARTESIAN_POINT('',(64.42500000001,11.37,3.72));
#802 = LINE('',#803,#804);
#803 = CARTESIAN_POINT('',(63.07499999999,11.37,3.72));
#804 = VECTOR('',#805,1.);
#805 = DIRECTION('',(1.,0.,0.));
#806 = ORIENTED_EDGE('',*,*,#807,.F.);
#807 = EDGE_CURVE('',#808,#800,#810,.T.);
#808 = VERTEX_POINT('',#809);
#809 = CARTESIAN_POINT('',(64.42500000001,11.37,1.22));
#810 = LINE('',#811,#812);
#811 = CARTESIAN_POINT('',(64.42500000001,11.37,1.22));
#812 = VECTOR('',#813,1.);
#813 = DIRECTION('',(0.,0.,1.));
#814 = ORIENTED_EDGE('',*,*,#815,.F.);
#815 = EDGE_CURVE('',#777,#808,#816,.T.);
#816 = LINE('',#817,#818);
#817 = CARTESIAN_POINT('',(63.07499999999,11.37,1.22));
#818 = VECTOR('',#819,1.);
#819 = DIRECTION('',(1.,0.,0.));
#820 = PLANE('',#821);
#821 = AXIS2_PLACEMENT_3D('',#822,#823,#824);
#822 = CARTESIAN_POINT('',(63.07499999999,11.37,1.22));
#823 = DIRECTION('',(0.,1.,0.));
#824 = DIRECTION('',(1.,0.,0.));
#825 = ADVANCED_FACE('',(#826),#851,.T.);
#826 = FACE_BOUND('',#827,.T.);
#827 = EDGE_LOOP('',(#828,#829,#837,#845));
#828 = ORIENTED_EDGE('',*,*,#807,.T.);
#829 = ORIENTED_EDGE('',*,*,#830,.T.);
#830 = EDGE_CURVE('',#800,#831,#833,.T.);
#831 = VERTEX_POINT('',#832);
#832 = CARTESIAN_POINT('',(64.42500000001,8.83,3.72));
#833 = LINE('',#834,#835);
#834 = CARTESIAN_POINT('',(64.42500000001,11.37,3.72));
#835 = VECTOR('',#836,1.);
#836 = DIRECTION('',(0.,-1.,0.));
#837 = ORIENTED_EDGE('',*,*,#838,.F.);
#838 = EDGE_CURVE('',#839,#831,#841,.T.);
#839 = VERTEX_POINT('',#840);
#840 = CARTESIAN_POINT('',(64.42500000001,8.83,1.22));
#841 = LINE('',#842,#843);
#842 = CARTESIAN_POINT('',(64.42500000001,8.83,1.22));
#843 = VECTOR('',#844,1.);
#844 = DIRECTION('',(0.,0.,1.));
#845 = ORIENTED_EDGE('',*,*,#846,.F.);
#846 = EDGE_CURVE('',#808,#839,#847,.T.);
#847 = LINE('',#848,#849);
#848 = CARTESIAN_POINT('',(64.42500000001,11.37,1.22));
#849 = VECTOR('',#850,1.);
#850 = DIRECTION('',(0.,-1.,0.));
#851 = PLANE('',#852);
#852 = AXIS2_PLACEMENT_3D('',#853,#854,#855);
#853 = CARTESIAN_POINT('',(64.42500000001,11.37,1.22));
#854 = DIRECTION('',(1.,0.,-0.));
#855 = DIRECTION('',(0.,-1.,0.));
#856 = ADVANCED_FACE('',(#857),#873,.T.);
#857 = FACE_BOUND('',#858,.T.);
#858 = EDGE_LOOP('',(#859,#860,#866,#867));
#859 = ORIENTED_EDGE('',*,*,#838,.T.);
#860 = ORIENTED_EDGE('',*,*,#861,.T.);
#861 = EDGE_CURVE('',#831,#761,#862,.T.);
#862 = LINE('',#863,#864);
#863 = CARTESIAN_POINT('',(64.42500000001,8.83,3.72));
#864 = VECTOR('',#865,1.);
#865 = DIRECTION('',(-1.,0.,0.));
#866 = ORIENTED_EDGE('',*,*,#758,.F.);
#867 = ORIENTED_EDGE('',*,*,#868,.F.);
#868 = EDGE_CURVE('',#839,#759,#869,.T.);
#869 = LINE('',#870,#871);
#870 = CARTESIAN_POINT('',(64.42500000001,8.83,1.22));
#871 = VECTOR('',#872,1.);
#872 = DIRECTION('',(-1.,0.,0.));
#873 = PLANE('',#874);
#874 = AXIS2_PLACEMENT_3D('',#875,#876,#877);
#875 = CARTESIAN_POINT('',(64.42500000001,8.83,1.22));
#876 = DIRECTION('',(0.,-1.,0.));
#877 = DIRECTION('',(-1.,0.,0.));
#878 = ADVANCED_FACE('',(#879),#885,.F.);
#879 = FACE_BOUND('',#880,.T.);
#880 = EDGE_LOOP('',(#881,#882,#883,#884));
#881 = ORIENTED_EDGE('',*,*,#784,.T.);
#882 = ORIENTED_EDGE('',*,*,#815,.T.);
#883 = ORIENTED_EDGE('',*,*,#846,.T.);
#884 = ORIENTED_EDGE('',*,*,#868,.T.);
#885 = PLANE('',#886);
#886 = AXIS2_PLACEMENT_3D('',#887,#888,#889);
#887 = CARTESIAN_POINT('',(63.75,20.766666666648,1.22));
#888 = DIRECTION('',(0.,0.,1.));
#889 = DIRECTION('',(1.,0.,-0.));
#890 = ADVANCED_FACE('',(#891),#897,.T.);
#891 = FACE_BOUND('',#892,.F.);
#892 = EDGE_LOOP('',(#893,#894,#895,#896));
#893 = ORIENTED_EDGE('',*,*,#768,.T.);
#894 = ORIENTED_EDGE('',*,*,#799,.T.);
#895 = ORIENTED_EDGE('',*,*,#830,.T.);
#896 = ORIENTED_EDGE('',*,*,#861,.T.);
#897 = PLANE('',#898);
#898 = AXIS2_PLACEMENT_3D('',#899,#900,#901);
#899 = CARTESIAN_POINT('',(63.75,20.766666666648,3.72));
#900 = DIRECTION('',(0.,0.,1.));
#901 = DIRECTION('',(1.,0.,0.));
#902 = MANIFOLD_SOLID_BREP('',#903);
#903 = CLOSED_SHELL('',(#904,#944,#975,#1006,#1028,#1040));
#904 = ADVANCED_FACE('',(#905),#939,.F.);
#905 = FACE_BOUND('',#906,.F.);
#906 = EDGE_LOOP('',(#907,#917,#925,#933));
#907 = ORIENTED_EDGE('',*,*,#908,.T.);
#908 = EDGE_CURVE('',#909,#911,#913,.T.);
#909 = VERTEX_POINT('',#910);
#910 = CARTESIAN_POINT('',(63.074999999995,22.12,1.22));
#911 = VERTEX_POINT('',#912);
#912 = CARTESIAN_POINT('',(63.074999999995,22.12,3.72));
#913 = LINE('',#914,#915);
#914 = CARTESIAN_POINT('',(63.074999999995,22.12,1.22));
#915 = VECTOR('',#916,1.);
#916 = DIRECTION('',(0.,0.,1.));
#917 = ORIENTED_EDGE('',*,*,#918,.T.);
#918 = EDGE_CURVE('',#911,#919,#921,.T.);
#919 = VERTEX_POINT('',#920);
#920 = CARTESIAN_POINT('',(63.074999999995,19.58,3.72));
#921 = LINE('',#922,#923);
#922 = CARTESIAN_POINT('',(63.074999999995,22.12,3.72));
#923 = VECTOR('',#924,1.);
#924 = DIRECTION('',(0.,-1.,0.));
#925 = ORIENTED_EDGE('',*,*,#926,.F.);
#926 = EDGE_CURVE('',#927,#919,#929,.T.);
#927 = VERTEX_POINT('',#928);
#928 = CARTESIAN_POINT('',(63.074999999995,19.58,1.22));
#929 = LINE('',#930,#931);
#930 = CARTESIAN_POINT('',(63.074999999995,19.58,1.22));
#931 = VECTOR('',#932,1.);
#932 = DIRECTION('',(0.,0.,1.));
#933 = ORIENTED_EDGE('',*,*,#934,.F.);
#934 = EDGE_CURVE('',#909,#927,#935,.T.);
#935 = LINE('',#936,#937);
#936 = CARTESIAN_POINT('',(63.074999999995,22.12,1.22));
#937 = VECTOR('',#938,1.);
#938 = DIRECTION('',(0.,-1.,0.));
#939 = PLANE('',#940);
#940 = AXIS2_PLACEMENT_3D('',#941,#942,#943);
#941 = CARTESIAN_POINT('',(63.074999999995,22.12,1.22));
#942 = DIRECTION('',(1.,0.,-0.));
#943 = DIRECTION('',(0.,-1.,0.));
#944 = ADVANCED_FACE('',(#945),#970,.F.);
#945 = FACE_BOUND('',#946,.F.);
#946 = EDGE_LOOP('',(#947,#948,#956,#964));
#947 = ORIENTED_EDGE('',*,*,#926,.T.);
#948 = ORIENTED_EDGE('',*,*,#949,.T.);
#949 = EDGE_CURVE('',#919,#950,#952,.T.);
#950 = VERTEX_POINT('',#951);
#951 = CARTESIAN_POINT('',(64.425000000005,19.58,3.72));
#952 = LINE('',#953,#954);
#953 = CARTESIAN_POINT('',(63.074999999995,19.58,3.72));
#954 = VECTOR('',#955,1.);
#955 = DIRECTION('',(1.,0.,0.));
#956 = ORIENTED_EDGE('',*,*,#957,.F.);
#957 = EDGE_CURVE('',#958,#950,#960,.T.);
#958 = VERTEX_POINT('',#959);
#959 = CARTESIAN_POINT('',(64.425000000005,19.58,1.22));
#960 = LINE('',#961,#962);
#961 = CARTESIAN_POINT('',(64.425000000005,19.58,1.22));
#962 = VECTOR('',#963,1.);
#963 = DIRECTION('',(0.,0.,1.));
#964 = ORIENTED_EDGE('',*,*,#965,.F.);
#965 = EDGE_CURVE('',#927,#958,#966,.T.);
#966 = LINE('',#967,#968);
#967 = CARTESIAN_POINT('',(63.074999999995,19.58,1.22));
#968 = VECTOR('',#969,1.);
#969 = DIRECTION('',(1.,0.,0.));
#970 = PLANE('',#971);
#971 = AXIS2_PLACEMENT_3D('',#972,#973,#974);
#972 = CARTESIAN_POINT('',(63.074999999995,19.58,1.22));
#973 = DIRECTION('',(0.,1.,0.));
#974 = DIRECTION('',(1.,0.,0.));
#975 = ADVANCED_FACE('',(#976),#1001,.F.);
#976 = FACE_BOUND('',#977,.F.);
#977 = EDGE_LOOP('',(#978,#979,#987,#995));
#978 = ORIENTED_EDGE('',*,*,#957,.T.);
#979 = ORIENTED_EDGE('',*,*,#980,.T.);
#980 = EDGE_CURVE('',#950,#981,#983,.T.);
#981 = VERTEX_POINT('',#982);
#982 = CARTESIAN_POINT('',(64.425000000005,22.12,3.72));
#983 = LINE('',#984,#985);
#984 = CARTESIAN_POINT('',(64.425000000005,19.58,3.72));
#985 = VECTOR('',#986,1.);
#986 = DIRECTION('',(0.,1.,0.));
#987 = ORIENTED_EDGE('',*,*,#988,.F.);
#988 = EDGE_CURVE('',#989,#981,#991,.T.);
#989 = VERTEX_POINT('',#990);
#990 = CARTESIAN_POINT('',(64.425000000005,22.12,1.22));
#991 = LINE('',#992,#993);
#992 = CARTESIAN_POINT('',(64.425000000005,22.12,1.22));
#993 = VECTOR('',#994,1.);
#994 = DIRECTION('',(0.,0.,1.));
#995 = ORIENTED_EDGE('',*,*,#996,.F.);
#996 = EDGE_CURVE('',#958,#989,#997,.T.);
#997 = LINE('',#998,#999);
#998 = CARTESIAN_POINT('',(64.425000000005,19.58,1.22));
#999 = VECTOR('',#1000,1.);
#1000 = DIRECTION('',(0.,1.,0.));
#1001 = PLANE('',#1002);
#1002 = AXIS2_PLACEMENT_3D('',#1003,#1004,#1005);
#1003 = CARTESIAN_POINT('',(64.425000000005,19.58,1.22));
#1004 = DIRECTION('',(-1.,0.,0.));
#1005 = DIRECTION('',(0.,1.,0.));
#1006 = ADVANCED_FACE('',(#1007),#1023,.F.);
#1007 = FACE_BOUND('',#1008,.F.);
#1008 = EDGE_LOOP('',(#1009,#1010,#1016,#1017));
#1009 = ORIENTED_EDGE('',*,*,#988,.T.);
#1010 = ORIENTED_EDGE('',*,*,#1011,.T.);
#1011 = EDGE_CURVE('',#981,#911,#1012,.T.);
#1012 = LINE('',#1013,#1014);
#1013 = CARTESIAN_POINT('',(64.425000000005,22.12,3.72));
#1014 = VECTOR('',#1015,1.);
#1015 = DIRECTION('',(-1.,0.,0.));
#1016 = ORIENTED_EDGE('',*,*,#908,.F.);
#1017 = ORIENTED_EDGE('',*,*,#1018,.F.);
#1018 = EDGE_CURVE('',#989,#909,#1019,.T.);
#1019 = LINE('',#1020,#1021);
#1020 = CARTESIAN_POINT('',(64.425000000005,22.12,1.22));
#1021 = VECTOR('',#1022,1.);
#1022 = DIRECTION('',(-1.,0.,0.));
#1023 = PLANE('',#1024);
#1024 = AXIS2_PLACEMENT_3D('',#1025,#1026,#1027);
#1025 = CARTESIAN_POINT('',(64.425000000005,22.12,1.22));
#1026 = DIRECTION('',(0.,-1.,0.));
#1027 = DIRECTION('',(-1.,0.,0.));
#1028 = ADVANCED_FACE('',(#1029),#1035,.F.);
#1029 = FACE_BOUND('',#1030,.F.);
#1030 = EDGE_LOOP('',(#1031,#1032,#1033,#1034));
#1031 = ORIENTED_EDGE('',*,*,#934,.T.);
#1032 = ORIENTED_EDGE('',*,*,#965,.T.);
#1033 = ORIENTED_EDGE('',*,*,#996,.T.);
#1034 = ORIENTED_EDGE('',*,*,#1018,.T.);
#1035 = PLANE('',#1036);
#1036 = AXIS2_PLACEMENT_3D('',#1037,#1038,#1039);
#1037 = CARTESIAN_POINT('',(63.75,20.766666666648,1.22));
#1038 = DIRECTION('',(0.,0.,1.));
#1039 = DIRECTION('',(1.,0.,-0.));
#1040 = ADVANCED_FACE('',(#1041),#1047,.T.);
#1041 = FACE_BOUND('',#1042,.T.);
#1042 = EDGE_LOOP('',(#1043,#1044,#1045,#1046));
#1043 = ORIENTED_EDGE('',*,*,#918,.T.);
#1044 = ORIENTED_EDGE('',*,*,#949,.T.);
#1045 = ORIENTED_EDGE('',*,*,#980,.T.);
#1046 = ORIENTED_EDGE('',*,*,#1011,.T.);
#1047 = PLANE('',#1048);
#1048 = AXIS2_PLACEMENT_3D('',#1049,#1050,#1051);
#1049 = CARTESIAN_POINT('',(63.75,20.766666666648,3.72));
#1050 = DIRECTION('',(0.,0.,1.));
#1051 = DIRECTION('',(1.,0.,0.));
#1052 = MANIFOLD_SOLID_BREP('',#1053);
#1053 = CLOSED_SHELL('',(#1054,#1094,#1125,#1156,#1178,#1190));
#1054 = ADVANCED_FACE('',(#1055),#1089,.F.);
#1055 = FACE_BOUND('',#1056,.F.);
#1056 = EDGE_LOOP('',(#1057,#1067,#1075,#1083));
#1057 = ORIENTED_EDGE('',*,*,#1058,.T.);
#1058 = EDGE_CURVE('',#1059,#1061,#1063,.T.);
#1059 = VERTEX_POINT('',#1060);
#1060 = CARTESIAN_POINT('',(63.075,32.62,1.22));
#1061 = VERTEX_POINT('',#1062);
#1062 = CARTESIAN_POINT('',(63.075,32.62,3.72));
#1063 = LINE('',#1064,#1065);
#1064 = CARTESIAN_POINT('',(63.075,32.62,1.22));
#1065 = VECTOR('',#1066,1.);
#1066 = DIRECTION('',(0.,0.,1.));
#1067 = ORIENTED_EDGE('',*,*,#1068,.T.);
#1068 = EDGE_CURVE('',#1061,#1069,#1071,.T.);
#1069 = VERTEX_POINT('',#1070);
#1070 = CARTESIAN_POINT('',(63.075,30.08,3.72));
#1071 = LINE('',#1072,#1073);
#1072 = CARTESIAN_POINT('',(63.075,32.62,3.72));
#1073 = VECTOR('',#1074,1.);
#1074 = DIRECTION('',(0.,-1.,0.));
#1075 = ORIENTED_EDGE('',*,*,#1076,.F.);
#1076 = EDGE_CURVE('',#1077,#1069,#1079,.T.);
#1077 = VERTEX_POINT('',#1078);
#1078 = CARTESIAN_POINT('',(63.075,30.08,1.22));
#1079 = LINE('',#1080,#1081);
#1080 = CARTESIAN_POINT('',(63.075,30.08,1.22));
#1081 = VECTOR('',#1082,1.);
#1082 = DIRECTION('',(0.,0.,1.));
#1083 = ORIENTED_EDGE('',*,*,#1084,.F.);
#1084 = EDGE_CURVE('',#1059,#1077,#1085,.T.);
#1085 = LINE('',#1086,#1087);
#1086 = CARTESIAN_POINT('',(63.075,32.62,1.22));
#1087 = VECTOR('',#1088,1.);
#1088 = DIRECTION('',(0.,-1.,0.));
#1089 = PLANE('',#1090);
#1090 = AXIS2_PLACEMENT_3D('',#1091,#1092,#1093);
#1091 = CARTESIAN_POINT('',(63.075,32.62,1.22));
#1092 = DIRECTION('',(1.,0.,-0.));
#1093 = DIRECTION('',(0.,-1.,0.));
#1094 = ADVANCED_FACE('',(#1095),#1120,.F.);
#1095 = FACE_BOUND('',#1096,.F.);
#1096 = EDGE_LOOP('',(#1097,#1098,#1106,#1114));
#1097 = ORIENTED_EDGE('',*,*,#1076,.T.);
#1098 = ORIENTED_EDGE('',*,*,#1099,.T.);
#1099 = EDGE_CURVE('',#1069,#1100,#1102,.T.);
#1100 = VERTEX_POINT('',#1101);
#1101 = CARTESIAN_POINT('',(64.425,30.08,3.72));
#1102 = LINE('',#1103,#1104);
#1103 = CARTESIAN_POINT('',(63.075,30.08,3.72));
#1104 = VECTOR('',#1105,1.);
#1105 = DIRECTION('',(1.,0.,0.));
#1106 = ORIENTED_EDGE('',*,*,#1107,.F.);
#1107 = EDGE_CURVE('',#1108,#1100,#1110,.T.);
#1108 = VERTEX_POINT('',#1109);
#1109 = CARTESIAN_POINT('',(64.425,30.08,1.22));
#1110 = LINE('',#1111,#1112);
#1111 = CARTESIAN_POINT('',(64.425,30.08,1.22));
#1112 = VECTOR('',#1113,1.);
#1113 = DIRECTION('',(0.,0.,1.));
#1114 = ORIENTED_EDGE('',*,*,#1115,.F.);
#1115 = EDGE_CURVE('',#1077,#1108,#1116,.T.);
#1116 = LINE('',#1117,#1118);
#1117 = CARTESIAN_POINT('',(63.075,30.08,1.22));
#1118 = VECTOR('',#1119,1.);
#1119 = DIRECTION('',(1.,0.,0.));
#1120 = PLANE('',#1121);
#1121 = AXIS2_PLACEMENT_3D('',#1122,#1123,#1124);
#1122 = CARTESIAN_POINT('',(63.075,30.08,1.22));
#1123 = DIRECTION('',(0.,1.,0.));
#1124 = DIRECTION('',(1.,0.,0.));
#1125 = ADVANCED_FACE('',(#1126),#1151,.F.);
#1126 = FACE_BOUND('',#1127,.F.);
#1127 = EDGE_LOOP('',(#1128,#1129,#1137,#1145));
#1128 = ORIENTED_EDGE('',*,*,#1107,.T.);
#1129 = ORIENTED_EDGE('',*,*,#1130,.T.);
#1130 = EDGE_CURVE('',#1100,#1131,#1133,.T.);
#1131 = VERTEX_POINT('',#1132);
#1132 = CARTESIAN_POINT('',(64.425,32.62,3.72));
#1133 = LINE('',#1134,#1135);
#1134 = CARTESIAN_POINT('',(64.425,30.08,3.72));
#1135 = VECTOR('',#1136,1.);
#1136 = DIRECTION('',(0.,1.,0.));
#1137 = ORIENTED_EDGE('',*,*,#1138,.F.);
#1138 = EDGE_CURVE('',#1139,#1131,#1141,.T.);
#1139 = VERTEX_POINT('',#1140);
#1140 = CARTESIAN_POINT('',(64.425,32.62,1.22));
#1141 = LINE('',#1142,#1143);
#1142 = CARTESIAN_POINT('',(64.425,32.62,1.22));
#1143 = VECTOR('',#1144,1.);
#1144 = DIRECTION('',(0.,0.,1.));
#1145 = ORIENTED_EDGE('',*,*,#1146,.F.);
#1146 = EDGE_CURVE('',#1108,#1139,#1147,.T.);
#1147 = LINE('',#1148,#1149);
#1148 = CARTESIAN_POINT('',(64.425,30.08,1.22));
#1149 = VECTOR('',#1150,1.);
#1150 = DIRECTION('',(0.,1.,0.));
#1151 = PLANE('',#1152);
#1152 = AXIS2_PLACEMENT_3D('',#1153,#1154,#1155);
#1153 = CARTESIAN_POINT('',(64.425,30.08,1.22));
#1154 = DIRECTION('',(-1.,0.,0.));
#1155 = DIRECTION('',(0.,1.,0.));
#1156 = ADVANCED_FACE('',(#1157),#1173,.F.);
#1157 = FACE_BOUND('',#1158,.F.);
#1158 = EDGE_LOOP('',(#1159,#1160,#1166,#1167));
#1159 = ORIENTED_EDGE('',*,*,#1138,.T.);
#1160 = ORIENTED_EDGE('',*,*,#1161,.T.);
#1161 = EDGE_CURVE('',#1131,#1061,#1162,.T.);
#1162 = LINE('',#1163,#1164);
#1163 = CARTESIAN_POINT('',(64.425,32.62,3.72));
#1164 = VECTOR('',#1165,1.);
#1165 = DIRECTION('',(-1.,0.,0.));
#1166 = ORIENTED_EDGE('',*,*,#1058,.F.);
#1167 = ORIENTED_EDGE('',*,*,#1168,.F.);
#1168 = EDGE_CURVE('',#1139,#1059,#1169,.T.);
#1169 = LINE('',#1170,#1171);
#1170 = CARTESIAN_POINT('',(64.425,32.62,1.22));
#1171 = VECTOR('',#1172,1.);
#1172 = DIRECTION('',(-1.,0.,0.));
#1173 = PLANE('',#1174);
#1174 = AXIS2_PLACEMENT_3D('',#1175,#1176,#1177);
#1175 = CARTESIAN_POINT('',(64.425,32.62,1.22));
#1176 = DIRECTION('',(0.,-1.,0.));
#1177 = DIRECTION('',(-1.,0.,0.));
#1178 = ADVANCED_FACE('',(#1179),#1185,.F.);
#1179 = FACE_BOUND('',#1180,.F.);
#1180 = EDGE_LOOP('',(#1181,#1182,#1183,#1184));
#1181 = ORIENTED_EDGE('',*,*,#1084,.T.);
#1182 = ORIENTED_EDGE('',*,*,#1115,.T.);
#1183 = ORIENTED_EDGE('',*,*,#1146,.T.);
#1184 = ORIENTED_EDGE('',*,*,#1168,.T.);
#1185 = PLANE('',#1186);
#1186 = AXIS2_PLACEMENT_3D('',#1187,#1188,#1189);
#1187 = CARTESIAN_POINT('',(63.75,20.766666666648,1.22));
#1188 = DIRECTION('',(0.,0.,1.));
#1189 = DIRECTION('',(1.,0.,-0.));
#1190 = ADVANCED_FACE('',(#1191),#1197,.T.);
#1191 = FACE_BOUND('',#1192,.T.);
#1192 = EDGE_LOOP('',(#1193,#1194,#1195,#1196));
#1193 = ORIENTED_EDGE('',*,*,#1068,.T.);
#1194 = ORIENTED_EDGE('',*,*,#1099,.T.);
#1195 = ORIENTED_EDGE('',*,*,#1130,.T.);
#1196 = ORIENTED_EDGE('',*,*,#1161,.T.);
#1197 = PLANE('',#1198);
#1198 = AXIS2_PLACEMENT_3D('',#1199,#1200,#1201);
#1199 = CARTESIAN_POINT('',(63.75,20.766666666648,3.72));
#1200 = DIRECTION('',(0.,0.,1.));
#1201 = DIRECTION('',(1.,0.,0.));
#1202 = ( GEOMETRIC_REPRESENTATION_CONTEXT(3) 
GLOBAL_UNCERTAINTY_ASSIGNED_CONTEXT((#1206)) 
GLOBAL_UNIT_ASSIGNED_CONTEXT((#1203,#1204,#1205)) REPRESENTATION_CONTEXT
('Context #1','3D Context with UNIT and UNCERTAINTY') );
#1203 = ( LENGTH_UNIT() NAMED_UNIT(*) SI_UNIT(.MILLI.,.METRE.) );
#1204 = ( NAMED_UNIT(*) PLANE_ANGLE_UNIT() SI_UNIT($,.RADIAN.) );
#1205 = ( NAMED_UNIT(*) SI_UNIT($,.STERADIAN.) SOLID_ANGLE_UNIT() );
#1206 = UNCERTAINTY_MEASURE_WITH_UNIT(LENGTH_MEASURE(1.E-07),#1203,
  'distance_accuracy_value','confusion accuracy');
#1207 = CONTEXT_DEPENDENT_SHAPE_REPRESENTATION(#1208,#1210);
#1208 = ( REPRESENTATION_RELATIONSHIP('','',#751,#10) 
REPRESENTATION_RELATIONSHIP_WITH_TRANSFORMATION(#1209) 
SHAPE_REPRESENTATION_RELATIONSHIP() );
#1209 = ITEM_DEFINED_TRANSFORMATION('','',#11,#27);
#1210 = PRODUCT_DEFINITION_SHAPE('Placement','Placement of an item',
  #1211);
#1211 = NEXT_ASSEMBLY_USAGE_OCCURRENCE('4','Button Pins','',#5,#746,$);
#1212 = PRODUCT_RELATED_PRODUCT_CATEGORY('part',$,(#748));
#1213 = SHAPE_DEFINITION_REPRESENTATION(#1214,#1220);
#1214 = PRODUCT_DEFINITION_SHAPE('','',#1215);
#1215 = PRODUCT_DEFINITION('design','',#1216,#1219);
#1216 = PRODUCT_DEFINITION_FORMATION('','',#1217);
#1217 = PRODUCT('USB Con','USB Con','',(#1218));
#1218 = PRODUCT_CONTEXT('',#2,'mechanical');
#1219 = PRODUCT_DEFINITION_CONTEXT('part definition',#2,'design');
#1220 = ADVANCED_BREP_SHAPE_REPRESENTATION('',(#11,#1221),#1371);
#1221 = MANIFOLD_SOLID_BREP('',#1222);
#1222 = CLOSED_SHELL('',(#1223,#1263,#1294,#1325,#1347,#1359));
#1223 = ADVANCED_FACE('',(#1224),#1258,.T.);
#1224 = FACE_BOUND('',#1225,.T.);
#1225 = EDGE_LOOP('',(#1226,#1236,#1244,#1252));
#1226 = ORIENTED_EDGE('',*,*,#1227,.T.);
#1227 = EDGE_CURVE('',#1228,#1230,#1232,.T.);
#1228 = VERTEX_POINT('',#1229);
#1229 = CARTESIAN_POINT('',(22.5,5.9,2.E-15));
#1230 = VERTEX_POINT('',#1231);
#1231 = CARTESIAN_POINT('',(22.5,0.,0.));
#1232 = LINE('',#1233,#1234);
#1233 = CARTESIAN_POINT('',(22.5,5.9,1.97E-15));
#1234 = VECTOR('',#1235,1.);
#1235 = DIRECTION('',(0.,-1.,-3.3E-16));
#1236 = ORIENTED_EDGE('',*,*,#1237,.T.);
#1237 = EDGE_CURVE('',#1230,#1238,#1240,.T.);
#1238 = VERTEX_POINT('',#1239);
#1239 = CARTESIAN_POINT('',(30.4,0.,0.));
#1240 = LINE('',#1241,#1242);
#1241 = CARTESIAN_POINT('',(22.5,0.,0.));
#1242 = VECTOR('',#1243,1.);
#1243 = DIRECTION('',(1.,0.,0.));
#1244 = ORIENTED_EDGE('',*,*,#1245,.F.);
#1245 = EDGE_CURVE('',#1246,#1238,#1248,.T.);
#1246 = VERTEX_POINT('',#1247);
#1247 = CARTESIAN_POINT('',(30.4,5.9,2.E-15));
#1248 = LINE('',#1249,#1250);
#1249 = CARTESIAN_POINT('',(30.4,5.9,1.97E-15));
#1250 = VECTOR('',#1251,1.);
#1251 = DIRECTION('',(0.,-1.,-3.3E-16));
#1252 = ORIENTED_EDGE('',*,*,#1253,.F.);
#1253 = EDGE_CURVE('',#1228,#1246,#1254,.T.);
#1254 = LINE('',#1255,#1256);
#1255 = CARTESIAN_POINT('',(22.5,5.9,2.E-15));
#1256 = VECTOR('',#1257,1.);
#1257 = DIRECTION('',(1.,0.,0.));
#1258 = PLANE('',#1259);
#1259 = AXIS2_PLACEMENT_3D('',#1260,#1261,#1262);
#1260 = CARTESIAN_POINT('',(22.5,5.9,1.97E-15));
#1261 = DIRECTION('',(0.,-3.3E-16,1.));
#1262 = DIRECTION('',(1.,0.,0.));
#1263 = ADVANCED_FACE('',(#1264),#1289,.T.);
#1264 = FACE_BOUND('',#1265,.T.);
#1265 = EDGE_LOOP('',(#1266,#1267,#1275,#1283));
#1266 = ORIENTED_EDGE('',*,*,#1245,.T.);
#1267 = ORIENTED_EDGE('',*,*,#1268,.T.);
#1268 = EDGE_CURVE('',#1238,#1269,#1271,.T.);
#1269 = VERTEX_POINT('',#1270);
#1270 = CARTESIAN_POINT('',(30.4,1.E-15,-2.4));
#1271 = LINE('',#1272,#1273);
#1272 = CARTESIAN_POINT('',(30.4,0.,0.));
#1273 = VECTOR('',#1274,1.);
#1274 = DIRECTION('',(0.,0.,-1.));
#1275 = ORIENTED_EDGE('',*,*,#1276,.F.);
#1276 = EDGE_CURVE('',#1277,#1269,#1279,.T.);
#1277 = VERTEX_POINT('',#1278);
#1278 = CARTESIAN_POINT('',(30.4,5.9,-2.4));
#1279 = LINE('',#1280,#1281);
#1280 = CARTESIAN_POINT('',(30.4,5.9,-2.4));
#1281 = VECTOR('',#1282,1.);
#1282 = DIRECTION('',(0.,-1.,-3.3E-16));
#1283 = ORIENTED_EDGE('',*,*,#1284,.F.);
#1284 = EDGE_CURVE('',#1246,#1277,#1285,.T.);
#1285 = LINE('',#1286,#1287);
#1286 = CARTESIAN_POINT('',(30.4,5.9,2.E-15));
#1287 = VECTOR('',#1288,1.);
#1288 = DIRECTION('',(0.,0.,-1.));
#1289 = PLANE('',#1290);
#1290 = AXIS2_PLACEMENT_3D('',#1291,#1292,#1293);
#1291 = CARTESIAN_POINT('',(30.4,5.9,1.97E-15));
#1292 = DIRECTION('',(1.,0.,0.));
#1293 = DIRECTION('',(0.,2.2E-16,-1.));
#1294 = ADVANCED_FACE('',(#1295),#1320,.T.);
#1295 = FACE_BOUND('',#1296,.T.);
#1296 = EDGE_LOOP('',(#1297,#1298,#1306,#1314));
#1297 = ORIENTED_EDGE('',*,*,#1276,.T.);
#1298 = ORIENTED_EDGE('',*,*,#1299,.T.);
#1299 = EDGE_CURVE('',#1269,#1300,#1302,.T.);
#1300 = VERTEX_POINT('',#1301);
#1301 = CARTESIAN_POINT('',(22.5,1.E-15,-2.4));
#1302 = LINE('',#1303,#1304);
#1303 = CARTESIAN_POINT('',(30.4,0.,-2.4));
#1304 = VECTOR('',#1305,1.);
#1305 = DIRECTION('',(-1.,0.,0.));
#1306 = ORIENTED_EDGE('',*,*,#1307,.F.);
#1307 = EDGE_CURVE('',#1308,#1300,#1310,.T.);
#1308 = VERTEX_POINT('',#1309);
#1309 = CARTESIAN_POINT('',(22.5,5.9,-2.4));
#1310 = LINE('',#1311,#1312);
#1311 = CARTESIAN_POINT('',(22.5,5.9,-2.4));
#1312 = VECTOR('',#1313,1.);
#1313 = DIRECTION('',(0.,-1.,-3.3E-16));
#1314 = ORIENTED_EDGE('',*,*,#1315,.F.);
#1315 = EDGE_CURVE('',#1277,#1308,#1316,.T.);
#1316 = LINE('',#1317,#1318);
#1317 = CARTESIAN_POINT('',(30.4,5.9,-2.4));
#1318 = VECTOR('',#1319,1.);
#1319 = DIRECTION('',(-1.,0.,0.));
#1320 = PLANE('',#1321);
#1321 = AXIS2_PLACEMENT_3D('',#1322,#1323,#1324);
#1322 = CARTESIAN_POINT('',(30.4,5.9,-2.4));
#1323 = DIRECTION('',(-0.,3.3E-16,-1.));
#1324 = DIRECTION('',(-1.,-0.,0.));
#1325 = ADVANCED_FACE('',(#1326),#1342,.T.);
#1326 = FACE_BOUND('',#1327,.T.);
#1327 = EDGE_LOOP('',(#1328,#1329,#1335,#1336));
#1328 = ORIENTED_EDGE('',*,*,#1307,.T.);
#1329 = ORIENTED_EDGE('',*,*,#1330,.T.);
#1330 = EDGE_CURVE('',#1300,#1230,#1331,.T.);
#1331 = LINE('',#1332,#1333);
#1332 = CARTESIAN_POINT('',(22.5,0.,-2.4));
#1333 = VECTOR('',#1334,1.);
#1334 = DIRECTION('',(0.,0.,1.));
#1335 = ORIENTED_EDGE('',*,*,#1227,.F.);
#1336 = ORIENTED_EDGE('',*,*,#1337,.F.);
#1337 = EDGE_CURVE('',#1308,#1228,#1338,.T.);
#1338 = LINE('',#1339,#1340);
#1339 = CARTESIAN_POINT('',(22.5,5.9,-2.4));
#1340 = VECTOR('',#1341,1.);
#1341 = DIRECTION('',(0.,0.,1.));
#1342 = PLANE('',#1343);
#1343 = AXIS2_PLACEMENT_3D('',#1344,#1345,#1346);
#1344 = CARTESIAN_POINT('',(22.5,5.9,-2.4));
#1345 = DIRECTION('',(-1.,-0.,0.));
#1346 = DIRECTION('',(0.,-2.2E-16,1.));
#1347 = ADVANCED_FACE('',(#1348),#1354,.T.);
#1348 = FACE_BOUND('',#1349,.T.);
#1349 = EDGE_LOOP('',(#1350,#1351,#1352,#1353));
#1350 = ORIENTED_EDGE('',*,*,#1253,.T.);
#1351 = ORIENTED_EDGE('',*,*,#1284,.T.);
#1352 = ORIENTED_EDGE('',*,*,#1315,.T.);
#1353 = ORIENTED_EDGE('',*,*,#1337,.T.);
#1354 = PLANE('',#1355);
#1355 = AXIS2_PLACEMENT_3D('',#1356,#1357,#1358);
#1356 = CARTESIAN_POINT('',(26.45,5.9,-1.2));
#1357 = DIRECTION('',(0.,1.,3.7E-16));
#1358 = DIRECTION('',(0.,-3.7E-16,1.));
#1359 = ADVANCED_FACE('',(#1360),#1366,.F.);
#1360 = FACE_BOUND('',#1361,.F.);
#1361 = EDGE_LOOP('',(#1362,#1363,#1364,#1365));
#1362 = ORIENTED_EDGE('',*,*,#1237,.T.);
#1363 = ORIENTED_EDGE('',*,*,#1268,.T.);
#1364 = ORIENTED_EDGE('',*,*,#1299,.T.);
#1365 = ORIENTED_EDGE('',*,*,#1330,.T.);
#1366 = PLANE('',#1367);
#1367 = AXIS2_PLACEMENT_3D('',#1368,#1369,#1370);
#1368 = CARTESIAN_POINT('',(26.45,0.,-1.2));
#1369 = DIRECTION('',(0.,1.,3.7E-16));
#1370 = DIRECTION('',(0.,-3.7E-16,1.));
#1371 = ( GEOMETRIC_REPRESENTATION_CONTEXT(3) 
GLOBAL_UNCERTAINTY_ASSIGNED_CONTEXT((#1375)) 
GLOBAL_UNIT_ASSIGNED_CONTEXT((#1372,#1373,#1374)) REPRESENTATION_CONTEXT
('Context #1','3D Context with UNIT and UNCERTAINTY') );
#1372 = ( LENGTH_UNIT() NAMED_UNIT(*) SI_UNIT(.MILLI.,.METRE.) );
#1373 = ( NAMED_UNIT(*) PLANE_ANGLE_UNIT() SI_UNIT($,.RADIAN.) );
#1374 = ( NAMED_UNIT(*) SI_UNIT($,.STERADIAN.) SOLID_ANGLE_UNIT() );
#1375 = UNCERTAINTY_MEASURE_WITH_UNIT(LENGTH_MEASURE(1.E-07),#1372,
  'distance_accuracy_value','confusion accuracy');
#1376 = CONTEXT_DEPENDENT_SHAPE_REPRESENTATION(#1377,#1379);
#1377 = ( REPRESENTATION_RELATIONSHIP('','',#1220,#10) 
REPRESENTATION_RELATIONSHIP_WITH_TRANSFORMATION(#1378) 
SHAPE_REPRESENTATION_RELATIONSHIP() );
#1378 = ITEM_DEFINED_TRANSFORMATION('','',#11,#31);
#1379 = PRODUCT_DEFINITION_SHAPE('Placement','Placement of an item',
  #1380);
#1380 = NEXT_ASSEMBLY_USAGE_OCCURRENCE('5','USB Con','',#5,#1215,$);
#1381 = PRODUCT_RELATED_PRODUCT_CATEGORY('part',$,(#1217));
#1382 = SHAPE_DEFINITION_REPRESENTATION(#1383,#1389);
#1383 = PRODUCT_DEFINITION_SHAPE('','',#1384);
#1384 = PRODUCT_DEFINITION('design','',#1385,#1388);
#1385 = PRODUCT_DEFINITION_FORMATION('','',#1386);
#1386 = PRODUCT('Button Case','Button Case','',(#1387));
#1387 = PRODUCT_CONTEXT('',#2,'mechanical');
#1388 = PRODUCT_DEFINITION_CONTEXT('part definition',#2,'design');
#1389 = SHAPE_REPRESENTATION('',(#11,#1390,#1540,#1690),#1840);
#1390 = MANIFOLD_SOLID_BREP('',#1391);
#1391 = CLOSED_SHELL('',(#1392,#1432,#1463,#1494,#1516,#1528));
#1392 = ADVANCED_FACE('',(#1393),#1427,.F.);
#1393 = FACE_BOUND('',#1394,.F.);
#1394 = EDGE_LOOP('',(#1395,#1405,#1413,#1421));
#1395 = ORIENTED_EDGE('',*,*,#1396,.T.);
#1396 = EDGE_CURVE('',#1397,#1399,#1401,.T.);
#1397 = VERTEX_POINT('',#1398);
#1398 = CARTESIAN_POINT('',(65.550000000015,28.3,1.22));
#1399 = VERTEX_POINT('',#1400);
#1400 = CARTESIAN_POINT('',(65.550000000015,28.3,2.72));
#1401 = LINE('',#1402,#1403);
#1402 = CARTESIAN_POINT('',(65.550000000015,28.3,1.22));
#1403 = VECTOR('',#1404,1.);
#1404 = DIRECTION('',(0.,0.,1.));
#1405 = ORIENTED_EDGE('',*,*,#1406,.T.);
#1406 = EDGE_CURVE('',#1399,#1407,#1409,.T.);
#1407 = VERTEX_POINT('',#1408);
#1408 = CARTESIAN_POINT('',(65.550000000015,34.4,2.72));
#1409 = LINE('',#1410,#1411);
#1410 = CARTESIAN_POINT('',(65.550000000015,28.3,2.72));
#1411 = VECTOR('',#1412,1.);
#1412 = DIRECTION('',(0.,1.,0.));
#1413 = ORIENTED_EDGE('',*,*,#1414,.F.);
#1414 = EDGE_CURVE('',#1415,#1407,#1417,.T.);
#1415 = VERTEX_POINT('',#1416);
#1416 = CARTESIAN_POINT('',(65.550000000015,34.4,1.22));
#1417 = LINE('',#1418,#1419);
#1418 = CARTESIAN_POINT('',(65.550000000015,34.4,1.22));
#1419 = VECTOR('',#1420,1.);
#1420 = DIRECTION('',(0.,0.,1.));
#1421 = ORIENTED_EDGE('',*,*,#1422,.F.);
#1422 = EDGE_CURVE('',#1397,#1415,#1423,.T.);
#1423 = LINE('',#1424,#1425);
#1424 = CARTESIAN_POINT('',(65.550000000015,28.3,1.22));
#1425 = VECTOR('',#1426,1.);
#1426 = DIRECTION('',(0.,1.,0.));
#1427 = PLANE('',#1428);
#1428 = AXIS2_PLACEMENT_3D('',#1429,#1430,#1431);
#1429 = CARTESIAN_POINT('',(65.550000000015,28.3,1.22));
#1430 = DIRECTION('',(-1.,0.,0.));
#1431 = DIRECTION('',(0.,1.,0.));
#1432 = ADVANCED_FACE('',(#1433),#1458,.F.);
#1433 = FACE_BOUND('',#1434,.F.);
#1434 = EDGE_LOOP('',(#1435,#1436,#1444,#1452));
#1435 = ORIENTED_EDGE('',*,*,#1414,.T.);
#1436 = ORIENTED_EDGE('',*,*,#1437,.T.);
#1437 = EDGE_CURVE('',#1407,#1438,#1440,.T.);
#1438 = VERTEX_POINT('',#1439);
#1439 = CARTESIAN_POINT('',(61.949999999985,34.4,2.72));
#1440 = LINE('',#1441,#1442);
#1441 = CARTESIAN_POINT('',(65.550000000015,34.4,2.72));
#1442 = VECTOR('',#1443,1.);
#1443 = DIRECTION('',(-1.,0.,0.));
#1444 = ORIENTED_EDGE('',*,*,#1445,.F.);
#1445 = EDGE_CURVE('',#1446,#1438,#1448,.T.);
#1446 = VERTEX_POINT('',#1447);
#1447 = CARTESIAN_POINT('',(61.949999999985,34.4,1.22));
#1448 = LINE('',#1449,#1450);
#1449 = CARTESIAN_POINT('',(61.949999999985,34.4,1.22));
#1450 = VECTOR('',#1451,1.);
#1451 = DIRECTION('',(0.,0.,1.));
#1452 = ORIENTED_EDGE('',*,*,#1453,.F.);
#1453 = EDGE_CURVE('',#1415,#1446,#1454,.T.);
#1454 = LINE('',#1455,#1456);
#1455 = CARTESIAN_POINT('',(65.550000000015,34.4,1.22));
#1456 = VECTOR('',#1457,1.);
#1457 = DIRECTION('',(-1.,0.,0.));
#1458 = PLANE('',#1459);
#1459 = AXIS2_PLACEMENT_3D('',#1460,#1461,#1462);
#1460 = CARTESIAN_POINT('',(65.550000000015,34.4,1.22));
#1461 = DIRECTION('',(0.,-1.,0.));
#1462 = DIRECTION('',(-1.,0.,0.));
#1463 = ADVANCED_FACE('',(#1464),#1489,.F.);
#1464 = FACE_BOUND('',#1465,.F.);
#1465 = EDGE_LOOP('',(#1466,#1467,#1475,#1483));
#1466 = ORIENTED_EDGE('',*,*,#1445,.T.);
#1467 = ORIENTED_EDGE('',*,*,#1468,.T.);
#1468 = EDGE_CURVE('',#1438,#1469,#1471,.T.);
#1469 = VERTEX_POINT('',#1470);
#1470 = CARTESIAN_POINT('',(61.949999999985,28.3,2.72));
#1471 = LINE('',#1472,#1473);
#1472 = CARTESIAN_POINT('',(61.949999999985,34.4,2.72));
#1473 = VECTOR('',#1474,1.);
#1474 = DIRECTION('',(0.,-1.,0.));
#1475 = ORIENTED_EDGE('',*,*,#1476,.F.);
#1476 = EDGE_CURVE('',#1477,#1469,#1479,.T.);
#1477 = VERTEX_POINT('',#1478);
#1478 = CARTESIAN_POINT('',(61.949999999985,28.3,1.22));
#1479 = LINE('',#1480,#1481);
#1480 = CARTESIAN_POINT('',(61.949999999985,28.3,1.22));
#1481 = VECTOR('',#1482,1.);
#1482 = DIRECTION('',(0.,0.,1.));
#1483 = ORIENTED_EDGE('',*,*,#1484,.F.);
#1484 = EDGE_CURVE('',#1446,#1477,#1485,.T.);
#1485 = LINE('',#1486,#1487);
#1486 = CARTESIAN_POINT('',(61.949999999985,34.4,1.22));
#1487 = VECTOR('',#1488,1.);
#1488 = DIRECTION('',(0.,-1.,0.));
#1489 = PLANE('',#1490);
#1490 = AXIS2_PLACEMENT_3D('',#1491,#1492,#1493);
#1491 = CARTESIAN_POINT('',(61.949999999985,34.4,1.22));
#1492 = DIRECTION('',(1.,0.,-0.));
#1493 = DIRECTION('',(0.,-1.,0.));
#1494 = ADVANCED_FACE('',(#1495),#1511,.F.);
#1495 = FACE_BOUND('',#1496,.F.);
#1496 = EDGE_LOOP('',(#1497,#1498,#1504,#1505));
#1497 = ORIENTED_EDGE('',*,*,#1476,.T.);
#1498 = ORIENTED_EDGE('',*,*,#1499,.T.);
#1499 = EDGE_CURVE('',#1469,#1399,#1500,.T.);
#1500 = LINE('',#1501,#1502);
#1501 = CARTESIAN_POINT('',(61.949999999985,28.3,2.72));
#1502 = VECTOR('',#1503,1.);
#1503 = DIRECTION('',(1.,0.,0.));
#1504 = ORIENTED_EDGE('',*,*,#1396,.F.);
#1505 = ORIENTED_EDGE('',*,*,#1506,.F.);
#1506 = EDGE_CURVE('',#1477,#1397,#1507,.T.);
#1507 = LINE('',#1508,#1509);
#1508 = CARTESIAN_POINT('',(61.949999999985,28.3,1.22));
#1509 = VECTOR('',#1510,1.);
#1510 = DIRECTION('',(1.,0.,0.));
#1511 = PLANE('',#1512);
#1512 = AXIS2_PLACEMENT_3D('',#1513,#1514,#1515);
#1513 = CARTESIAN_POINT('',(61.949999999985,28.3,1.22));
#1514 = DIRECTION('',(0.,1.,0.));
#1515 = DIRECTION('',(1.,0.,0.));
#1516 = ADVANCED_FACE('',(#1517),#1523,.F.);
#1517 = FACE_BOUND('',#1518,.F.);
#1518 = EDGE_LOOP('',(#1519,#1520,#1521,#1522));
#1519 = ORIENTED_EDGE('',*,*,#1422,.T.);
#1520 = ORIENTED_EDGE('',*,*,#1453,.T.);
#1521 = ORIENTED_EDGE('',*,*,#1484,.T.);
#1522 = ORIENTED_EDGE('',*,*,#1506,.T.);
#1523 = PLANE('',#1524);
#1524 = AXIS2_PLACEMENT_3D('',#1525,#1526,#1527);
#1525 = CARTESIAN_POINT('',(63.75,20.766666666677,1.22));
#1526 = DIRECTION('',(-0.,-0.,1.));
#1527 = DIRECTION('',(1.,0.,0.));
#1528 = ADVANCED_FACE('',(#1529),#1535,.T.);
#1529 = FACE_BOUND('',#1530,.T.);
#1530 = EDGE_LOOP('',(#1531,#1532,#1533,#1534));
#1531 = ORIENTED_EDGE('',*,*,#1406,.T.);
#1532 = ORIENTED_EDGE('',*,*,#1437,.T.);
#1533 = ORIENTED_EDGE('',*,*,#1468,.T.);
#1534 = ORIENTED_EDGE('',*,*,#1499,.T.);
#1535 = PLANE('',#1536);
#1536 = AXIS2_PLACEMENT_3D('',#1537,#1538,#1539);
#1537 = CARTESIAN_POINT('',(63.75,20.766666666677,2.72));
#1538 = DIRECTION('',(0.,0.,1.));
#1539 = DIRECTION('',(1.,0.,0.));
#1540 = MANIFOLD_SOLID_BREP('',#1541);
#1541 = CLOSED_SHELL('',(#1542,#1582,#1613,#1644,#1666,#1678));
#1542 = ADVANCED_FACE('',(#1543),#1577,.F.);
#1543 = FACE_BOUND('',#1544,.F.);
#1544 = EDGE_LOOP('',(#1545,#1555,#1563,#1571));
#1545 = ORIENTED_EDGE('',*,*,#1546,.T.);
#1546 = EDGE_CURVE('',#1547,#1549,#1551,.T.);
#1547 = VERTEX_POINT('',#1548);
#1548 = CARTESIAN_POINT('',(65.550000000005,17.8,1.22));
#1549 = VERTEX_POINT('',#1550);
#1550 = CARTESIAN_POINT('',(65.550000000005,17.8,2.72));
#1551 = LINE('',#1552,#1553);
#1552 = CARTESIAN_POINT('',(65.550000000005,17.8,1.22));
#1553 = VECTOR('',#1554,1.);
#1554 = DIRECTION('',(0.,0.,1.));
#1555 = ORIENTED_EDGE('',*,*,#1556,.T.);
#1556 = EDGE_CURVE('',#1549,#1557,#1559,.T.);
#1557 = VERTEX_POINT('',#1558);
#1558 = CARTESIAN_POINT('',(65.550000000005,23.9,2.72));
#1559 = LINE('',#1560,#1561);
#1560 = CARTESIAN_POINT('',(65.550000000005,17.8,2.72));
#1561 = VECTOR('',#1562,1.);
#1562 = DIRECTION('',(0.,1.,0.));
#1563 = ORIENTED_EDGE('',*,*,#1564,.F.);
#1564 = EDGE_CURVE('',#1565,#1557,#1567,.T.);
#1565 = VERTEX_POINT('',#1566);
#1566 = CARTESIAN_POINT('',(65.550000000005,23.9,1.22));
#1567 = LINE('',#1568,#1569);
#1568 = CARTESIAN_POINT('',(65.550000000005,23.9,1.22));
#1569 = VECTOR('',#1570,1.);
#1570 = DIRECTION('',(0.,0.,1.));
#1571 = ORIENTED_EDGE('',*,*,#1572,.F.);
#1572 = EDGE_CURVE('',#1547,#1565,#1573,.T.);
#1573 = LINE('',#1574,#1575);
#1574 = CARTESIAN_POINT('',(65.550000000005,17.8,1.22));
#1575 = VECTOR('',#1576,1.);
#1576 = DIRECTION('',(0.,1.,0.));
#1577 = PLANE('',#1578);
#1578 = AXIS2_PLACEMENT_3D('',#1579,#1580,#1581);
#1579 = CARTESIAN_POINT('',(65.550000000005,17.8,1.22));
#1580 = DIRECTION('',(-1.,0.,0.));
#1581 = DIRECTION('',(0.,1.,0.));
#1582 = ADVANCED_FACE('',(#1583),#1608,.F.);
#1583 = FACE_BOUND('',#1584,.F.);
#1584 = EDGE_LOOP('',(#1585,#1586,#1594,#1602));
#1585 = ORIENTED_EDGE('',*,*,#1564,.T.);
#1586 = ORIENTED_EDGE('',*,*,#1587,.T.);
#1587 = EDGE_CURVE('',#1557,#1588,#1590,.T.);
#1588 = VERTEX_POINT('',#1589);
#1589 = CARTESIAN_POINT('',(61.949999999995,23.9,2.72));
#1590 = LINE('',#1591,#1592);
#1591 = CARTESIAN_POINT('',(65.550000000005,23.9,2.72));
#1592 = VECTOR('',#1593,1.);
#1593 = DIRECTION('',(-1.,0.,0.));
#1594 = ORIENTED_EDGE('',*,*,#1595,.F.);
#1595 = EDGE_CURVE('',#1596,#1588,#1598,.T.);
#1596 = VERTEX_POINT('',#1597);
#1597 = CARTESIAN_POINT('',(61.949999999995,23.9,1.22));
#1598 = LINE('',#1599,#1600);
#1599 = CARTESIAN_POINT('',(61.949999999995,23.9,1.22));
#1600 = VECTOR('',#1601,1.);
#1601 = DIRECTION('',(0.,0.,1.));
#1602 = ORIENTED_EDGE('',*,*,#1603,.F.);
#1603 = EDGE_CURVE('',#1565,#1596,#1604,.T.);
#1604 = LINE('',#1605,#1606);
#1605 = CARTESIAN_POINT('',(65.550000000005,23.9,1.22));
#1606 = VECTOR('',#1607,1.);
#1607 = DIRECTION('',(-1.,0.,0.));
#1608 = PLANE('',#1609);
#1609 = AXIS2_PLACEMENT_3D('',#1610,#1611,#1612);
#1610 = CARTESIAN_POINT('',(65.550000000005,23.9,1.22));
#1611 = DIRECTION('',(0.,-1.,0.));
#1612 = DIRECTION('',(-1.,0.,0.));
#1613 = ADVANCED_FACE('',(#1614),#1639,.F.);
#1614 = FACE_BOUND('',#1615,.F.);
#1615 = EDGE_LOOP('',(#1616,#1617,#1625,#1633));
#1616 = ORIENTED_EDGE('',*,*,#1595,.T.);
#1617 = ORIENTED_EDGE('',*,*,#1618,.T.);
#1618 = EDGE_CURVE('',#1588,#1619,#1621,.T.);
#1619 = VERTEX_POINT('',#1620);
#1620 = CARTESIAN_POINT('',(61.949999999995,17.8,2.72));
#1621 = LINE('',#1622,#1623);
#1622 = CARTESIAN_POINT('',(61.949999999995,23.9,2.72));
#1623 = VECTOR('',#1624,1.);
#1624 = DIRECTION('',(0.,-1.,0.));
#1625 = ORIENTED_EDGE('',*,*,#1626,.F.);
#1626 = EDGE_CURVE('',#1627,#1619,#1629,.T.);
#1627 = VERTEX_POINT('',#1628);
#1628 = CARTESIAN_POINT('',(61.949999999995,17.8,1.22));
#1629 = LINE('',#1630,#1631);
#1630 = CARTESIAN_POINT('',(61.949999999995,17.8,1.22));
#1631 = VECTOR('',#1632,1.);
#1632 = DIRECTION('',(0.,0.,1.));
#1633 = ORIENTED_EDGE('',*,*,#1634,.F.);
#1634 = EDGE_CURVE('',#1596,#1627,#1635,.T.);
#1635 = LINE('',#1636,#1637);
#1636 = CARTESIAN_POINT('',(61.949999999995,23.9,1.22));
#1637 = VECTOR('',#1638,1.);
#1638 = DIRECTION('',(0.,-1.,0.));
#1639 = PLANE('',#1640);
#1640 = AXIS2_PLACEMENT_3D('',#1641,#1642,#1643);
#1641 = CARTESIAN_POINT('',(61.949999999995,23.9,1.22));
#1642 = DIRECTION('',(1.,0.,-0.));
#1643 = DIRECTION('',(0.,-1.,0.));
#1644 = ADVANCED_FACE('',(#1645),#1661,.F.);
#1645 = FACE_BOUND('',#1646,.F.);
#1646 = EDGE_LOOP('',(#1647,#1648,#1654,#1655));
#1647 = ORIENTED_EDGE('',*,*,#1626,.T.);
#1648 = ORIENTED_EDGE('',*,*,#1649,.T.);
#1649 = EDGE_CURVE('',#1619,#1549,#1650,.T.);
#1650 = LINE('',#1651,#1652);
#1651 = CARTESIAN_POINT('',(61.949999999995,17.8,2.72));
#1652 = VECTOR('',#1653,1.);
#1653 = DIRECTION('',(1.,0.,0.));
#1654 = ORIENTED_EDGE('',*,*,#1546,.F.);
#1655 = ORIENTED_EDGE('',*,*,#1656,.F.);
#1656 = EDGE_CURVE('',#1627,#1547,#1657,.T.);
#1657 = LINE('',#1658,#1659);
#1658 = CARTESIAN_POINT('',(61.949999999995,17.8,1.22));
#1659 = VECTOR('',#1660,1.);
#1660 = DIRECTION('',(1.,0.,0.));
#1661 = PLANE('',#1662);
#1662 = AXIS2_PLACEMENT_3D('',#1663,#1664,#1665);
#1663 = CARTESIAN_POINT('',(61.949999999995,17.8,1.22));
#1664 = DIRECTION('',(0.,1.,0.));
#1665 = DIRECTION('',(1.,0.,0.));
#1666 = ADVANCED_FACE('',(#1667),#1673,.F.);
#1667 = FACE_BOUND('',#1668,.F.);
#1668 = EDGE_LOOP('',(#1669,#1670,#1671,#1672));
#1669 = ORIENTED_EDGE('',*,*,#1572,.T.);
#1670 = ORIENTED_EDGE('',*,*,#1603,.T.);
#1671 = ORIENTED_EDGE('',*,*,#1634,.T.);
#1672 = ORIENTED_EDGE('',*,*,#1656,.T.);
#1673 = PLANE('',#1674);
#1674 = AXIS2_PLACEMENT_3D('',#1675,#1676,#1677);
#1675 = CARTESIAN_POINT('',(63.75,20.766666666677,1.22));
#1676 = DIRECTION('',(-0.,-0.,1.));
#1677 = DIRECTION('',(1.,0.,0.));
#1678 = ADVANCED_FACE('',(#1679),#1685,.T.);
#1679 = FACE_BOUND('',#1680,.T.);
#1680 = EDGE_LOOP('',(#1681,#1682,#1683,#1684));
#1681 = ORIENTED_EDGE('',*,*,#1556,.T.);
#1682 = ORIENTED_EDGE('',*,*,#1587,.T.);
#1683 = ORIENTED_EDGE('',*,*,#1618,.T.);
#1684 = ORIENTED_EDGE('',*,*,#1649,.T.);
#1685 = PLANE('',#1686);
#1686 = AXIS2_PLACEMENT_3D('',#1687,#1688,#1689);
#1687 = CARTESIAN_POINT('',(63.75,20.766666666677,2.72));
#1688 = DIRECTION('',(0.,0.,1.));
#1689 = DIRECTION('',(1.,0.,0.));
#1690 = MANIFOLD_SOLID_BREP('',#1691);
#1691 = CLOSED_SHELL('',(#1692,#1732,#1763,#1794,#1816,#1828));
#1692 = ADVANCED_FACE('',(#1693),#1727,.F.);
#1693 = FACE_BOUND('',#1694,.F.);
#1694 = EDGE_LOOP('',(#1695,#1705,#1713,#1721));
#1695 = ORIENTED_EDGE('',*,*,#1696,.T.);
#1696 = EDGE_CURVE('',#1697,#1699,#1701,.T.);
#1697 = VERTEX_POINT('',#1698);
#1698 = CARTESIAN_POINT('',(65.55,7.05,1.22));
#1699 = VERTEX_POINT('',#1700);
#1700 = CARTESIAN_POINT('',(65.55,7.05,2.72));
#1701 = LINE('',#1702,#1703);
#1702 = CARTESIAN_POINT('',(65.55,7.05,1.22));
#1703 = VECTOR('',#1704,1.);
#1704 = DIRECTION('',(0.,0.,1.));
#1705 = ORIENTED_EDGE('',*,*,#1706,.T.);
#1706 = EDGE_CURVE('',#1699,#1707,#1709,.T.);
#1707 = VERTEX_POINT('',#1708);
#1708 = CARTESIAN_POINT('',(65.55,13.15,2.72));
#1709 = LINE('',#1710,#1711);
#1710 = CARTESIAN_POINT('',(65.55,7.05,2.72));
#1711 = VECTOR('',#1712,1.);
#1712 = DIRECTION('',(0.,1.,0.));
#1713 = ORIENTED_EDGE('',*,*,#1714,.F.);
#1714 = EDGE_CURVE('',#1715,#1707,#1717,.T.);
#1715 = VERTEX_POINT('',#1716);
#1716 = CARTESIAN_POINT('',(65.55,13.15,1.22));
#1717 = LINE('',#1718,#1719);
#1718 = CARTESIAN_POINT('',(65.55,13.15,1.22));
#1719 = VECTOR('',#1720,1.);
#1720 = DIRECTION('',(0.,0.,1.));
#1721 = ORIENTED_EDGE('',*,*,#1722,.F.);
#1722 = EDGE_CURVE('',#1697,#1715,#1723,.T.);
#1723 = LINE('',#1724,#1725);
#1724 = CARTESIAN_POINT('',(65.55,7.05,1.22));
#1725 = VECTOR('',#1726,1.);
#1726 = DIRECTION('',(0.,1.,0.));
#1727 = PLANE('',#1728);
#1728 = AXIS2_PLACEMENT_3D('',#1729,#1730,#1731);
#1729 = CARTESIAN_POINT('',(65.55,7.05,1.22));
#1730 = DIRECTION('',(-1.,0.,0.));
#1731 = DIRECTION('',(0.,1.,0.));
#1732 = ADVANCED_FACE('',(#1733),#1758,.F.);
#1733 = FACE_BOUND('',#1734,.F.);
#1734 = EDGE_LOOP('',(#1735,#1736,#1744,#1752));
#1735 = ORIENTED_EDGE('',*,*,#1714,.T.);
#1736 = ORIENTED_EDGE('',*,*,#1737,.T.);
#1737 = EDGE_CURVE('',#1707,#1738,#1740,.T.);
#1738 = VERTEX_POINT('',#1739);
#1739 = CARTESIAN_POINT('',(61.95,13.15,2.72));
#1740 = LINE('',#1741,#1742);
#1741 = CARTESIAN_POINT('',(65.55,13.15,2.72));
#1742 = VECTOR('',#1743,1.);
#1743 = DIRECTION('',(-1.,0.,0.));
#1744 = ORIENTED_EDGE('',*,*,#1745,.F.);
#1745 = EDGE_CURVE('',#1746,#1738,#1748,.T.);
#1746 = VERTEX_POINT('',#1747);
#1747 = CARTESIAN_POINT('',(61.95,13.15,1.22));
#1748 = LINE('',#1749,#1750);
#1749 = CARTESIAN_POINT('',(61.95,13.15,1.22));
#1750 = VECTOR('',#1751,1.);
#1751 = DIRECTION('',(0.,0.,1.));
#1752 = ORIENTED_EDGE('',*,*,#1753,.F.);
#1753 = EDGE_CURVE('',#1715,#1746,#1754,.T.);
#1754 = LINE('',#1755,#1756);
#1755 = CARTESIAN_POINT('',(65.55,13.15,1.22));
#1756 = VECTOR('',#1757,1.);
#1757 = DIRECTION('',(-1.,0.,0.));
#1758 = PLANE('',#1759);
#1759 = AXIS2_PLACEMENT_3D('',#1760,#1761,#1762);
#1760 = CARTESIAN_POINT('',(65.55,13.15,1.22));
#1761 = DIRECTION('',(0.,-1.,0.));
#1762 = DIRECTION('',(-1.,0.,0.));
#1763 = ADVANCED_FACE('',(#1764),#1789,.F.);
#1764 = FACE_BOUND('',#1765,.F.);
#1765 = EDGE_LOOP('',(#1766,#1767,#1775,#1783));
#1766 = ORIENTED_EDGE('',*,*,#1745,.T.);
#1767 = ORIENTED_EDGE('',*,*,#1768,.T.);
#1768 = EDGE_CURVE('',#1738,#1769,#1771,.T.);
#1769 = VERTEX_POINT('',#1770);
#1770 = CARTESIAN_POINT('',(61.95,7.05,2.72));
#1771 = LINE('',#1772,#1773);
#1772 = CARTESIAN_POINT('',(61.95,13.15,2.72));
#1773 = VECTOR('',#1774,1.);
#1774 = DIRECTION('',(0.,-1.,0.));
#1775 = ORIENTED_EDGE('',*,*,#1776,.F.);
#1776 = EDGE_CURVE('',#1777,#1769,#1779,.T.);
#1777 = VERTEX_POINT('',#1778);
#1778 = CARTESIAN_POINT('',(61.95,7.05,1.22));
#1779 = LINE('',#1780,#1781);
#1780 = CARTESIAN_POINT('',(61.95,7.05,1.22));
#1781 = VECTOR('',#1782,1.);
#1782 = DIRECTION('',(0.,0.,1.));
#1783 = ORIENTED_EDGE('',*,*,#1784,.F.);
#1784 = EDGE_CURVE('',#1746,#1777,#1785,.T.);
#1785 = LINE('',#1786,#1787);
#1786 = CARTESIAN_POINT('',(61.95,13.15,1.22));
#1787 = VECTOR('',#1788,1.);
#1788 = DIRECTION('',(0.,-1.,0.));
#1789 = PLANE('',#1790);
#1790 = AXIS2_PLACEMENT_3D('',#1791,#1792,#1793);
#1791 = CARTESIAN_POINT('',(61.95,13.15,1.22));
#1792 = DIRECTION('',(1.,0.,-0.));
#1793 = DIRECTION('',(0.,-1.,0.));
#1794 = ADVANCED_FACE('',(#1795),#1811,.F.);
#1795 = FACE_BOUND('',#1796,.F.);
#1796 = EDGE_LOOP('',(#1797,#1798,#1804,#1805));
#1797 = ORIENTED_EDGE('',*,*,#1776,.T.);
#1798 = ORIENTED_EDGE('',*,*,#1799,.T.);
#1799 = EDGE_CURVE('',#1769,#1699,#1800,.T.);
#1800 = LINE('',#1801,#1802);
#1801 = CARTESIAN_POINT('',(61.95,7.05,2.72));
#1802 = VECTOR('',#1803,1.);
#1803 = DIRECTION('',(1.,0.,0.));
#1804 = ORIENTED_EDGE('',*,*,#1696,.F.);
#1805 = ORIENTED_EDGE('',*,*,#1806,.F.);
#1806 = EDGE_CURVE('',#1777,#1697,#1807,.T.);
#1807 = LINE('',#1808,#1809);
#1808 = CARTESIAN_POINT('',(61.95,7.05,1.22));
#1809 = VECTOR('',#1810,1.);
#1810 = DIRECTION('',(1.,0.,0.));
#1811 = PLANE('',#1812);
#1812 = AXIS2_PLACEMENT_3D('',#1813,#1814,#1815);
#1813 = CARTESIAN_POINT('',(61.95,7.05,1.22));
#1814 = DIRECTION('',(0.,1.,0.));
#1815 = DIRECTION('',(1.,0.,0.));
#1816 = ADVANCED_FACE('',(#1817),#1823,.F.);
#1817 = FACE_BOUND('',#1818,.F.);
#1818 = EDGE_LOOP('',(#1819,#1820,#1821,#1822));
#1819 = ORIENTED_EDGE('',*,*,#1722,.T.);
#1820 = ORIENTED_EDGE('',*,*,#1753,.T.);
#1821 = ORIENTED_EDGE('',*,*,#1784,.T.);
#1822 = ORIENTED_EDGE('',*,*,#1806,.T.);
#1823 = PLANE('',#1824);
#1824 = AXIS2_PLACEMENT_3D('',#1825,#1826,#1827);
#1825 = CARTESIAN_POINT('',(63.75,20.766666666677,1.22));
#1826 = DIRECTION('',(-0.,-0.,1.));
#1827 = DIRECTION('',(1.,0.,0.));
#1828 = ADVANCED_FACE('',(#1829),#1835,.T.);
#1829 = FACE_BOUND('',#1830,.T.);
#1830 = EDGE_LOOP('',(#1831,#1832,#1833,#1834));
#1831 = ORIENTED_EDGE('',*,*,#1706,.T.);
#1832 = ORIENTED_EDGE('',*,*,#1737,.T.);
#1833 = ORIENTED_EDGE('',*,*,#1768,.T.);
#1834 = ORIENTED_EDGE('',*,*,#1799,.T.);
#1835 = PLANE('',#1836);
#1836 = AXIS2_PLACEMENT_3D('',#1837,#1838,#1839);
#1837 = CARTESIAN_POINT('',(63.75,20.766666666677,2.72));
#1838 = DIRECTION('',(0.,0.,1.));
#1839 = DIRECTION('',(1.,0.,0.));
#1840 = ( GEOMETRIC_REPRESENTATION_CONTEXT(3) 
GLOBAL_UNCERTAINTY_ASSIGNED_CONTEXT((#1844)) 
GLOBAL_UNIT_ASSIGNED_CONTEXT((#1841,#1842,#1843)) REPRESENTATION_CONTEXT
('Context #1','3D Context with UNIT and UNCERTAINTY') );
#1841 = ( LENGTH_UNIT() NAMED_UNIT(*) SI_UNIT(.MILLI.,.METRE.) );
#1842 = ( NAMED_UNIT(*) PLANE_ANGLE_UNIT() SI_UNIT($,.RADIAN.) );
#1843 = ( NAMED_UNIT(*) SI_UNIT($,.STERADIAN.) SOLID_ANGLE_UNIT() );
#1844 = UNCERTAINTY_MEASURE_WITH_UNIT(LENGTH_MEASURE(1.E-07),#1841,
  'distance_accuracy_value','confusion accuracy');
#1845 = CONTEXT_DEPENDENT_SHAPE_REPRESENTATION(#1846,#1848);
#1846 = ( REPRESENTATION_RELATIONSHIP('','',#1389,#10) 
REPRESENTATION_RELATIONSHIP_WITH_TRANSFORMATION(#1847) 
SHAPE_REPRESENTATION_RELATIONSHIP() );
#1847 = ITEM_DEFINED_TRANSFORMATION('','',#11,#35);
#1848 = PRODUCT_DEFINITION_SHAPE('Placement','Placement of an item',
  #1849);
#1849 = NEXT_ASSEMBLY_USAGE_OCCURRENCE('6','Button Case','',#5,#1384,$);
#1850 = PRODUCT_RELATED_PRODUCT_CATEGORY('part',$,(#1386));
#1851 = SHAPE_DEFINITION_REPRESENTATION(#1852,#1858);
#1852 = PRODUCT_DEFINITION_SHAPE('','',#1853);
#1853 = PRODUCT_DEFINITION('design','',#1854,#1857);
#1854 = PRODUCT_DEFINITION_FORMATION('','',#1855);
#1855 = PRODUCT('RST Button Case','RST Button Case','',(#1856));
#1856 = PRODUCT_CONTEXT('',#2,'mechanical');
#1857 = PRODUCT_DEFINITION_CONTEXT('part definition',#2,'design');
#1858 = ADVANCED_BREP_SHAPE_REPRESENTATION('',(#11,#1859),#2009);
#1859 = MANIFOLD_SOLID_BREP('',#1860);
#1860 = CLOSED_SHELL('',(#1861,#1901,#1932,#1963,#1985,#1997));
#1861 = ADVANCED_FACE('',(#1862),#1896,.F.);
#1862 = FACE_BOUND('',#1863,.F.);
#1863 = EDGE_LOOP('',(#1864,#1874,#1882,#1890));
#1864 = ORIENTED_EDGE('',*,*,#1865,.T.);
#1865 = EDGE_CURVE('',#1866,#1868,#1870,.T.);
#1866 = VERTEX_POINT('',#1867);
#1867 = CARTESIAN_POINT('',(6.25,2.8,1.E-15));
#1868 = VERTEX_POINT('',#1869);
#1869 = CARTESIAN_POINT('',(6.25,0.,0.));
#1870 = LINE('',#1871,#1872);
#1871 = CARTESIAN_POINT('',(6.25,2.8,9.3E-16));
#1872 = VECTOR('',#1873,1.);
#1873 = DIRECTION('',(0.,-1.,-3.3E-16));
#1874 = ORIENTED_EDGE('',*,*,#1875,.T.);
#1875 = EDGE_CURVE('',#1868,#1876,#1878,.T.);
#1876 = VERTEX_POINT('',#1877);
#1877 = CARTESIAN_POINT('',(6.25,0.,-1.9));
#1878 = LINE('',#1879,#1880);
#1879 = CARTESIAN_POINT('',(6.25,0.,0.));
#1880 = VECTOR('',#1881,1.);
#1881 = DIRECTION('',(0.,0.,-1.));
#1882 = ORIENTED_EDGE('',*,*,#1883,.F.);
#1883 = EDGE_CURVE('',#1884,#1876,#1886,.T.);
#1884 = VERTEX_POINT('',#1885);
#1885 = CARTESIAN_POINT('',(6.25,2.8,-1.9));
#1886 = LINE('',#1887,#1888);
#1887 = CARTESIAN_POINT('',(6.25,2.8,-1.9));
#1888 = VECTOR('',#1889,1.);
#1889 = DIRECTION('',(0.,-1.,-3.3E-16));
#1890 = ORIENTED_EDGE('',*,*,#1891,.F.);
#1891 = EDGE_CURVE('',#1866,#1884,#1892,.T.);
#1892 = LINE('',#1893,#1894);
#1893 = CARTESIAN_POINT('',(6.25,2.8,1.E-15));
#1894 = VECTOR('',#1895,1.);
#1895 = DIRECTION('',(0.,0.,-1.));
#1896 = PLANE('',#1897);
#1897 = AXIS2_PLACEMENT_3D('',#1898,#1899,#1900);
#1898 = CARTESIAN_POINT('',(6.25,2.8,9.3E-16));
#1899 = DIRECTION('',(1.,0.,0.));
#1900 = DIRECTION('',(0.,2.2E-16,-1.));
#1901 = ADVANCED_FACE('',(#1902),#1927,.F.);
#1902 = FACE_BOUND('',#1903,.F.);
#1903 = EDGE_LOOP('',(#1904,#1905,#1913,#1921));
#1904 = ORIENTED_EDGE('',*,*,#1883,.T.);
#1905 = ORIENTED_EDGE('',*,*,#1906,.T.);
#1906 = EDGE_CURVE('',#1876,#1907,#1909,.T.);
#1907 = VERTEX_POINT('',#1908);
#1908 = CARTESIAN_POINT('',(10.75,0.,-1.9));
#1909 = LINE('',#1910,#1911);
#1910 = CARTESIAN_POINT('',(6.25,0.,-1.9));
#1911 = VECTOR('',#1912,1.);
#1912 = DIRECTION('',(1.,0.,0.));
#1913 = ORIENTED_EDGE('',*,*,#1914,.F.);
#1914 = EDGE_CURVE('',#1915,#1907,#1917,.T.);
#1915 = VERTEX_POINT('',#1916);
#1916 = CARTESIAN_POINT('',(10.75,2.8,-1.9));
#1917 = LINE('',#1918,#1919);
#1918 = CARTESIAN_POINT('',(10.75,2.8,-1.9));
#1919 = VECTOR('',#1920,1.);
#1920 = DIRECTION('',(0.,-1.,-3.3E-16));
#1921 = ORIENTED_EDGE('',*,*,#1922,.F.);
#1922 = EDGE_CURVE('',#1884,#1915,#1923,.T.);
#1923 = LINE('',#1924,#1925);
#1924 = CARTESIAN_POINT('',(6.25,2.8,-1.9));
#1925 = VECTOR('',#1926,1.);
#1926 = DIRECTION('',(1.,0.,0.));
#1927 = PLANE('',#1928);
#1928 = AXIS2_PLACEMENT_3D('',#1929,#1930,#1931);
#1929 = CARTESIAN_POINT('',(6.25,2.8,-1.9));
#1930 = DIRECTION('',(0.,-3.3E-16,1.));
#1931 = DIRECTION('',(1.,0.,0.));
#1932 = ADVANCED_FACE('',(#1933),#1958,.F.);
#1933 = FACE_BOUND('',#1934,.F.);
#1934 = EDGE_LOOP('',(#1935,#1936,#1944,#1952));
#1935 = ORIENTED_EDGE('',*,*,#1914,.T.);
#1936 = ORIENTED_EDGE('',*,*,#1937,.T.);
#1937 = EDGE_CURVE('',#1907,#1938,#1940,.T.);
#1938 = VERTEX_POINT('',#1939);
#1939 = CARTESIAN_POINT('',(10.75,0.,0.));
#1940 = LINE('',#1941,#1942);
#1941 = CARTESIAN_POINT('',(10.75,0.,-1.9));
#1942 = VECTOR('',#1943,1.);
#1943 = DIRECTION('',(0.,0.,1.));
#1944 = ORIENTED_EDGE('',*,*,#1945,.F.);
#1945 = EDGE_CURVE('',#1946,#1938,#1948,.T.);
#1946 = VERTEX_POINT('',#1947);
#1947 = CARTESIAN_POINT('',(10.75,2.8,1.E-15));
#1948 = LINE('',#1949,#1950);
#1949 = CARTESIAN_POINT('',(10.75,2.8,9.3E-16));
#1950 = VECTOR('',#1951,1.);
#1951 = DIRECTION('',(0.,-1.,-3.3E-16));
#1952 = ORIENTED_EDGE('',*,*,#1953,.F.);
#1953 = EDGE_CURVE('',#1915,#1946,#1954,.T.);
#1954 = LINE('',#1955,#1956);
#1955 = CARTESIAN_POINT('',(10.75,2.8,-1.9));
#1956 = VECTOR('',#1957,1.);
#1957 = DIRECTION('',(0.,0.,1.));
#1958 = PLANE('',#1959);
#1959 = AXIS2_PLACEMENT_3D('',#1960,#1961,#1962);
#1960 = CARTESIAN_POINT('',(10.75,2.8,-1.9));
#1961 = DIRECTION('',(-1.,-0.,0.));
#1962 = DIRECTION('',(0.,-2.2E-16,1.));
#1963 = ADVANCED_FACE('',(#1964),#1980,.F.);
#1964 = FACE_BOUND('',#1965,.F.);
#1965 = EDGE_LOOP('',(#1966,#1967,#1973,#1974));
#1966 = ORIENTED_EDGE('',*,*,#1945,.T.);
#1967 = ORIENTED_EDGE('',*,*,#1968,.T.);
#1968 = EDGE_CURVE('',#1938,#1868,#1969,.T.);
#1969 = LINE('',#1970,#1971);
#1970 = CARTESIAN_POINT('',(10.75,0.,0.));
#1971 = VECTOR('',#1972,1.);
#1972 = DIRECTION('',(-1.,0.,0.));
#1973 = ORIENTED_EDGE('',*,*,#1865,.F.);
#1974 = ORIENTED_EDGE('',*,*,#1975,.F.);
#1975 = EDGE_CURVE('',#1946,#1866,#1976,.T.);
#1976 = LINE('',#1977,#1978);
#1977 = CARTESIAN_POINT('',(10.75,2.8,1.E-15));
#1978 = VECTOR('',#1979,1.);
#1979 = DIRECTION('',(-1.,0.,0.));
#1980 = PLANE('',#1981);
#1981 = AXIS2_PLACEMENT_3D('',#1982,#1983,#1984);
#1982 = CARTESIAN_POINT('',(10.75,2.8,9.3E-16));
#1983 = DIRECTION('',(-0.,3.3E-16,-1.));
#1984 = DIRECTION('',(-1.,-0.,0.));
#1985 = ADVANCED_FACE('',(#1986),#1992,.T.);
#1986 = FACE_BOUND('',#1987,.F.);
#1987 = EDGE_LOOP('',(#1988,#1989,#1990,#1991));
#1988 = ORIENTED_EDGE('',*,*,#1891,.T.);
#1989 = ORIENTED_EDGE('',*,*,#1922,.T.);
#1990 = ORIENTED_EDGE('',*,*,#1953,.T.);
#1991 = ORIENTED_EDGE('',*,*,#1975,.T.);
#1992 = PLANE('',#1993);
#1993 = AXIS2_PLACEMENT_3D('',#1994,#1995,#1996);
#1994 = CARTESIAN_POINT('',(8.5,2.8,-0.95));
#1995 = DIRECTION('',(-0.,1.,2.3E-16));
#1996 = DIRECTION('',(0.,-2.3E-16,1.));
#1997 = ADVANCED_FACE('',(#1998),#2004,.F.);
#1998 = FACE_BOUND('',#1999,.T.);
#1999 = EDGE_LOOP('',(#2000,#2001,#2002,#2003));
#2000 = ORIENTED_EDGE('',*,*,#1875,.T.);
#2001 = ORIENTED_EDGE('',*,*,#1906,.T.);
#2002 = ORIENTED_EDGE('',*,*,#1937,.T.);
#2003 = ORIENTED_EDGE('',*,*,#1968,.T.);
#2004 = PLANE('',#2005);
#2005 = AXIS2_PLACEMENT_3D('',#2006,#2007,#2008);
#2006 = CARTESIAN_POINT('',(8.5,4.440892098501E-16,-0.95));
#2007 = DIRECTION('',(0.,1.,2.3E-16));
#2008 = DIRECTION('',(0.,-2.3E-16,1.));
#2009 = ( GEOMETRIC_REPRESENTATION_CONTEXT(3) 
GLOBAL_UNCERTAINTY_ASSIGNED_CONTEXT((#2013)) 
GLOBAL_UNIT_ASSIGNED_CONTEXT((#2010,#2011,#2012)) REPRESENTATION_CONTEXT
('Context #1','3D Context with UNIT and UNCERTAINTY') );
#2010 = ( LENGTH_UNIT() NAMED_UNIT(*) SI_UNIT(.MILLI.,.METRE.) );
#2011 = ( NAMED_UNIT(*) PLANE_ANGLE_UNIT() SI_UNIT($,.RADIAN.) );
#2012 = ( NAMED_UNIT(*) SI_UNIT($,.STERADIAN.) SOLID_ANGLE_UNIT() );
#2013 = UNCERTAINTY_MEASURE_WITH_UNIT(LENGTH_MEASURE(1.E-07),#2010,
  'distance_accuracy_value','confusion accuracy');
#2014 = CONTEXT_DEPENDENT_SHAPE_REPRESENTATION(#2015,#2017);
#2015 = ( REPRESENTATION_RELATIONSHIP('','',#1858,#10) 
REPRESENTATION_RELATIONSHIP_WITH_TRANSFORMATION(#2016) 
SHAPE_REPRESENTATION_RELATIONSHIP() );
#2016 = ITEM_DEFINED_TRANSFORMATION('','',#11,#39);
#2017 = PRODUCT_DEFINITION_SHAPE('Placement','Placement of an item',
  #2018);
#2018 = NEXT_ASSEMBLY_USAGE_OCCURRENCE('7','RST Button Case','',#5,#1853
  ,$);
#2019 = PRODUCT_RELATED_PRODUCT_CATEGORY('part',$,(#1855));
#2020 = SHAPE_DEFINITION_REPRESENTATION(#2021,#2027);
#2021 = PRODUCT_DEFINITION_SHAPE('','',#2022);
#2022 = PRODUCT_DEFINITION('design','',#2023,#2026);
#2023 = PRODUCT_DEFINITION_FORMATION('','',#2024);
#2024 = PRODUCT('RST Button Pin','RST Button Pin','',(#2025));
#2025 = PRODUCT_CONTEXT('',#2,'mechanical');
#2026 = PRODUCT_DEFINITION_CONTEXT('part definition',#2,'design');
#2027 = ADVANCED_BREP_SHAPE_REPRESENTATION('',(#11,#2028),#2178);
#2028 = MANIFOLD_SOLID_BREP('',#2029);
#2029 = CLOSED_SHELL('',(#2030,#2070,#2101,#2132,#2154,#2166));
#2030 = ADVANCED_FACE('',(#2031),#2065,.F.);
#2031 = FACE_BOUND('',#2032,.F.);
#2032 = EDGE_LOOP('',(#2033,#2043,#2051,#2059));
#2033 = ORIENTED_EDGE('',*,*,#2034,.T.);
#2034 = EDGE_CURVE('',#2035,#2037,#2039,.T.);
#2035 = VERTEX_POINT('',#2036);
#2036 = CARTESIAN_POINT('',(7.449999999998,0.,-0.600000000005));
#2037 = VERTEX_POINT('',#2038);
#2038 = CARTESIAN_POINT('',(7.449999999998,-0.92,-0.600000000005));
#2039 = LINE('',#2040,#2041);
#2040 = CARTESIAN_POINT('',(7.449999999998,1.3E-16,-0.600000000005));
#2041 = VECTOR('',#2042,1.);
#2042 = DIRECTION('',(0.,-1.,-3.3E-16));
#2043 = ORIENTED_EDGE('',*,*,#2044,.T.);
#2044 = EDGE_CURVE('',#2037,#2045,#2047,.T.);
#2045 = VERTEX_POINT('',#2046);
#2046 = CARTESIAN_POINT('',(7.449999999998,-0.92,-1.300000000005));
#2047 = LINE('',#2048,#2049);
#2048 = CARTESIAN_POINT('',(7.449999999998,-0.92,-0.600000000005));
#2049 = VECTOR('',#2050,1.);
#2050 = DIRECTION('',(0.,0.,-1.));
#2051 = ORIENTED_EDGE('',*,*,#2052,.F.);
#2052 = EDGE_CURVE('',#2053,#2045,#2055,.T.);
#2053 = VERTEX_POINT('',#2054);
#2054 = CARTESIAN_POINT('',(7.449999999998,0.,-1.300000000005));
#2055 = LINE('',#2056,#2057);
#2056 = CARTESIAN_POINT('',(7.449999999998,2.9E-16,-1.300000000005));
#2057 = VECTOR('',#2058,1.);
#2058 = DIRECTION('',(0.,-1.,-3.3E-16));
#2059 = ORIENTED_EDGE('',*,*,#2060,.F.);
#2060 = EDGE_CURVE('',#2035,#2053,#2061,.T.);
#2061 = LINE('',#2062,#2063);
#2062 = CARTESIAN_POINT('',(7.449999999998,0.,-0.600000000005));
#2063 = VECTOR('',#2064,1.);
#2064 = DIRECTION('',(0.,0.,-1.));
#2065 = PLANE('',#2066);
#2066 = AXIS2_PLACEMENT_3D('',#2067,#2068,#2069);
#2067 = CARTESIAN_POINT('',(7.449999999998,1.3E-16,-0.600000000005));
#2068 = DIRECTION('',(1.,0.,0.));
#2069 = DIRECTION('',(0.,2.2E-16,-1.));
#2070 = ADVANCED_FACE('',(#2071),#2096,.F.);
#2071 = FACE_BOUND('',#2072,.F.);
#2072 = EDGE_LOOP('',(#2073,#2074,#2082,#2090));
#2073 = ORIENTED_EDGE('',*,*,#2052,.T.);
#2074 = ORIENTED_EDGE('',*,*,#2075,.T.);
#2075 = EDGE_CURVE('',#2045,#2076,#2078,.T.);
#2076 = VERTEX_POINT('',#2077);
#2077 = CARTESIAN_POINT('',(9.549999999998,-0.92,-1.300000000005));
#2078 = LINE('',#2079,#2080);
#2079 = CARTESIAN_POINT('',(7.449999999998,-0.92,-1.300000000005));
#2080 = VECTOR('',#2081,1.);
#2081 = DIRECTION('',(1.,0.,0.));
#2082 = ORIENTED_EDGE('',*,*,#2083,.F.);
#2083 = EDGE_CURVE('',#2084,#2076,#2086,.T.);
#2084 = VERTEX_POINT('',#2085);
#2085 = CARTESIAN_POINT('',(9.549999999998,0.,-1.300000000005));
#2086 = LINE('',#2087,#2088);
#2087 = CARTESIAN_POINT('',(9.549999999998,2.9E-16,-1.300000000005));
#2088 = VECTOR('',#2089,1.);
#2089 = DIRECTION('',(0.,-1.,-3.3E-16));
#2090 = ORIENTED_EDGE('',*,*,#2091,.F.);
#2091 = EDGE_CURVE('',#2053,#2084,#2092,.T.);
#2092 = LINE('',#2093,#2094);
#2093 = CARTESIAN_POINT('',(7.449999999998,0.,-1.300000000005));
#2094 = VECTOR('',#2095,1.);
#2095 = DIRECTION('',(1.,0.,0.));
#2096 = PLANE('',#2097);
#2097 = AXIS2_PLACEMENT_3D('',#2098,#2099,#2100);
#2098 = CARTESIAN_POINT('',(7.449999999998,2.9E-16,-1.300000000005));
#2099 = DIRECTION('',(0.,-3.3E-16,1.));
#2100 = DIRECTION('',(1.,0.,0.));
#2101 = ADVANCED_FACE('',(#2102),#2127,.F.);
#2102 = FACE_BOUND('',#2103,.F.);
#2103 = EDGE_LOOP('',(#2104,#2105,#2113,#2121));
#2104 = ORIENTED_EDGE('',*,*,#2083,.T.);
#2105 = ORIENTED_EDGE('',*,*,#2106,.T.);
#2106 = EDGE_CURVE('',#2076,#2107,#2109,.T.);
#2107 = VERTEX_POINT('',#2108);
#2108 = CARTESIAN_POINT('',(9.549999999998,-0.92,-0.600000000005));
#2109 = LINE('',#2110,#2111);
#2110 = CARTESIAN_POINT('',(9.549999999998,-0.92,-1.300000000005));
#2111 = VECTOR('',#2112,1.);
#2112 = DIRECTION('',(0.,0.,1.));
#2113 = ORIENTED_EDGE('',*,*,#2114,.F.);
#2114 = EDGE_CURVE('',#2115,#2107,#2117,.T.);
#2115 = VERTEX_POINT('',#2116);
#2116 = CARTESIAN_POINT('',(9.549999999998,0.,-0.600000000005));
#2117 = LINE('',#2118,#2119);
#2118 = CARTESIAN_POINT('',(9.549999999998,1.3E-16,-0.600000000005));
#2119 = VECTOR('',#2120,1.);
#2120 = DIRECTION('',(0.,-1.,-3.3E-16));
#2121 = ORIENTED_EDGE('',*,*,#2122,.F.);
#2122 = EDGE_CURVE('',#2084,#2115,#2123,.T.);
#2123 = LINE('',#2124,#2125);
#2124 = CARTESIAN_POINT('',(9.549999999998,0.,-1.300000000005));
#2125 = VECTOR('',#2126,1.);
#2126 = DIRECTION('',(0.,0.,1.));
#2127 = PLANE('',#2128);
#2128 = AXIS2_PLACEMENT_3D('',#2129,#2130,#2131);
#2129 = CARTESIAN_POINT('',(9.549999999998,2.9E-16,-1.300000000005));
#2130 = DIRECTION('',(-1.,-0.,0.));
#2131 = DIRECTION('',(0.,-2.2E-16,1.));
#2132 = ADVANCED_FACE('',(#2133),#2149,.F.);
#2133 = FACE_BOUND('',#2134,.F.);
#2134 = EDGE_LOOP('',(#2135,#2136,#2142,#2143));
#2135 = ORIENTED_EDGE('',*,*,#2114,.T.);
#2136 = ORIENTED_EDGE('',*,*,#2137,.T.);
#2137 = EDGE_CURVE('',#2107,#2037,#2138,.T.);
#2138 = LINE('',#2139,#2140);
#2139 = CARTESIAN_POINT('',(9.549999999998,-0.92,-0.600000000005));
#2140 = VECTOR('',#2141,1.);
#2141 = DIRECTION('',(-1.,0.,0.));
#2142 = ORIENTED_EDGE('',*,*,#2034,.F.);
#2143 = ORIENTED_EDGE('',*,*,#2144,.F.);
#2144 = EDGE_CURVE('',#2115,#2035,#2145,.T.);
#2145 = LINE('',#2146,#2147);
#2146 = CARTESIAN_POINT('',(9.549999999998,0.,-0.600000000005));
#2147 = VECTOR('',#2148,1.);
#2148 = DIRECTION('',(-1.,0.,0.));
#2149 = PLANE('',#2150);
#2150 = AXIS2_PLACEMENT_3D('',#2151,#2152,#2153);
#2151 = CARTESIAN_POINT('',(9.549999999998,1.3E-16,-0.600000000005));
#2152 = DIRECTION('',(-0.,3.3E-16,-1.));
#2153 = DIRECTION('',(-1.,-0.,0.));
#2154 = ADVANCED_FACE('',(#2155),#2161,.T.);
#2155 = FACE_BOUND('',#2156,.F.);
#2156 = EDGE_LOOP('',(#2157,#2158,#2159,#2160));
#2157 = ORIENTED_EDGE('',*,*,#2060,.T.);
#2158 = ORIENTED_EDGE('',*,*,#2091,.T.);
#2159 = ORIENTED_EDGE('',*,*,#2122,.T.);
#2160 = ORIENTED_EDGE('',*,*,#2144,.T.);
#2161 = PLANE('',#2162);
#2162 = AXIS2_PLACEMENT_3D('',#2163,#2164,#2165);
#2163 = CARTESIAN_POINT('',(8.499999999998,2.1E-16,-0.950000000005));
#2164 = DIRECTION('',(0.,1.,2.2E-16));
#2165 = DIRECTION('',(0.,-2.2E-16,1.));
#2166 = ADVANCED_FACE('',(#2167),#2173,.F.);
#2167 = FACE_BOUND('',#2168,.T.);
#2168 = EDGE_LOOP('',(#2169,#2170,#2171,#2172));
#2169 = ORIENTED_EDGE('',*,*,#2044,.T.);
#2170 = ORIENTED_EDGE('',*,*,#2075,.T.);
#2171 = ORIENTED_EDGE('',*,*,#2106,.T.);
#2172 = ORIENTED_EDGE('',*,*,#2137,.T.);
#2173 = PLANE('',#2174);
#2174 = AXIS2_PLACEMENT_3D('',#2175,#2176,#2177);
#2175 = CARTESIAN_POINT('',(8.499999999998,-0.92,-0.950000000005));
#2176 = DIRECTION('',(0.,1.,2.2E-16));
#2177 = DIRECTION('',(0.,-2.2E-16,1.));
#2178 = ( GEOMETRIC_REPRESENTATION_CONTEXT(3) 
GLOBAL_UNCERTAINTY_ASSIGNED_CONTEXT((#2182)) 
GLOBAL_UNIT_ASSIGNED_CONTEXT((#2179,#2180,#2181)) REPRESENTATION_CONTEXT
('Context #1','3D Context with UNIT and UNCERTAINTY') );
#2179 = ( LENGTH_UNIT() NAMED_UNIT(*) SI_UNIT(.MILLI.,.METRE.) );
#2180 = ( NAMED_UNIT(*) PLANE_ANGLE_UNIT() SI_UNIT($,.RADIAN.) );
#2181 = ( NAMED_UNIT(*) SI_UNIT($,.STERADIAN.) SOLID_ANGLE_UNIT() );
#2182 = UNCERTAINTY_MEASURE_WITH_UNIT(LENGTH_MEASURE(1.E-07),#2179,
  'distance_accuracy_value','confusion accuracy');
#2183 = CONTEXT_DEPENDENT_SHAPE_REPRESENTATION(#2184,#2186);
#2184 = ( REPRESENTATION_RELATIONSHIP('','',#2027,#10) 
REPRESENTATION_RELATIONSHIP_WITH_TRANSFORMATION(#2185) 
SHAPE_REPRESENTATION_RELATIONSHIP() );
#2185 = ITEM_DEFINED_TRANSFORMATION('','',#11,#43);
#2186 = PRODUCT_DEFINITION_SHAPE('Placement','Placement of an item',
  #2187);
#2187 = NEXT_ASSEMBLY_USAGE_OCCURRENCE('8','RST Button Pin','',#5,#2022,
  $);
#2188 = PRODUCT_RELATED_PRODUCT_CATEGORY('part',$,(#2024));
#2189 = SHAPE_DEFINITION_REPRESENTATION(#2190,#2196);
#2190 = PRODUCT_DEFINITION_SHAPE('','',#2191);
#2191 = PRODUCT_DEFINITION('design','',#2192,#2195);
#2192 = PRODUCT_DEFINITION_FORMATION('','',#2193);
#2193 = PRODUCT('SD Card Holder','SD Card Holder','',(#2194));
#2194 = PRODUCT_CONTEXT('',#2,'mechanical');
#2195 = PRODUCT_DEFINITION_CONTEXT('part definition',#2,'design');
#2196 = ADVANCED_BREP_SHAPE_REPRESENTATION('',(#11,#2197),#2347);
#2197 = MANIFOLD_SOLID_BREP('',#2198);
#2198 = CLOSED_SHELL('',(#2199,#2239,#2270,#2301,#2323,#2335));
#2199 = ADVANCED_FACE('',(#2200),#2234,.T.);
#2200 = FACE_BOUND('',#2201,.T.);
#2201 = EDGE_LOOP('',(#2202,#2212,#2220,#2228));
#2202 = ORIENTED_EDGE('',*,*,#2203,.T.);
#2203 = EDGE_CURVE('',#2204,#2206,#2208,.T.);
#2204 = VERTEX_POINT('',#2205);
#2205 = CARTESIAN_POINT('',(47.18,8.6,-6.E-15));
#2206 = VERTEX_POINT('',#2207);
#2207 = CARTESIAN_POINT('',(66.,8.6,-2.E-15));
#2208 = LINE('',#2209,#2210);
#2209 = CARTESIAN_POINT('',(47.18,8.6,-6.09E-15));
#2210 = VECTOR('',#2211,1.);
#2211 = DIRECTION('',(1.,-2.2E-16,2.2E-16));
#2212 = ORIENTED_EDGE('',*,*,#2213,.T.);
#2213 = EDGE_CURVE('',#2206,#2214,#2216,.T.);
#2214 = VERTEX_POINT('',#2215);
#2215 = CARTESIAN_POINT('',(66.,23.15,-5.E-15));
#2216 = LINE('',#2217,#2218);
#2217 = CARTESIAN_POINT('',(66.,8.6,0.));
#2218 = VECTOR('',#2219,1.);
#2219 = DIRECTION('',(0.,1.,0.));
#2220 = ORIENTED_EDGE('',*,*,#2221,.F.);
#2221 = EDGE_CURVE('',#2222,#2214,#2224,.T.);
#2222 = VERTEX_POINT('',#2223);
#2223 = CARTESIAN_POINT('',(47.18,23.15,-9.E-15));
#2224 = LINE('',#2225,#2226);
#2225 = CARTESIAN_POINT('',(47.18,23.15,-9.32E-15));
#2226 = VECTOR('',#2227,1.);
#2227 = DIRECTION('',(1.,-2.2E-16,2.2E-16));
#2228 = ORIENTED_EDGE('',*,*,#2229,.F.);
#2229 = EDGE_CURVE('',#2204,#2222,#2230,.T.);
#2230 = LINE('',#2231,#2232);
#2231 = CARTESIAN_POINT('',(47.18,8.6,-4.E-15));
#2232 = VECTOR('',#2233,1.);
#2233 = DIRECTION('',(0.,1.,0.));
#2234 = PLANE('',#2235);
#2235 = AXIS2_PLACEMENT_3D('',#2236,#2237,#2238);
#2236 = CARTESIAN_POINT('',(47.18,8.6,-6.09E-15));
#2237 = DIRECTION('',(-2.2E-16,2.2E-16,1.));
#2238 = DIRECTION('',(0.,1.,-2.2E-16));
#2239 = ADVANCED_FACE('',(#2240),#2265,.T.);
#2240 = FACE_BOUND('',#2241,.T.);
#2241 = EDGE_LOOP('',(#2242,#2243,#2251,#2259));
#2242 = ORIENTED_EDGE('',*,*,#2221,.T.);
#2243 = ORIENTED_EDGE('',*,*,#2244,.T.);
#2244 = EDGE_CURVE('',#2214,#2245,#2247,.T.);
#2245 = VERTEX_POINT('',#2246);
#2246 = CARTESIAN_POINT('',(66.,23.15,-1.82));
#2247 = LINE('',#2248,#2249);
#2248 = CARTESIAN_POINT('',(66.,23.15,0.));
#2249 = VECTOR('',#2250,1.);
#2250 = DIRECTION('',(0.,0.,-1.));
#2251 = ORIENTED_EDGE('',*,*,#2252,.F.);
#2252 = EDGE_CURVE('',#2253,#2245,#2255,.T.);
#2253 = VERTEX_POINT('',#2254);
#2254 = CARTESIAN_POINT('',(47.18,23.15,-1.82));
#2255 = LINE('',#2256,#2257);
#2256 = CARTESIAN_POINT('',(47.18,23.15,-1.82));
#2257 = VECTOR('',#2258,1.);
#2258 = DIRECTION('',(1.,-2.2E-16,2.2E-16));
#2259 = ORIENTED_EDGE('',*,*,#2260,.F.);
#2260 = EDGE_CURVE('',#2222,#2253,#2261,.T.);
#2261 = LINE('',#2262,#2263);
#2262 = CARTESIAN_POINT('',(47.18,23.15,-4.E-15));
#2263 = VECTOR('',#2264,1.);
#2264 = DIRECTION('',(0.,0.,-1.));
#2265 = PLANE('',#2266);
#2266 = AXIS2_PLACEMENT_3D('',#2267,#2268,#2269);
#2267 = CARTESIAN_POINT('',(47.18,23.15,-9.32E-15));
#2268 = DIRECTION('',(2.2E-16,1.,-2.2E-16));
#2269 = DIRECTION('',(2.2E-16,-2.2E-16,-1.));
#2270 = ADVANCED_FACE('',(#2271),#2296,.T.);
#2271 = FACE_BOUND('',#2272,.T.);
#2272 = EDGE_LOOP('',(#2273,#2274,#2282,#2290));
#2273 = ORIENTED_EDGE('',*,*,#2252,.T.);
#2274 = ORIENTED_EDGE('',*,*,#2275,.T.);
#2275 = EDGE_CURVE('',#2245,#2276,#2278,.T.);
#2276 = VERTEX_POINT('',#2277);
#2277 = CARTESIAN_POINT('',(66.,8.6,-1.82));
#2278 = LINE('',#2279,#2280);
#2279 = CARTESIAN_POINT('',(66.,23.15,-1.82));
#2280 = VECTOR('',#2281,1.);
#2281 = DIRECTION('',(0.,-1.,0.));
#2282 = ORIENTED_EDGE('',*,*,#2283,.F.);
#2283 = EDGE_CURVE('',#2284,#2276,#2286,.T.);
#2284 = VERTEX_POINT('',#2285);
#2285 = CARTESIAN_POINT('',(47.18,8.6,-1.82));
#2286 = LINE('',#2287,#2288);
#2287 = CARTESIAN_POINT('',(47.18,8.6,-1.82));
#2288 = VECTOR('',#2289,1.);
#2289 = DIRECTION('',(1.,-2.2E-16,2.2E-16));
#2290 = ORIENTED_EDGE('',*,*,#2291,.F.);
#2291 = EDGE_CURVE('',#2253,#2284,#2292,.T.);
#2292 = LINE('',#2293,#2294);
#2293 = CARTESIAN_POINT('',(47.18,23.15,-1.82));
#2294 = VECTOR('',#2295,1.);
#2295 = DIRECTION('',(0.,-1.,0.));
#2296 = PLANE('',#2297);
#2297 = AXIS2_PLACEMENT_3D('',#2298,#2299,#2300);
#2298 = CARTESIAN_POINT('',(47.18,23.15,-1.82));
#2299 = DIRECTION('',(2.2E-16,-2.2E-16,-1.));
#2300 = DIRECTION('',(0.,-1.,2.2E-16));
#2301 = ADVANCED_FACE('',(#2302),#2318,.T.);
#2302 = FACE_BOUND('',#2303,.T.);
#2303 = EDGE_LOOP('',(#2304,#2305,#2311,#2312));
#2304 = ORIENTED_EDGE('',*,*,#2283,.T.);
#2305 = ORIENTED_EDGE('',*,*,#2306,.T.);
#2306 = EDGE_CURVE('',#2276,#2206,#2307,.T.);
#2307 = LINE('',#2308,#2309);
#2308 = CARTESIAN_POINT('',(66.,8.6,-1.82));
#2309 = VECTOR('',#2310,1.);
#2310 = DIRECTION('',(0.,0.,1.));
#2311 = ORIENTED_EDGE('',*,*,#2203,.F.);
#2312 = ORIENTED_EDGE('',*,*,#2313,.F.);
#2313 = EDGE_CURVE('',#2284,#2204,#2314,.T.);
#2314 = LINE('',#2315,#2316);
#2315 = CARTESIAN_POINT('',(47.18,8.6,-1.82));
#2316 = VECTOR('',#2317,1.);
#2317 = DIRECTION('',(0.,0.,1.));
#2318 = PLANE('',#2319);
#2319 = AXIS2_PLACEMENT_3D('',#2320,#2321,#2322);
#2320 = CARTESIAN_POINT('',(47.18,8.6,-1.82));
#2321 = DIRECTION('',(-2.2E-16,-1.,2.2E-16));
#2322 = DIRECTION('',(-2.2E-16,2.2E-16,1.));
#2323 = ADVANCED_FACE('',(#2324),#2330,.F.);
#2324 = FACE_BOUND('',#2325,.T.);
#2325 = EDGE_LOOP('',(#2326,#2327,#2328,#2329));
#2326 = ORIENTED_EDGE('',*,*,#2229,.T.);
#2327 = ORIENTED_EDGE('',*,*,#2260,.T.);
#2328 = ORIENTED_EDGE('',*,*,#2291,.T.);
#2329 = ORIENTED_EDGE('',*,*,#2313,.T.);
#2330 = PLANE('',#2331);
#2331 = AXIS2_PLACEMENT_3D('',#2332,#2333,#2334);
#2332 = CARTESIAN_POINT('',(47.18,15.875,-0.91));
#2333 = DIRECTION('',(1.,0.,0.));
#2334 = DIRECTION('',(-0.,0.,1.));
#2335 = ADVANCED_FACE('',(#2336),#2342,.T.);
#2336 = FACE_BOUND('',#2337,.F.);
#2337 = EDGE_LOOP('',(#2338,#2339,#2340,#2341));
#2338 = ORIENTED_EDGE('',*,*,#2213,.T.);
#2339 = ORIENTED_EDGE('',*,*,#2244,.T.);
#2340 = ORIENTED_EDGE('',*,*,#2275,.T.);
#2341 = ORIENTED_EDGE('',*,*,#2306,.T.);
#2342 = PLANE('',#2343);
#2343 = AXIS2_PLACEMENT_3D('',#2344,#2345,#2346);
#2344 = CARTESIAN_POINT('',(66.,15.875,-0.91));
#2345 = DIRECTION('',(1.,0.,0.));
#2346 = DIRECTION('',(0.,0.,1.));
#2347 = ( GEOMETRIC_REPRESENTATION_CONTEXT(3) 
GLOBAL_UNCERTAINTY_ASSIGNED_CONTEXT((#2351)) 
GLOBAL_UNIT_ASSIGNED_CONTEXT((#2348,#2349,#2350)) REPRESENTATION_CONTEXT
('Context #1','3D Context with UNIT and UNCERTAINTY') );
#2348 = ( LENGTH_UNIT() NAMED_UNIT(*) SI_UNIT(.MILLI.,.METRE.) );
#2349 = ( NAMED_UNIT(*) PLANE_ANGLE_UNIT() SI_UNIT($,.RADIAN.) );
#2350 = ( NAMED_UNIT(*) SI_UNIT($,.STERADIAN.) SOLID_ANGLE_UNIT() );
#2351 = UNCERTAINTY_MEASURE_WITH_UNIT(LENGTH_MEASURE(1.E-07),#2348,
  'distance_accuracy_value','confusion accuracy');
#2352 = CONTEXT_DEPENDENT_SHAPE_REPRESENTATION(#2353,#2355);
#2353 = ( REPRESENTATION_RELATIONSHIP('','',#2196,#10) 
REPRESENTATION_RELATIONSHIP_WITH_TRANSFORMATION(#2354) 
SHAPE_REPRESENTATION_RELATIONSHIP() );
#2354 = ITEM_DEFINED_TRANSFORMATION('','',#11,#47);
#2355 = PRODUCT_DEFINITION_SHAPE('Placement','Placement of an item',
  #2356);
#2356 = NEXT_ASSEMBLY_USAGE_OCCURRENCE('9','SD Card Holder','',#5,#2191,
  $);
#2357 = PRODUCT_RELATED_PRODUCT_CATEGORY('part',$,(#2193));
#2358 = SHAPE_DEFINITION_REPRESENTATION(#2359,#2365);
#2359 = PRODUCT_DEFINITION_SHAPE('','',#2360);
#2360 = PRODUCT_DEFINITION('design','',#2361,#2364);
#2361 = PRODUCT_DEFINITION_FORMATION('','',#2362);
#2362 = PRODUCT('Boot Button Case','Boot Button Case','',(#2363));
#2363 = PRODUCT_CONTEXT('',#2,'mechanical');
#2364 = PRODUCT_DEFINITION_CONTEXT('part definition',#2,'design');
#2365 = ADVANCED_BREP_SHAPE_REPRESENTATION('',(#11,#2366),#2516);
#2366 = MANIFOLD_SOLID_BREP('',#2367);
#2367 = CLOSED_SHELL('',(#2368,#2408,#2439,#2470,#2492,#2504));
#2368 = ADVANCED_FACE('',(#2369),#2403,.F.);
#2369 = FACE_BOUND('',#2370,.F.);
#2370 = EDGE_LOOP('',(#2371,#2381,#2389,#2397));
#2371 = ORIENTED_EDGE('',*,*,#2372,.T.);
#2372 = EDGE_CURVE('',#2373,#2375,#2377,.T.);
#2373 = VERTEX_POINT('',#2374);
#2374 = CARTESIAN_POINT('',(31.95,2.8,1.E-15));
#2375 = VERTEX_POINT('',#2376);
#2376 = CARTESIAN_POINT('',(31.95,0.,0.));
#2377 = LINE('',#2378,#2379);
#2378 = CARTESIAN_POINT('',(31.95,2.8,9.3E-16));
#2379 = VECTOR('',#2380,1.);
#2380 = DIRECTION('',(0.,-1.,-3.3E-16));
#2381 = ORIENTED_EDGE('',*,*,#2382,.T.);
#2382 = EDGE_CURVE('',#2375,#2383,#2385,.T.);
#2383 = VERTEX_POINT('',#2384);
#2384 = CARTESIAN_POINT('',(31.95,0.,-1.9));
#2385 = LINE('',#2386,#2387);
#2386 = CARTESIAN_POINT('',(31.95,0.,0.));
#2387 = VECTOR('',#2388,1.);
#2388 = DIRECTION('',(0.,0.,-1.));
#2389 = ORIENTED_EDGE('',*,*,#2390,.F.);
#2390 = EDGE_CURVE('',#2391,#2383,#2393,.T.);
#2391 = VERTEX_POINT('',#2392);
#2392 = CARTESIAN_POINT('',(31.95,2.8,-1.9));
#2393 = LINE('',#2394,#2395);
#2394 = CARTESIAN_POINT('',(31.95,2.8,-1.9));
#2395 = VECTOR('',#2396,1.);
#2396 = DIRECTION('',(0.,-1.,-3.3E-16));
#2397 = ORIENTED_EDGE('',*,*,#2398,.F.);
#2398 = EDGE_CURVE('',#2373,#2391,#2399,.T.);
#2399 = LINE('',#2400,#2401);
#2400 = CARTESIAN_POINT('',(31.95,2.8,1.E-15));
#2401 = VECTOR('',#2402,1.);
#2402 = DIRECTION('',(0.,0.,-1.));
#2403 = PLANE('',#2404);
#2404 = AXIS2_PLACEMENT_3D('',#2405,#2406,#2407);
#2405 = CARTESIAN_POINT('',(31.95,2.8,9.3E-16));
#2406 = DIRECTION('',(1.,0.,0.));
#2407 = DIRECTION('',(0.,2.2E-16,-1.));
#2408 = ADVANCED_FACE('',(#2409),#2434,.F.);
#2409 = FACE_BOUND('',#2410,.F.);
#2410 = EDGE_LOOP('',(#2411,#2412,#2420,#2428));
#2411 = ORIENTED_EDGE('',*,*,#2390,.T.);
#2412 = ORIENTED_EDGE('',*,*,#2413,.T.);
#2413 = EDGE_CURVE('',#2383,#2414,#2416,.T.);
#2414 = VERTEX_POINT('',#2415);
#2415 = CARTESIAN_POINT('',(36.45,0.,-1.9));
#2416 = LINE('',#2417,#2418);
#2417 = CARTESIAN_POINT('',(31.95,0.,-1.9));
#2418 = VECTOR('',#2419,1.);
#2419 = DIRECTION('',(1.,0.,0.));
#2420 = ORIENTED_EDGE('',*,*,#2421,.F.);
#2421 = EDGE_CURVE('',#2422,#2414,#2424,.T.);
#2422 = VERTEX_POINT('',#2423);
#2423 = CARTESIAN_POINT('',(36.45,2.8,-1.9));
#2424 = LINE('',#2425,#2426);
#2425 = CARTESIAN_POINT('',(36.45,2.8,-1.9));
#2426 = VECTOR('',#2427,1.);
#2427 = DIRECTION('',(0.,-1.,-3.3E-16));
#2428 = ORIENTED_EDGE('',*,*,#2429,.F.);
#2429 = EDGE_CURVE('',#2391,#2422,#2430,.T.);
#2430 = LINE('',#2431,#2432);
#2431 = CARTESIAN_POINT('',(31.95,2.8,-1.9));
#2432 = VECTOR('',#2433,1.);
#2433 = DIRECTION('',(1.,0.,0.));
#2434 = PLANE('',#2435);
#2435 = AXIS2_PLACEMENT_3D('',#2436,#2437,#2438);
#2436 = CARTESIAN_POINT('',(31.95,2.8,-1.9));
#2437 = DIRECTION('',(0.,-3.3E-16,1.));
#2438 = DIRECTION('',(1.,0.,0.));
#2439 = ADVANCED_FACE('',(#2440),#2465,.F.);
#2440 = FACE_BOUND('',#2441,.F.);
#2441 = EDGE_LOOP('',(#2442,#2443,#2451,#2459));
#2442 = ORIENTED_EDGE('',*,*,#2421,.T.);
#2443 = ORIENTED_EDGE('',*,*,#2444,.T.);
#2444 = EDGE_CURVE('',#2414,#2445,#2447,.T.);
#2445 = VERTEX_POINT('',#2446);
#2446 = CARTESIAN_POINT('',(36.45,0.,0.));
#2447 = LINE('',#2448,#2449);
#2448 = CARTESIAN_POINT('',(36.45,0.,-1.9));
#2449 = VECTOR('',#2450,1.);
#2450 = DIRECTION('',(0.,0.,1.));
#2451 = ORIENTED_EDGE('',*,*,#2452,.F.);
#2452 = EDGE_CURVE('',#2453,#2445,#2455,.T.);
#2453 = VERTEX_POINT('',#2454);
#2454 = CARTESIAN_POINT('',(36.45,2.8,1.E-15));
#2455 = LINE('',#2456,#2457);
#2456 = CARTESIAN_POINT('',(36.45,2.8,9.3E-16));
#2457 = VECTOR('',#2458,1.);
#2458 = DIRECTION('',(0.,-1.,-3.3E-16));
#2459 = ORIENTED_EDGE('',*,*,#2460,.F.);
#2460 = EDGE_CURVE('',#2422,#2453,#2461,.T.);
#2461 = LINE('',#2462,#2463);
#2462 = CARTESIAN_POINT('',(36.45,2.8,-1.9));
#2463 = VECTOR('',#2464,1.);
#2464 = DIRECTION('',(0.,0.,1.));
#2465 = PLANE('',#2466);
#2466 = AXIS2_PLACEMENT_3D('',#2467,#2468,#2469);
#2467 = CARTESIAN_POINT('',(36.45,2.8,-1.9));
#2468 = DIRECTION('',(-1.,-0.,0.));
#2469 = DIRECTION('',(0.,-2.2E-16,1.));
#2470 = ADVANCED_FACE('',(#2471),#2487,.F.);
#2471 = FACE_BOUND('',#2472,.F.);
#2472 = EDGE_LOOP('',(#2473,#2474,#2480,#2481));
#2473 = ORIENTED_EDGE('',*,*,#2452,.T.);
#2474 = ORIENTED_EDGE('',*,*,#2475,.T.);
#2475 = EDGE_CURVE('',#2445,#2375,#2476,.T.);
#2476 = LINE('',#2477,#2478);
#2477 = CARTESIAN_POINT('',(36.45,0.,0.));
#2478 = VECTOR('',#2479,1.);
#2479 = DIRECTION('',(-1.,0.,0.));
#2480 = ORIENTED_EDGE('',*,*,#2372,.F.);
#2481 = ORIENTED_EDGE('',*,*,#2482,.F.);
#2482 = EDGE_CURVE('',#2453,#2373,#2483,.T.);
#2483 = LINE('',#2484,#2485);
#2484 = CARTESIAN_POINT('',(36.45,2.8,1.E-15));
#2485 = VECTOR('',#2486,1.);
#2486 = DIRECTION('',(-1.,0.,0.));
#2487 = PLANE('',#2488);
#2488 = AXIS2_PLACEMENT_3D('',#2489,#2490,#2491);
#2489 = CARTESIAN_POINT('',(36.45,2.8,9.3E-16));
#2490 = DIRECTION('',(-0.,3.3E-16,-1.));
#2491 = DIRECTION('',(-1.,-0.,0.));
#2492 = ADVANCED_FACE('',(#2493),#2499,.T.);
#2493 = FACE_BOUND('',#2494,.F.);
#2494 = EDGE_LOOP('',(#2495,#2496,#2497,#2498));
#2495 = ORIENTED_EDGE('',*,*,#2398,.T.);
#2496 = ORIENTED_EDGE('',*,*,#2429,.T.);
#2497 = ORIENTED_EDGE('',*,*,#2460,.T.);
#2498 = ORIENTED_EDGE('',*,*,#2482,.T.);
#2499 = PLANE('',#2500);
#2500 = AXIS2_PLACEMENT_3D('',#2501,#2502,#2503);
#2501 = CARTESIAN_POINT('',(34.2,2.8,-0.95));
#2502 = DIRECTION('',(0.,1.,2.3E-16));
#2503 = DIRECTION('',(0.,-2.3E-16,1.));
#2504 = ADVANCED_FACE('',(#2505),#2511,.F.);
#2505 = FACE_BOUND('',#2506,.T.);
#2506 = EDGE_LOOP('',(#2507,#2508,#2509,#2510));
#2507 = ORIENTED_EDGE('',*,*,#2382,.T.);
#2508 = ORIENTED_EDGE('',*,*,#2413,.T.);
#2509 = ORIENTED_EDGE('',*,*,#2444,.T.);
#2510 = ORIENTED_EDGE('',*,*,#2475,.T.);
#2511 = PLANE('',#2512);
#2512 = AXIS2_PLACEMENT_3D('',#2513,#2514,#2515);
#2513 = CARTESIAN_POINT('',(34.2,4.440892098501E-16,-0.95));
#2514 = DIRECTION('',(0.,1.,2.3E-16));
#2515 = DIRECTION('',(0.,-2.3E-16,1.));
#2516 = ( GEOMETRIC_REPRESENTATION_CONTEXT(3) 
GLOBAL_UNCERTAINTY_ASSIGNED_CONTEXT((#2520)) 
GLOBAL_UNIT_ASSIGNED_CONTEXT((#2517,#2518,#2519)) REPRESENTATION_CONTEXT
('Context #1','3D Context with UNIT and UNCERTAINTY') );
#2517 = ( LENGTH_UNIT() NAMED_UNIT(*) SI_UNIT(.MILLI.,.METRE.) );
#2518 = ( NAMED_UNIT(*) PLANE_ANGLE_UNIT() SI_UNIT($,.RADIAN.) );
#2519 = ( NAMED_UNIT(*) SI_UNIT($,.STERADIAN.) SOLID_ANGLE_UNIT() );
#2520 = UNCERTAINTY_MEASURE_WITH_UNIT(LENGTH_MEASURE(1.E-07),#2517,
  'distance_accuracy_value','confusion accuracy');
#2521 = CONTEXT_DEPENDENT_SHAPE_REPRESENTATION(#2522,#2524);
#2522 = ( REPRESENTATION_RELATIONSHIP('','',#2365,#10) 
REPRESENTATION_RELATIONSHIP_WITH_TRANSFORMATION(#2523) 
SHAPE_REPRESENTATION_RELATIONSHIP() );
#2523 = ITEM_DEFINED_TRANSFORMATION('','',#11,#51);
#2524 = PRODUCT_DEFINITION_SHAPE('Placement','Placement of an item',
  #2525);
#2525 = NEXT_ASSEMBLY_USAGE_OCCURRENCE('10','Boot Button Case','',#5,
  #2360,$);
#2526 = PRODUCT_RELATED_PRODUCT_CATEGORY('part',$,(#2362));
#2527 = SHAPE_DEFINITION_REPRESENTATION(#2528,#2534);
#2528 = PRODUCT_DEFINITION_SHAPE('','',#2529);
#2529 = PRODUCT_DEFINITION('design','',#2530,#2533);
#2530 = PRODUCT_DEFINITION_FORMATION('','',#2531);
#2531 = PRODUCT('Boot Button Pin','Boot Button Pin','',(#2532));
#2532 = PRODUCT_CONTEXT('',#2,'mechanical');
#2533 = PRODUCT_DEFINITION_CONTEXT('part definition',#2,'design');
#2534 = ADVANCED_BREP_SHAPE_REPRESENTATION('',(#11,#2535),#2685);
#2535 = MANIFOLD_SOLID_BREP('',#2536);
#2536 = CLOSED_SHELL('',(#2537,#2577,#2608,#2639,#2661,#2673));
#2537 = ADVANCED_FACE('',(#2538),#2572,.F.);
#2538 = FACE_BOUND('',#2539,.F.);
#2539 = EDGE_LOOP('',(#2540,#2550,#2558,#2566));
#2540 = ORIENTED_EDGE('',*,*,#2541,.T.);
#2541 = EDGE_CURVE('',#2542,#2544,#2546,.T.);
#2542 = VERTEX_POINT('',#2543);
#2543 = CARTESIAN_POINT('',(33.15,0.,-0.6));
#2544 = VERTEX_POINT('',#2545);
#2545 = CARTESIAN_POINT('',(33.15,-0.92,-0.6));
#2546 = LINE('',#2547,#2548);
#2547 = CARTESIAN_POINT('',(33.15,1.3E-16,-0.6));
#2548 = VECTOR('',#2549,1.);
#2549 = DIRECTION('',(0.,-1.,-3.3E-16));
#2550 = ORIENTED_EDGE('',*,*,#2551,.T.);
#2551 = EDGE_CURVE('',#2544,#2552,#2554,.T.);
#2552 = VERTEX_POINT('',#2553);
#2553 = CARTESIAN_POINT('',(33.15,-0.92,-1.3));
#2554 = LINE('',#2555,#2556);
#2555 = CARTESIAN_POINT('',(33.15,-0.92,-0.6));
#2556 = VECTOR('',#2557,1.);
#2557 = DIRECTION('',(0.,0.,-1.));
#2558 = ORIENTED_EDGE('',*,*,#2559,.F.);
#2559 = EDGE_CURVE('',#2560,#2552,#2562,.T.);
#2560 = VERTEX_POINT('',#2561);
#2561 = CARTESIAN_POINT('',(33.15,0.,-1.3));
#2562 = LINE('',#2563,#2564);
#2563 = CARTESIAN_POINT('',(33.15,2.9E-16,-1.3));
#2564 = VECTOR('',#2565,1.);
#2565 = DIRECTION('',(0.,-1.,-3.3E-16));
#2566 = ORIENTED_EDGE('',*,*,#2567,.F.);
#2567 = EDGE_CURVE('',#2542,#2560,#2568,.T.);
#2568 = LINE('',#2569,#2570);
#2569 = CARTESIAN_POINT('',(33.15,0.,-0.6));
#2570 = VECTOR('',#2571,1.);
#2571 = DIRECTION('',(0.,0.,-1.));
#2572 = PLANE('',#2573);
#2573 = AXIS2_PLACEMENT_3D('',#2574,#2575,#2576);
#2574 = CARTESIAN_POINT('',(33.15,1.3E-16,-0.6));
#2575 = DIRECTION('',(1.,0.,0.));
#2576 = DIRECTION('',(0.,2.2E-16,-1.));
#2577 = ADVANCED_FACE('',(#2578),#2603,.F.);
#2578 = FACE_BOUND('',#2579,.F.);
#2579 = EDGE_LOOP('',(#2580,#2581,#2589,#2597));
#2580 = ORIENTED_EDGE('',*,*,#2559,.T.);
#2581 = ORIENTED_EDGE('',*,*,#2582,.T.);
#2582 = EDGE_CURVE('',#2552,#2583,#2585,.T.);
#2583 = VERTEX_POINT('',#2584);
#2584 = CARTESIAN_POINT('',(35.25,-0.92,-1.3));
#2585 = LINE('',#2586,#2587);
#2586 = CARTESIAN_POINT('',(33.15,-0.92,-1.3));
#2587 = VECTOR('',#2588,1.);
#2588 = DIRECTION('',(1.,0.,0.));
#2589 = ORIENTED_EDGE('',*,*,#2590,.F.);
#2590 = EDGE_CURVE('',#2591,#2583,#2593,.T.);
#2591 = VERTEX_POINT('',#2592);
#2592 = CARTESIAN_POINT('',(35.25,0.,-1.3));
#2593 = LINE('',#2594,#2595);
#2594 = CARTESIAN_POINT('',(35.25,2.9E-16,-1.3));
#2595 = VECTOR('',#2596,1.);
#2596 = DIRECTION('',(0.,-1.,-3.3E-16));
#2597 = ORIENTED_EDGE('',*,*,#2598,.F.);
#2598 = EDGE_CURVE('',#2560,#2591,#2599,.T.);
#2599 = LINE('',#2600,#2601);
#2600 = CARTESIAN_POINT('',(33.15,0.,-1.3));
#2601 = VECTOR('',#2602,1.);
#2602 = DIRECTION('',(1.,0.,0.));
#2603 = PLANE('',#2604);
#2604 = AXIS2_PLACEMENT_3D('',#2605,#2606,#2607);
#2605 = CARTESIAN_POINT('',(33.15,2.9E-16,-1.3));
#2606 = DIRECTION('',(0.,-3.3E-16,1.));
#2607 = DIRECTION('',(1.,0.,0.));
#2608 = ADVANCED_FACE('',(#2609),#2634,.F.);
#2609 = FACE_BOUND('',#2610,.F.);
#2610 = EDGE_LOOP('',(#2611,#2612,#2620,#2628));
#2611 = ORIENTED_EDGE('',*,*,#2590,.T.);
#2612 = ORIENTED_EDGE('',*,*,#2613,.T.);
#2613 = EDGE_CURVE('',#2583,#2614,#2616,.T.);
#2614 = VERTEX_POINT('',#2615);
#2615 = CARTESIAN_POINT('',(35.25,-0.92,-0.6));
#2616 = LINE('',#2617,#2618);
#2617 = CARTESIAN_POINT('',(35.25,-0.92,-1.3));
#2618 = VECTOR('',#2619,1.);
#2619 = DIRECTION('',(0.,0.,1.));
#2620 = ORIENTED_EDGE('',*,*,#2621,.F.);
#2621 = EDGE_CURVE('',#2622,#2614,#2624,.T.);
#2622 = VERTEX_POINT('',#2623);
#2623 = CARTESIAN_POINT('',(35.25,0.,-0.6));
#2624 = LINE('',#2625,#2626);
#2625 = CARTESIAN_POINT('',(35.25,1.3E-16,-0.6));
#2626 = VECTOR('',#2627,1.);
#2627 = DIRECTION('',(0.,-1.,-3.3E-16));
#2628 = ORIENTED_EDGE('',*,*,#2629,.F.);
#2629 = EDGE_CURVE('',#2591,#2622,#2630,.T.);
#2630 = LINE('',#2631,#2632);
#2631 = CARTESIAN_POINT('',(35.25,0.,-1.3));
#2632 = VECTOR('',#2633,1.);
#2633 = DIRECTION('',(0.,0.,1.));
#2634 = PLANE('',#2635);
#2635 = AXIS2_PLACEMENT_3D('',#2636,#2637,#2638);
#2636 = CARTESIAN_POINT('',(35.25,2.9E-16,-1.3));
#2637 = DIRECTION('',(-1.,-0.,0.));
#2638 = DIRECTION('',(0.,-2.2E-16,1.));
#2639 = ADVANCED_FACE('',(#2640),#2656,.F.);
#2640 = FACE_BOUND('',#2641,.F.);
#2641 = EDGE_LOOP('',(#2642,#2643,#2649,#2650));
#2642 = ORIENTED_EDGE('',*,*,#2621,.T.);
#2643 = ORIENTED_EDGE('',*,*,#2644,.T.);
#2644 = EDGE_CURVE('',#2614,#2544,#2645,.T.);
#2645 = LINE('',#2646,#2647);
#2646 = CARTESIAN_POINT('',(35.25,-0.92,-0.6));
#2647 = VECTOR('',#2648,1.);
#2648 = DIRECTION('',(-1.,0.,0.));
#2649 = ORIENTED_EDGE('',*,*,#2541,.F.);
#2650 = ORIENTED_EDGE('',*,*,#2651,.F.);
#2651 = EDGE_CURVE('',#2622,#2542,#2652,.T.);
#2652 = LINE('',#2653,#2654);
#2653 = CARTESIAN_POINT('',(35.25,0.,-0.6));
#2654 = VECTOR('',#2655,1.);
#2655 = DIRECTION('',(-1.,0.,0.));
#2656 = PLANE('',#2657);
#2657 = AXIS2_PLACEMENT_3D('',#2658,#2659,#2660);
#2658 = CARTESIAN_POINT('',(35.25,1.3E-16,-0.6));
#2659 = DIRECTION('',(-0.,3.3E-16,-1.));
#2660 = DIRECTION('',(-1.,-0.,0.));
#2661 = ADVANCED_FACE('',(#2662),#2668,.T.);
#2662 = FACE_BOUND('',#2663,.F.);
#2663 = EDGE_LOOP('',(#2664,#2665,#2666,#2667));
#2664 = ORIENTED_EDGE('',*,*,#2567,.T.);
#2665 = ORIENTED_EDGE('',*,*,#2598,.T.);
#2666 = ORIENTED_EDGE('',*,*,#2629,.T.);
#2667 = ORIENTED_EDGE('',*,*,#2651,.T.);
#2668 = PLANE('',#2669);
#2669 = AXIS2_PLACEMENT_3D('',#2670,#2671,#2672);
#2670 = CARTESIAN_POINT('',(34.2,2.1E-16,-0.95));
#2671 = DIRECTION('',(0.,1.,2.2E-16));
#2672 = DIRECTION('',(0.,-2.2E-16,1.));
#2673 = ADVANCED_FACE('',(#2674),#2680,.F.);
#2674 = FACE_BOUND('',#2675,.T.);
#2675 = EDGE_LOOP('',(#2676,#2677,#2678,#2679));
#2676 = ORIENTED_EDGE('',*,*,#2551,.T.);
#2677 = ORIENTED_EDGE('',*,*,#2582,.T.);
#2678 = ORIENTED_EDGE('',*,*,#2613,.T.);
#2679 = ORIENTED_EDGE('',*,*,#2644,.T.);
#2680 = PLANE('',#2681);
#2681 = AXIS2_PLACEMENT_3D('',#2682,#2683,#2684);
#2682 = CARTESIAN_POINT('',(34.2,-0.92,-0.95));
#2683 = DIRECTION('',(0.,1.,2.2E-16));
#2684 = DIRECTION('',(0.,-2.2E-16,1.));
#2685 = ( GEOMETRIC_REPRESENTATION_CONTEXT(3) 
GLOBAL_UNCERTAINTY_ASSIGNED_CONTEXT((#2689)) 
GLOBAL_UNIT_ASSIGNED_CONTEXT((#2686,#2687,#2688)) REPRESENTATION_CONTEXT
('Context #1','3D Context with UNIT and UNCERTAINTY') );
#2686 = ( LENGTH_UNIT() NAMED_UNIT(*) SI_UNIT(.MILLI.,.METRE.) );
#2687 = ( NAMED_UNIT(*) PLANE_ANGLE_UNIT() SI_UNIT($,.RADIAN.) );
#2688 = ( NAMED_UNIT(*) SI_UNIT($,.STERADIAN.) SOLID_ANGLE_UNIT() );
#2689 = UNCERTAINTY_MEASURE_WITH_UNIT(LENGTH_MEASURE(1.E-07),#2686,
  'distance_accuracy_value','confusion accuracy');
#2690 = CONTEXT_DEPENDENT_SHAPE_REPRESENTATION(#2691,#2693);
#2691 = ( REPRESENTATION_RELATIONSHIP('','',#2534,#10) 
REPRESENTATION_RELATIONSHIP_WITH_TRANSFORMATION(#2692) 
SHAPE_REPRESENTATION_RELATIONSHIP() );
#2692 = ITEM_DEFINED_TRANSFORMATION('','',#11,#55);
#2693 = PRODUCT_DEFINITION_SHAPE('Placement','Placement of an item',
  #2694);
#2694 = NEXT_ASSEMBLY_USAGE_OCCURRENCE('11','Boot Button Pin','',#5,
  #2529,$);
#2695 = PRODUCT_RELATED_PRODUCT_CATEGORY('part',$,(#2531));
#2696 = SHAPE_DEFINITION_REPRESENTATION(#2697,#2703);
#2697 = PRODUCT_DEFINITION_SHAPE('','',#2698);
#2698 = PRODUCT_DEFINITION('design','',#2699,#2702);
#2699 = PRODUCT_DEFINITION_FORMATION('','',#2700);
#2700 = PRODUCT('Antenna','Antenna','',(#2701));
#2701 = PRODUCT_CONTEXT('',#2,'mechanical');
#2702 = PRODUCT_DEFINITION_CONTEXT('part definition',#2,'design');
#2703 = ADVANCED_BREP_SHAPE_REPRESENTATION('',(#11,#2704),#2854);
#2704 = MANIFOLD_SOLID_BREP('',#2705);
#2705 = CLOSED_SHELL('',(#2706,#2746,#2777,#2808,#2830,#2842));
#2706 = ADVANCED_FACE('',(#2707),#2741,.T.);
#2707 = FACE_BOUND('',#2708,.T.);
#2708 = EDGE_LOOP('',(#2709,#2719,#2727,#2735));
#2709 = ORIENTED_EDGE('',*,*,#2710,.T.);
#2710 = EDGE_CURVE('',#2711,#2713,#2715,.T.);
#2711 = VERTEX_POINT('',#2712);
#2712 = CARTESIAN_POINT('',(0.,27.23,-3.2));
#2713 = VERTEX_POINT('',#2714);
#2714 = CARTESIAN_POINT('',(0.,27.23,0.));
#2715 = LINE('',#2716,#2717);
#2716 = CARTESIAN_POINT('',(0.,27.23,-3.2));
#2717 = VECTOR('',#2718,1.);
#2718 = DIRECTION('',(0.,0.,1.));
#2719 = ORIENTED_EDGE('',*,*,#2720,.T.);
#2720 = EDGE_CURVE('',#2713,#2721,#2723,.T.);
#2721 = VERTEX_POINT('',#2722);
#2722 = CARTESIAN_POINT('',(5.65,27.23,0.));
#2723 = LINE('',#2724,#2725);
#2724 = CARTESIAN_POINT('',(0.,27.23,0.));
#2725 = VECTOR('',#2726,1.);
#2726 = DIRECTION('',(1.,0.,0.));
#2727 = ORIENTED_EDGE('',*,*,#2728,.F.);
#2728 = EDGE_CURVE('',#2729,#2721,#2731,.T.);
#2729 = VERTEX_POINT('',#2730);
#2730 = CARTESIAN_POINT('',(5.65,27.23,-3.2));
#2731 = LINE('',#2732,#2733);
#2732 = CARTESIAN_POINT('',(5.65,27.23,-3.2));
#2733 = VECTOR('',#2734,1.);
#2734 = DIRECTION('',(0.,0.,1.));
#2735 = ORIENTED_EDGE('',*,*,#2736,.F.);
#2736 = EDGE_CURVE('',#2711,#2729,#2737,.T.);
#2737 = LINE('',#2738,#2739);
#2738 = CARTESIAN_POINT('',(0.,27.23,-3.2));
#2739 = VECTOR('',#2740,1.);
#2740 = DIRECTION('',(1.,0.,0.));
#2741 = PLANE('',#2742);
#2742 = AXIS2_PLACEMENT_3D('',#2743,#2744,#2745);
#2743 = CARTESIAN_POINT('',(0.,27.23,-3.2));
#2744 = DIRECTION('',(0.,1.,0.));
#2745 = DIRECTION('',(1.,0.,0.));
#2746 = ADVANCED_FACE('',(#2747),#2772,.T.);
#2747 = FACE_BOUND('',#2748,.T.);
#2748 = EDGE_LOOP('',(#2749,#2750,#2758,#2766));
#2749 = ORIENTED_EDGE('',*,*,#2728,.T.);
#2750 = ORIENTED_EDGE('',*,*,#2751,.T.);
#2751 = EDGE_CURVE('',#2721,#2752,#2754,.T.);
#2752 = VERTEX_POINT('',#2753);
#2753 = CARTESIAN_POINT('',(5.65,13.33,0.));
#2754 = LINE('',#2755,#2756);
#2755 = CARTESIAN_POINT('',(5.65,27.23,0.));
#2756 = VECTOR('',#2757,1.);
#2757 = DIRECTION('',(0.,-1.,0.));
#2758 = ORIENTED_EDGE('',*,*,#2759,.F.);
#2759 = EDGE_CURVE('',#2760,#2752,#2762,.T.);
#2760 = VERTEX_POINT('',#2761);
#2761 = CARTESIAN_POINT('',(5.65,13.33,-3.2));
#2762 = LINE('',#2763,#2764);
#2763 = CARTESIAN_POINT('',(5.65,13.33,-3.2));
#2764 = VECTOR('',#2765,1.);
#2765 = DIRECTION('',(0.,0.,1.));
#2766 = ORIENTED_EDGE('',*,*,#2767,.F.);
#2767 = EDGE_CURVE('',#2729,#2760,#2768,.T.);
#2768 = LINE('',#2769,#2770);
#2769 = CARTESIAN_POINT('',(5.65,27.23,-3.2));
#2770 = VECTOR('',#2771,1.);
#2771 = DIRECTION('',(0.,-1.,0.));
#2772 = PLANE('',#2773);
#2773 = AXIS2_PLACEMENT_3D('',#2774,#2775,#2776);
#2774 = CARTESIAN_POINT('',(5.65,27.23,-3.2));
#2775 = DIRECTION('',(1.,0.,-0.));
#2776 = DIRECTION('',(0.,-1.,0.));
#2777 = ADVANCED_FACE('',(#2778),#2803,.T.);
#2778 = FACE_BOUND('',#2779,.T.);
#2779 = EDGE_LOOP('',(#2780,#2781,#2789,#2797));
#2780 = ORIENTED_EDGE('',*,*,#2759,.T.);
#2781 = ORIENTED_EDGE('',*,*,#2782,.T.);
#2782 = EDGE_CURVE('',#2752,#2783,#2785,.T.);
#2783 = VERTEX_POINT('',#2784);
#2784 = CARTESIAN_POINT('',(0.,13.33,0.));
#2785 = LINE('',#2786,#2787);
#2786 = CARTESIAN_POINT('',(5.65,13.33,0.));
#2787 = VECTOR('',#2788,1.);
#2788 = DIRECTION('',(-1.,0.,0.));
#2789 = ORIENTED_EDGE('',*,*,#2790,.F.);
#2790 = EDGE_CURVE('',#2791,#2783,#2793,.T.);
#2791 = VERTEX_POINT('',#2792);
#2792 = CARTESIAN_POINT('',(0.,13.33,-3.2));
#2793 = LINE('',#2794,#2795);
#2794 = CARTESIAN_POINT('',(0.,13.33,-3.2));
#2795 = VECTOR('',#2796,1.);
#2796 = DIRECTION('',(0.,0.,1.));
#2797 = ORIENTED_EDGE('',*,*,#2798,.F.);
#2798 = EDGE_CURVE('',#2760,#2791,#2799,.T.);
#2799 = LINE('',#2800,#2801);
#2800 = CARTESIAN_POINT('',(5.65,13.33,-3.2));
#2801 = VECTOR('',#2802,1.);
#2802 = DIRECTION('',(-1.,0.,0.));
#2803 = PLANE('',#2804);
#2804 = AXIS2_PLACEMENT_3D('',#2805,#2806,#2807);
#2805 = CARTESIAN_POINT('',(5.65,13.33,-3.2));
#2806 = DIRECTION('',(0.,-1.,0.));
#2807 = DIRECTION('',(-1.,0.,0.));
#2808 = ADVANCED_FACE('',(#2809),#2825,.T.);
#2809 = FACE_BOUND('',#2810,.T.);
#2810 = EDGE_LOOP('',(#2811,#2812,#2818,#2819));
#2811 = ORIENTED_EDGE('',*,*,#2790,.T.);
#2812 = ORIENTED_EDGE('',*,*,#2813,.T.);
#2813 = EDGE_CURVE('',#2783,#2713,#2814,.T.);
#2814 = LINE('',#2815,#2816);
#2815 = CARTESIAN_POINT('',(0.,13.33,0.));
#2816 = VECTOR('',#2817,1.);
#2817 = DIRECTION('',(0.,1.,0.));
#2818 = ORIENTED_EDGE('',*,*,#2710,.F.);
#2819 = ORIENTED_EDGE('',*,*,#2820,.F.);
#2820 = EDGE_CURVE('',#2791,#2711,#2821,.T.);
#2821 = LINE('',#2822,#2823);
#2822 = CARTESIAN_POINT('',(0.,13.33,-3.2));
#2823 = VECTOR('',#2824,1.);
#2824 = DIRECTION('',(0.,1.,0.));
#2825 = PLANE('',#2826);
#2826 = AXIS2_PLACEMENT_3D('',#2827,#2828,#2829);
#2827 = CARTESIAN_POINT('',(0.,13.33,-3.2));
#2828 = DIRECTION('',(-1.,0.,0.));
#2829 = DIRECTION('',(0.,1.,0.));
#2830 = ADVANCED_FACE('',(#2831),#2837,.F.);
#2831 = FACE_BOUND('',#2832,.T.);
#2832 = EDGE_LOOP('',(#2833,#2834,#2835,#2836));
#2833 = ORIENTED_EDGE('',*,*,#2736,.T.);
#2834 = ORIENTED_EDGE('',*,*,#2767,.T.);
#2835 = ORIENTED_EDGE('',*,*,#2798,.T.);
#2836 = ORIENTED_EDGE('',*,*,#2820,.T.);
#2837 = PLANE('',#2838);
#2838 = AXIS2_PLACEMENT_3D('',#2839,#2840,#2841);
#2839 = CARTESIAN_POINT('',(2.825,20.28,-3.2));
#2840 = DIRECTION('',(0.,0.,1.));
#2841 = DIRECTION('',(0.,1.,-0.));
#2842 = ADVANCED_FACE('',(#2843),#2849,.T.);
#2843 = FACE_BOUND('',#2844,.F.);
#2844 = EDGE_LOOP('',(#2845,#2846,#2847,#2848));
#2845 = ORIENTED_EDGE('',*,*,#2720,.T.);
#2846 = ORIENTED_EDGE('',*,*,#2751,.T.);
#2847 = ORIENTED_EDGE('',*,*,#2782,.T.);
#2848 = ORIENTED_EDGE('',*,*,#2813,.T.);
#2849 = PLANE('',#2850);
#2850 = AXIS2_PLACEMENT_3D('',#2851,#2852,#2853);
#2851 = CARTESIAN_POINT('',(2.825,20.28,-4.440892098501E-16));
#2852 = DIRECTION('',(0.,0.,1.));
#2853 = DIRECTION('',(0.,1.,0.));
#2854 = ( GEOMETRIC_REPRESENTATION_CONTEXT(3) 
GLOBAL_UNCERTAINTY_ASSIGNED_CONTEXT((#2858)) 
GLOBAL_UNIT_ASSIGNED_CONTEXT((#2855,#2856,#2857)) REPRESENTATION_CONTEXT
('Context #1','3D Context with UNIT and UNCERTAINTY') );
#2855 = ( LENGTH_UNIT() NAMED_UNIT(*) SI_UNIT(.MILLI.,.METRE.) );
#2856 = ( NAMED_UNIT(*) PLANE_ANGLE_UNIT() SI_UNIT($,.RADIAN.) );
#2857 = ( NAMED_UNIT(*) SI_UNIT($,.STERADIAN.) SOLID_ANGLE_UNIT() );
#2858 = UNCERTAINTY_MEASURE_WITH_UNIT(LENGTH_MEASURE(1.E-07),#2855,
  'distance_accuracy_value','confusion accuracy');
#2859 = CONTEXT_DEPENDENT_SHAPE_REPRESENTATION(#2860,#2862);
#2860 = ( REPRESENTATION_RELATIONSHIP('','',#2703,#10) 
REPRESENTATION_RELATIONSHIP_WITH_TRANSFORMATION(#2861) 
SHAPE_REPRESENTATION_RELATIONSHIP() );
#2861 = ITEM_DEFINED_TRANSFORMATION('','',#11,#59);
#2862 = PRODUCT_DEFINITION_SHAPE('Placement','Placement of an item',
  #2863);
#2863 = NEXT_ASSEMBLY_USAGE_OCCURRENCE('12','Antenna','',#5,#2698,$);
#2864 = PRODUCT_RELATED_PRODUCT_CATEGORY('part',$,(#2700));
#2865 = SHAPE_DEFINITION_REPRESENTATION(#2866,#2872);
#2866 = PRODUCT_DEFINITION_SHAPE('','',#2867);
#2867 = PRODUCT_DEFINITION('design','',#2868,#2871);
#2868 = PRODUCT_DEFINITION_FORMATION('','',#2869);
#2869 = PRODUCT('Pinheader','Pinheader','',(#2870));
#2870 = PRODUCT_CONTEXT('',#2,'mechanical');
#2871 = PRODUCT_DEFINITION_CONTEXT('part definition',#2,'design');
#2872 = SHAPE_REPRESENTATION('',(#11,#2873,#3023,#3173,#3323,#3473,#3623
    ,#3773,#3923,#4073,#4223,#4373,#4523,#4673,#4823,#4973,#5123,#5273,
    #5423,#5573,#5723),#5873);
#2873 = MANIFOLD_SOLID_BREP('',#2874);
#2874 = CLOSED_SHELL('',(#2875,#2915,#2946,#2977,#2999,#3011));
#2875 = ADVANCED_FACE('',(#2876),#2910,.F.);
#2876 = FACE_BOUND('',#2877,.F.);
#2877 = EDGE_LOOP('',(#2878,#2888,#2896,#2904));
#2878 = ORIENTED_EDGE('',*,*,#2879,.T.);
#2879 = EDGE_CURVE('',#2880,#2882,#2884,.T.);
#2880 = VERTEX_POINT('',#2881);
#2881 = CARTESIAN_POINT('',(12.215,35.525,-6.1));
#2882 = VERTEX_POINT('',#2883);
#2883 = CARTESIAN_POINT('',(12.215,35.525,0.));
#2884 = LINE('',#2885,#2886);
#2885 = CARTESIAN_POINT('',(12.215,35.525,-6.1));
#2886 = VECTOR('',#2887,1.);
#2887 = DIRECTION('',(0.,0.,1.));
#2888 = ORIENTED_EDGE('',*,*,#2889,.T.);
#2889 = EDGE_CURVE('',#2882,#2890,#2892,.T.);
#2890 = VERTEX_POINT('',#2891);
#2891 = CARTESIAN_POINT('',(12.215,34.875,0.));
#2892 = LINE('',#2893,#2894);
#2893 = CARTESIAN_POINT('',(12.215,35.525,0.));
#2894 = VECTOR('',#2895,1.);
#2895 = DIRECTION('',(0.,-1.,0.));
#2896 = ORIENTED_EDGE('',*,*,#2897,.F.);
#2897 = EDGE_CURVE('',#2898,#2890,#2900,.T.);
#2898 = VERTEX_POINT('',#2899);
#2899 = CARTESIAN_POINT('',(12.215,34.875,-6.1));
#2900 = LINE('',#2901,#2902);
#2901 = CARTESIAN_POINT('',(12.215,34.875,-6.1));
#2902 = VECTOR('',#2903,1.);
#2903 = DIRECTION('',(0.,0.,1.));
#2904 = ORIENTED_EDGE('',*,*,#2905,.F.);
#2905 = EDGE_CURVE('',#2880,#2898,#2906,.T.);
#2906 = LINE('',#2907,#2908);
#2907 = CARTESIAN_POINT('',(12.215,35.525,-6.1));
#2908 = VECTOR('',#2909,1.);
#2909 = DIRECTION('',(0.,-1.,0.));
#2910 = PLANE('',#2911);
#2911 = AXIS2_PLACEMENT_3D('',#2912,#2913,#2914);
#2912 = CARTESIAN_POINT('',(12.215,35.525,-6.1));
#2913 = DIRECTION('',(1.,0.,-0.));
#2914 = DIRECTION('',(0.,-1.,0.));
#2915 = ADVANCED_FACE('',(#2916),#2941,.F.);
#2916 = FACE_BOUND('',#2917,.F.);
#2917 = EDGE_LOOP('',(#2918,#2919,#2927,#2935));
#2918 = ORIENTED_EDGE('',*,*,#2897,.T.);
#2919 = ORIENTED_EDGE('',*,*,#2920,.T.);
#2920 = EDGE_CURVE('',#2890,#2921,#2923,.T.);
#2921 = VERTEX_POINT('',#2922);
#2922 = CARTESIAN_POINT('',(12.865,34.875,0.));
#2923 = LINE('',#2924,#2925);
#2924 = CARTESIAN_POINT('',(12.215,34.875,0.));
#2925 = VECTOR('',#2926,1.);
#2926 = DIRECTION('',(1.,0.,0.));
#2927 = ORIENTED_EDGE('',*,*,#2928,.F.);
#2928 = EDGE_CURVE('',#2929,#2921,#2931,.T.);
#2929 = VERTEX_POINT('',#2930);
#2930 = CARTESIAN_POINT('',(12.865,34.875,-6.1));
#2931 = LINE('',#2932,#2933);
#2932 = CARTESIAN_POINT('',(12.865,34.875,-6.1));
#2933 = VECTOR('',#2934,1.);
#2934 = DIRECTION('',(0.,0.,1.));
#2935 = ORIENTED_EDGE('',*,*,#2936,.F.);
#2936 = EDGE_CURVE('',#2898,#2929,#2937,.T.);
#2937 = LINE('',#2938,#2939);
#2938 = CARTESIAN_POINT('',(12.215,34.875,-6.1));
#2939 = VECTOR('',#2940,1.);
#2940 = DIRECTION('',(1.,0.,0.));
#2941 = PLANE('',#2942);
#2942 = AXIS2_PLACEMENT_3D('',#2943,#2944,#2945);
#2943 = CARTESIAN_POINT('',(12.215,34.875,-6.1));
#2944 = DIRECTION('',(0.,1.,0.));
#2945 = DIRECTION('',(1.,0.,0.));
#2946 = ADVANCED_FACE('',(#2947),#2972,.F.);
#2947 = FACE_BOUND('',#2948,.F.);
#2948 = EDGE_LOOP('',(#2949,#2950,#2958,#2966));
#2949 = ORIENTED_EDGE('',*,*,#2928,.T.);
#2950 = ORIENTED_EDGE('',*,*,#2951,.T.);
#2951 = EDGE_CURVE('',#2921,#2952,#2954,.T.);
#2952 = VERTEX_POINT('',#2953);
#2953 = CARTESIAN_POINT('',(12.865,35.525,0.));
#2954 = LINE('',#2955,#2956);
#2955 = CARTESIAN_POINT('',(12.865,34.875,0.));
#2956 = VECTOR('',#2957,1.);
#2957 = DIRECTION('',(0.,1.,0.));
#2958 = ORIENTED_EDGE('',*,*,#2959,.F.);
#2959 = EDGE_CURVE('',#2960,#2952,#2962,.T.);
#2960 = VERTEX_POINT('',#2961);
#2961 = CARTESIAN_POINT('',(12.865,35.525,-6.1));
#2962 = LINE('',#2963,#2964);
#2963 = CARTESIAN_POINT('',(12.865,35.525,-6.1));
#2964 = VECTOR('',#2965,1.);
#2965 = DIRECTION('',(0.,0.,1.));
#2966 = ORIENTED_EDGE('',*,*,#2967,.F.);
#2967 = EDGE_CURVE('',#2929,#2960,#2968,.T.);
#2968 = LINE('',#2969,#2970);
#2969 = CARTESIAN_POINT('',(12.865,34.875,-6.1));
#2970 = VECTOR('',#2971,1.);
#2971 = DIRECTION('',(0.,1.,0.));
#2972 = PLANE('',#2973);
#2973 = AXIS2_PLACEMENT_3D('',#2974,#2975,#2976);
#2974 = CARTESIAN_POINT('',(12.865,34.875,-6.1));
#2975 = DIRECTION('',(-1.,0.,0.));
#2976 = DIRECTION('',(0.,1.,0.));
#2977 = ADVANCED_FACE('',(#2978),#2994,.F.);
#2978 = FACE_BOUND('',#2979,.F.);
#2979 = EDGE_LOOP('',(#2980,#2981,#2987,#2988));
#2980 = ORIENTED_EDGE('',*,*,#2959,.T.);
#2981 = ORIENTED_EDGE('',*,*,#2982,.T.);
#2982 = EDGE_CURVE('',#2952,#2882,#2983,.T.);
#2983 = LINE('',#2984,#2985);
#2984 = CARTESIAN_POINT('',(12.865,35.525,0.));
#2985 = VECTOR('',#2986,1.);
#2986 = DIRECTION('',(-1.,0.,0.));
#2987 = ORIENTED_EDGE('',*,*,#2879,.F.);
#2988 = ORIENTED_EDGE('',*,*,#2989,.F.);
#2989 = EDGE_CURVE('',#2960,#2880,#2990,.T.);
#2990 = LINE('',#2991,#2992);
#2991 = CARTESIAN_POINT('',(12.865,35.525,-6.1));
#2992 = VECTOR('',#2993,1.);
#2993 = DIRECTION('',(-1.,0.,0.));
#2994 = PLANE('',#2995);
#2995 = AXIS2_PLACEMENT_3D('',#2996,#2997,#2998);
#2996 = CARTESIAN_POINT('',(12.865,35.525,-6.1));
#2997 = DIRECTION('',(0.,-1.,0.));
#2998 = DIRECTION('',(-1.,0.,0.));
#2999 = ADVANCED_FACE('',(#3000),#3006,.F.);
#3000 = FACE_BOUND('',#3001,.F.);
#3001 = EDGE_LOOP('',(#3002,#3003,#3004,#3005));
#3002 = ORIENTED_EDGE('',*,*,#2905,.T.);
#3003 = ORIENTED_EDGE('',*,*,#2936,.T.);
#3004 = ORIENTED_EDGE('',*,*,#2967,.T.);
#3005 = ORIENTED_EDGE('',*,*,#2989,.T.);
#3006 = PLANE('',#3007);
#3007 = AXIS2_PLACEMENT_3D('',#3008,#3009,#3010);
#3008 = CARTESIAN_POINT('',(23.97,36.47,-6.1));
#3009 = DIRECTION('',(-0.,-0.,1.));
#3010 = DIRECTION('',(0.,1.,0.));
#3011 = ADVANCED_FACE('',(#3012),#3018,.T.);
#3012 = FACE_BOUND('',#3013,.T.);
#3013 = EDGE_LOOP('',(#3014,#3015,#3016,#3017));
#3014 = ORIENTED_EDGE('',*,*,#2889,.T.);
#3015 = ORIENTED_EDGE('',*,*,#2920,.T.);
#3016 = ORIENTED_EDGE('',*,*,#2951,.T.);
#3017 = ORIENTED_EDGE('',*,*,#2982,.T.);
#3018 = PLANE('',#3019);
#3019 = AXIS2_PLACEMENT_3D('',#3020,#3021,#3022);
#3020 = CARTESIAN_POINT('',(23.97,36.47,2.6645352591E-15));
#3021 = DIRECTION('',(0.,0.,1.));
#3022 = DIRECTION('',(0.,1.,0.));
#3023 = MANIFOLD_SOLID_BREP('',#3024);
#3024 = CLOSED_SHELL('',(#3025,#3065,#3096,#3127,#3149,#3161));
#3025 = ADVANCED_FACE('',(#3026),#3060,.T.);
#3026 = FACE_BOUND('',#3027,.T.);
#3027 = EDGE_LOOP('',(#3028,#3038,#3046,#3054));
#3028 = ORIENTED_EDGE('',*,*,#3029,.T.);
#3029 = EDGE_CURVE('',#3030,#3032,#3034,.T.);
#3030 = VERTEX_POINT('',#3031);
#3031 = CARTESIAN_POINT('',(17.295,37.415,-6.1));
#3032 = VERTEX_POINT('',#3033);
#3033 = CARTESIAN_POINT('',(17.295,37.415,0.));
#3034 = LINE('',#3035,#3036);
#3035 = CARTESIAN_POINT('',(17.295,37.415,-6.1));
#3036 = VECTOR('',#3037,1.);
#3037 = DIRECTION('',(0.,0.,1.));
#3038 = ORIENTED_EDGE('',*,*,#3039,.T.);
#3039 = EDGE_CURVE('',#3032,#3040,#3042,.T.);
#3040 = VERTEX_POINT('',#3041);
#3041 = CARTESIAN_POINT('',(17.295,38.065,0.));
#3042 = LINE('',#3043,#3044);
#3043 = CARTESIAN_POINT('',(17.295,37.415,0.));
#3044 = VECTOR('',#3045,1.);
#3045 = DIRECTION('',(0.,1.,0.));
#3046 = ORIENTED_EDGE('',*,*,#3047,.F.);
#3047 = EDGE_CURVE('',#3048,#3040,#3050,.T.);
#3048 = VERTEX_POINT('',#3049);
#3049 = CARTESIAN_POINT('',(17.295,38.065,-6.1));
#3050 = LINE('',#3051,#3052);
#3051 = CARTESIAN_POINT('',(17.295,38.065,-6.1));
#3052 = VECTOR('',#3053,1.);
#3053 = DIRECTION('',(0.,0.,1.));
#3054 = ORIENTED_EDGE('',*,*,#3055,.F.);
#3055 = EDGE_CURVE('',#3030,#3048,#3056,.T.);
#3056 = LINE('',#3057,#3058);
#3057 = CARTESIAN_POINT('',(17.295,37.415,-6.1));
#3058 = VECTOR('',#3059,1.);
#3059 = DIRECTION('',(0.,1.,0.));
#3060 = PLANE('',#3061);
#3061 = AXIS2_PLACEMENT_3D('',#3062,#3063,#3064);
#3062 = CARTESIAN_POINT('',(17.295,37.415,-6.1));
#3063 = DIRECTION('',(-1.,0.,0.));
#3064 = DIRECTION('',(0.,1.,0.));
#3065 = ADVANCED_FACE('',(#3066),#3091,.T.);
#3066 = FACE_BOUND('',#3067,.T.);
#3067 = EDGE_LOOP('',(#3068,#3069,#3077,#3085));
#3068 = ORIENTED_EDGE('',*,*,#3047,.T.);
#3069 = ORIENTED_EDGE('',*,*,#3070,.T.);
#3070 = EDGE_CURVE('',#3040,#3071,#3073,.T.);
#3071 = VERTEX_POINT('',#3072);
#3072 = CARTESIAN_POINT('',(17.945,38.065,0.));
#3073 = LINE('',#3074,#3075);
#3074 = CARTESIAN_POINT('',(17.295,38.065,0.));
#3075 = VECTOR('',#3076,1.);
#3076 = DIRECTION('',(1.,0.,0.));
#3077 = ORIENTED_EDGE('',*,*,#3078,.F.);
#3078 = EDGE_CURVE('',#3079,#3071,#3081,.T.);
#3079 = VERTEX_POINT('',#3080);
#3080 = CARTESIAN_POINT('',(17.945,38.065,-6.1));
#3081 = LINE('',#3082,#3083);
#3082 = CARTESIAN_POINT('',(17.945,38.065,-6.1));
#3083 = VECTOR('',#3084,1.);
#3084 = DIRECTION('',(0.,0.,1.));
#3085 = ORIENTED_EDGE('',*,*,#3086,.F.);
#3086 = EDGE_CURVE('',#3048,#3079,#3087,.T.);
#3087 = LINE('',#3088,#3089);
#3088 = CARTESIAN_POINT('',(17.295,38.065,-6.1));
#3089 = VECTOR('',#3090,1.);
#3090 = DIRECTION('',(1.,0.,0.));
#3091 = PLANE('',#3092);
#3092 = AXIS2_PLACEMENT_3D('',#3093,#3094,#3095);
#3093 = CARTESIAN_POINT('',(17.295,38.065,-6.1));
#3094 = DIRECTION('',(0.,1.,0.));
#3095 = DIRECTION('',(1.,0.,0.));
#3096 = ADVANCED_FACE('',(#3097),#3122,.T.);
#3097 = FACE_BOUND('',#3098,.T.);
#3098 = EDGE_LOOP('',(#3099,#3100,#3108,#3116));
#3099 = ORIENTED_EDGE('',*,*,#3078,.T.);
#3100 = ORIENTED_EDGE('',*,*,#3101,.T.);
#3101 = EDGE_CURVE('',#3071,#3102,#3104,.T.);
#3102 = VERTEX_POINT('',#3103);
#3103 = CARTESIAN_POINT('',(17.945,37.415,0.));
#3104 = LINE('',#3105,#3106);
#3105 = CARTESIAN_POINT('',(17.945,38.065,0.));
#3106 = VECTOR('',#3107,1.);
#3107 = DIRECTION('',(0.,-1.,0.));
#3108 = ORIENTED_EDGE('',*,*,#3109,.F.);
#3109 = EDGE_CURVE('',#3110,#3102,#3112,.T.);
#3110 = VERTEX_POINT('',#3111);
#3111 = CARTESIAN_POINT('',(17.945,37.415,-6.1));
#3112 = LINE('',#3113,#3114);
#3113 = CARTESIAN_POINT('',(17.945,37.415,-6.1));
#3114 = VECTOR('',#3115,1.);
#3115 = DIRECTION('',(0.,0.,1.));
#3116 = ORIENTED_EDGE('',*,*,#3117,.F.);
#3117 = EDGE_CURVE('',#3079,#3110,#3118,.T.);
#3118 = LINE('',#3119,#3120);
#3119 = CARTESIAN_POINT('',(17.945,38.065,-6.1));
#3120 = VECTOR('',#3121,1.);
#3121 = DIRECTION('',(0.,-1.,0.));
#3122 = PLANE('',#3123);
#3123 = AXIS2_PLACEMENT_3D('',#3124,#3125,#3126);
#3124 = CARTESIAN_POINT('',(17.945,38.065,-6.1));
#3125 = DIRECTION('',(1.,0.,-0.));
#3126 = DIRECTION('',(0.,-1.,0.));
#3127 = ADVANCED_FACE('',(#3128),#3144,.T.);
#3128 = FACE_BOUND('',#3129,.T.);
#3129 = EDGE_LOOP('',(#3130,#3131,#3137,#3138));
#3130 = ORIENTED_EDGE('',*,*,#3109,.T.);
#3131 = ORIENTED_EDGE('',*,*,#3132,.T.);
#3132 = EDGE_CURVE('',#3102,#3032,#3133,.T.);
#3133 = LINE('',#3134,#3135);
#3134 = CARTESIAN_POINT('',(17.945,37.415,0.));
#3135 = VECTOR('',#3136,1.);
#3136 = DIRECTION('',(-1.,0.,0.));
#3137 = ORIENTED_EDGE('',*,*,#3029,.F.);
#3138 = ORIENTED_EDGE('',*,*,#3139,.F.);
#3139 = EDGE_CURVE('',#3110,#3030,#3140,.T.);
#3140 = LINE('',#3141,#3142);
#3141 = CARTESIAN_POINT('',(17.945,37.415,-6.1));
#3142 = VECTOR('',#3143,1.);
#3143 = DIRECTION('',(-1.,0.,0.));
#3144 = PLANE('',#3145);
#3145 = AXIS2_PLACEMENT_3D('',#3146,#3147,#3148);
#3146 = CARTESIAN_POINT('',(17.945,37.415,-6.1));
#3147 = DIRECTION('',(0.,-1.,0.));
#3148 = DIRECTION('',(-1.,0.,0.));
#3149 = ADVANCED_FACE('',(#3150),#3156,.F.);
#3150 = FACE_BOUND('',#3151,.T.);
#3151 = EDGE_LOOP('',(#3152,#3153,#3154,#3155));
#3152 = ORIENTED_EDGE('',*,*,#3055,.T.);
#3153 = ORIENTED_EDGE('',*,*,#3086,.T.);
#3154 = ORIENTED_EDGE('',*,*,#3117,.T.);
#3155 = ORIENTED_EDGE('',*,*,#3139,.T.);
#3156 = PLANE('',#3157);
#3157 = AXIS2_PLACEMENT_3D('',#3158,#3159,#3160);
#3158 = CARTESIAN_POINT('',(23.97,36.47,-6.1));
#3159 = DIRECTION('',(-0.,-0.,1.));
#3160 = DIRECTION('',(0.,1.,0.));
#3161 = ADVANCED_FACE('',(#3162),#3168,.T.);
#3162 = FACE_BOUND('',#3163,.F.);
#3163 = EDGE_LOOP('',(#3164,#3165,#3166,#3167));
#3164 = ORIENTED_EDGE('',*,*,#3039,.T.);
#3165 = ORIENTED_EDGE('',*,*,#3070,.T.);
#3166 = ORIENTED_EDGE('',*,*,#3101,.T.);
#3167 = ORIENTED_EDGE('',*,*,#3132,.T.);
#3168 = PLANE('',#3169);
#3169 = AXIS2_PLACEMENT_3D('',#3170,#3171,#3172);
#3170 = CARTESIAN_POINT('',(23.97,36.47,2.6645352591E-15));
#3171 = DIRECTION('',(0.,0.,1.));
#3172 = DIRECTION('',(0.,1.,0.));
#3173 = MANIFOLD_SOLID_BREP('',#3174);
#3174 = CLOSED_SHELL('',(#3175,#3215,#3246,#3277,#3299,#3311));
#3175 = ADVANCED_FACE('',(#3176),#3210,.F.);
#3176 = FACE_BOUND('',#3177,.F.);
#3177 = EDGE_LOOP('',(#3178,#3188,#3196,#3204));
#3178 = ORIENTED_EDGE('',*,*,#3179,.T.);
#3179 = EDGE_CURVE('',#3180,#3182,#3184,.T.);
#3180 = VERTEX_POINT('',#3181);
#3181 = CARTESIAN_POINT('',(27.455,35.525,-6.1));
#3182 = VERTEX_POINT('',#3183);
#3183 = CARTESIAN_POINT('',(27.455,35.525,0.));
#3184 = LINE('',#3185,#3186);
#3185 = CARTESIAN_POINT('',(27.455,35.525,-6.1));
#3186 = VECTOR('',#3187,1.);
#3187 = DIRECTION('',(0.,0.,1.));
#3188 = ORIENTED_EDGE('',*,*,#3189,.T.);
#3189 = EDGE_CURVE('',#3182,#3190,#3192,.T.);
#3190 = VERTEX_POINT('',#3191);
#3191 = CARTESIAN_POINT('',(27.455,34.875,0.));
#3192 = LINE('',#3193,#3194);
#3193 = CARTESIAN_POINT('',(27.455,35.525,0.));
#3194 = VECTOR('',#3195,1.);
#3195 = DIRECTION('',(0.,-1.,0.));
#3196 = ORIENTED_EDGE('',*,*,#3197,.F.);
#3197 = EDGE_CURVE('',#3198,#3190,#3200,.T.);
#3198 = VERTEX_POINT('',#3199);
#3199 = CARTESIAN_POINT('',(27.455,34.875,-6.1));
#3200 = LINE('',#3201,#3202);
#3201 = CARTESIAN_POINT('',(27.455,34.875,-6.1));
#3202 = VECTOR('',#3203,1.);
#3203 = DIRECTION('',(0.,0.,1.));
#3204 = ORIENTED_EDGE('',*,*,#3205,.F.);
#3205 = EDGE_CURVE('',#3180,#3198,#3206,.T.);
#3206 = LINE('',#3207,#3208);
#3207 = CARTESIAN_POINT('',(27.455,35.525,-6.1));
#3208 = VECTOR('',#3209,1.);
#3209 = DIRECTION('',(0.,-1.,0.));
#3210 = PLANE('',#3211);
#3211 = AXIS2_PLACEMENT_3D('',#3212,#3213,#3214);
#3212 = CARTESIAN_POINT('',(27.455,35.525,-6.1));
#3213 = DIRECTION('',(1.,0.,-0.));
#3214 = DIRECTION('',(0.,-1.,0.));
#3215 = ADVANCED_FACE('',(#3216),#3241,.F.);
#3216 = FACE_BOUND('',#3217,.F.);
#3217 = EDGE_LOOP('',(#3218,#3219,#3227,#3235));
#3218 = ORIENTED_EDGE('',*,*,#3197,.T.);
#3219 = ORIENTED_EDGE('',*,*,#3220,.T.);
#3220 = EDGE_CURVE('',#3190,#3221,#3223,.T.);
#3221 = VERTEX_POINT('',#3222);
#3222 = CARTESIAN_POINT('',(28.105,34.875,0.));
#3223 = LINE('',#3224,#3225);
#3224 = CARTESIAN_POINT('',(27.455,34.875,0.));
#3225 = VECTOR('',#3226,1.);
#3226 = DIRECTION('',(1.,0.,0.));
#3227 = ORIENTED_EDGE('',*,*,#3228,.F.);
#3228 = EDGE_CURVE('',#3229,#3221,#3231,.T.);
#3229 = VERTEX_POINT('',#3230);
#3230 = CARTESIAN_POINT('',(28.105,34.875,-6.1));
#3231 = LINE('',#3232,#3233);
#3232 = CARTESIAN_POINT('',(28.105,34.875,-6.1));
#3233 = VECTOR('',#3234,1.);
#3234 = DIRECTION('',(0.,0.,1.));
#3235 = ORIENTED_EDGE('',*,*,#3236,.F.);
#3236 = EDGE_CURVE('',#3198,#3229,#3237,.T.);
#3237 = LINE('',#3238,#3239);
#3238 = CARTESIAN_POINT('',(27.455,34.875,-6.1));
#3239 = VECTOR('',#3240,1.);
#3240 = DIRECTION('',(1.,0.,0.));
#3241 = PLANE('',#3242);
#3242 = AXIS2_PLACEMENT_3D('',#3243,#3244,#3245);
#3243 = CARTESIAN_POINT('',(27.455,34.875,-6.1));
#3244 = DIRECTION('',(0.,1.,0.));
#3245 = DIRECTION('',(1.,0.,0.));
#3246 = ADVANCED_FACE('',(#3247),#3272,.F.);
#3247 = FACE_BOUND('',#3248,.F.);
#3248 = EDGE_LOOP('',(#3249,#3250,#3258,#3266));
#3249 = ORIENTED_EDGE('',*,*,#3228,.T.);
#3250 = ORIENTED_EDGE('',*,*,#3251,.T.);
#3251 = EDGE_CURVE('',#3221,#3252,#3254,.T.);
#3252 = VERTEX_POINT('',#3253);
#3253 = CARTESIAN_POINT('',(28.105,35.525,0.));
#3254 = LINE('',#3255,#3256);
#3255 = CARTESIAN_POINT('',(28.105,34.875,0.));
#3256 = VECTOR('',#3257,1.);
#3257 = DIRECTION('',(0.,1.,0.));
#3258 = ORIENTED_EDGE('',*,*,#3259,.F.);
#3259 = EDGE_CURVE('',#3260,#3252,#3262,.T.);
#3260 = VERTEX_POINT('',#3261);
#3261 = CARTESIAN_POINT('',(28.105,35.525,-6.1));
#3262 = LINE('',#3263,#3264);
#3263 = CARTESIAN_POINT('',(28.105,35.525,-6.1));
#3264 = VECTOR('',#3265,1.);
#3265 = DIRECTION('',(0.,0.,1.));
#3266 = ORIENTED_EDGE('',*,*,#3267,.F.);
#3267 = EDGE_CURVE('',#3229,#3260,#3268,.T.);
#3268 = LINE('',#3269,#3270);
#3269 = CARTESIAN_POINT('',(28.105,34.875,-6.1));
#3270 = VECTOR('',#3271,1.);
#3271 = DIRECTION('',(0.,1.,0.));
#3272 = PLANE('',#3273);
#3273 = AXIS2_PLACEMENT_3D('',#3274,#3275,#3276);
#3274 = CARTESIAN_POINT('',(28.105,34.875,-6.1));
#3275 = DIRECTION('',(-1.,0.,0.));
#3276 = DIRECTION('',(0.,1.,0.));
#3277 = ADVANCED_FACE('',(#3278),#3294,.F.);
#3278 = FACE_BOUND('',#3279,.F.);
#3279 = EDGE_LOOP('',(#3280,#3281,#3287,#3288));
#3280 = ORIENTED_EDGE('',*,*,#3259,.T.);
#3281 = ORIENTED_EDGE('',*,*,#3282,.T.);
#3282 = EDGE_CURVE('',#3252,#3182,#3283,.T.);
#3283 = LINE('',#3284,#3285);
#3284 = CARTESIAN_POINT('',(28.105,35.525,0.));
#3285 = VECTOR('',#3286,1.);
#3286 = DIRECTION('',(-1.,0.,0.));
#3287 = ORIENTED_EDGE('',*,*,#3179,.F.);
#3288 = ORIENTED_EDGE('',*,*,#3289,.F.);
#3289 = EDGE_CURVE('',#3260,#3180,#3290,.T.);
#3290 = LINE('',#3291,#3292);
#3291 = CARTESIAN_POINT('',(28.105,35.525,-6.1));
#3292 = VECTOR('',#3293,1.);
#3293 = DIRECTION('',(-1.,0.,0.));
#3294 = PLANE('',#3295);
#3295 = AXIS2_PLACEMENT_3D('',#3296,#3297,#3298);
#3296 = CARTESIAN_POINT('',(28.105,35.525,-6.1));
#3297 = DIRECTION('',(0.,-1.,0.));
#3298 = DIRECTION('',(-1.,0.,0.));
#3299 = ADVANCED_FACE('',(#3300),#3306,.F.);
#3300 = FACE_BOUND('',#3301,.F.);
#3301 = EDGE_LOOP('',(#3302,#3303,#3304,#3305));
#3302 = ORIENTED_EDGE('',*,*,#3205,.T.);
#3303 = ORIENTED_EDGE('',*,*,#3236,.T.);
#3304 = ORIENTED_EDGE('',*,*,#3267,.T.);
#3305 = ORIENTED_EDGE('',*,*,#3289,.T.);
#3306 = PLANE('',#3307);
#3307 = AXIS2_PLACEMENT_3D('',#3308,#3309,#3310);
#3308 = CARTESIAN_POINT('',(23.97,36.47,-6.1));
#3309 = DIRECTION('',(-0.,-0.,1.));
#3310 = DIRECTION('',(0.,1.,0.));
#3311 = ADVANCED_FACE('',(#3312),#3318,.T.);
#3312 = FACE_BOUND('',#3313,.T.);
#3313 = EDGE_LOOP('',(#3314,#3315,#3316,#3317));
#3314 = ORIENTED_EDGE('',*,*,#3189,.T.);
#3315 = ORIENTED_EDGE('',*,*,#3220,.T.);
#3316 = ORIENTED_EDGE('',*,*,#3251,.T.);
#3317 = ORIENTED_EDGE('',*,*,#3282,.T.);
#3318 = PLANE('',#3319);
#3319 = AXIS2_PLACEMENT_3D('',#3320,#3321,#3322);
#3320 = CARTESIAN_POINT('',(23.97,36.47,2.6645352591E-15));
#3321 = DIRECTION('',(0.,0.,1.));
#3322 = DIRECTION('',(0.,1.,0.));
#3323 = MANIFOLD_SOLID_BREP('',#3324);
#3324 = CLOSED_SHELL('',(#3325,#3365,#3396,#3427,#3449,#3461));
#3325 = ADVANCED_FACE('',(#3326),#3360,.F.);
#3326 = FACE_BOUND('',#3327,.F.);
#3327 = EDGE_LOOP('',(#3328,#3338,#3346,#3354));
#3328 = ORIENTED_EDGE('',*,*,#3329,.T.);
#3329 = EDGE_CURVE('',#3330,#3332,#3334,.T.);
#3330 = VERTEX_POINT('',#3331);
#3331 = CARTESIAN_POINT('',(17.295,35.525,-6.1));
#3332 = VERTEX_POINT('',#3333);
#3333 = CARTESIAN_POINT('',(17.295,35.525,0.));
#3334 = LINE('',#3335,#3336);
#3335 = CARTESIAN_POINT('',(17.295,35.525,-6.1));
#3336 = VECTOR('',#3337,1.);
#3337 = DIRECTION('',(0.,0.,1.));
#3338 = ORIENTED_EDGE('',*,*,#3339,.T.);
#3339 = EDGE_CURVE('',#3332,#3340,#3342,.T.);
#3340 = VERTEX_POINT('',#3341);
#3341 = CARTESIAN_POINT('',(17.295,34.875,0.));
#3342 = LINE('',#3343,#3344);
#3343 = CARTESIAN_POINT('',(17.295,35.525,0.));
#3344 = VECTOR('',#3345,1.);
#3345 = DIRECTION('',(0.,-1.,0.));
#3346 = ORIENTED_EDGE('',*,*,#3347,.F.);
#3347 = EDGE_CURVE('',#3348,#3340,#3350,.T.);
#3348 = VERTEX_POINT('',#3349);
#3349 = CARTESIAN_POINT('',(17.295,34.875,-6.1));
#3350 = LINE('',#3351,#3352);
#3351 = CARTESIAN_POINT('',(17.295,34.875,-6.1));
#3352 = VECTOR('',#3353,1.);
#3353 = DIRECTION('',(0.,0.,1.));
#3354 = ORIENTED_EDGE('',*,*,#3355,.F.);
#3355 = EDGE_CURVE('',#3330,#3348,#3356,.T.);
#3356 = LINE('',#3357,#3358);
#3357 = CARTESIAN_POINT('',(17.295,35.525,-6.1));
#3358 = VECTOR('',#3359,1.);
#3359 = DIRECTION('',(0.,-1.,0.));
#3360 = PLANE('',#3361);
#3361 = AXIS2_PLACEMENT_3D('',#3362,#3363,#3364);
#3362 = CARTESIAN_POINT('',(17.295,35.525,-6.1));
#3363 = DIRECTION('',(1.,0.,-0.));
#3364 = DIRECTION('',(0.,-1.,0.));
#3365 = ADVANCED_FACE('',(#3366),#3391,.F.);
#3366 = FACE_BOUND('',#3367,.F.);
#3367 = EDGE_LOOP('',(#3368,#3369,#3377,#3385));
#3368 = ORIENTED_EDGE('',*,*,#3347,.T.);
#3369 = ORIENTED_EDGE('',*,*,#3370,.T.);
#3370 = EDGE_CURVE('',#3340,#3371,#3373,.T.);
#3371 = VERTEX_POINT('',#3372);
#3372 = CARTESIAN_POINT('',(17.945,34.875,0.));
#3373 = LINE('',#3374,#3375);
#3374 = CARTESIAN_POINT('',(17.295,34.875,0.));
#3375 = VECTOR('',#3376,1.);
#3376 = DIRECTION('',(1.,0.,0.));
#3377 = ORIENTED_EDGE('',*,*,#3378,.F.);
#3378 = EDGE_CURVE('',#3379,#3371,#3381,.T.);
#3379 = VERTEX_POINT('',#3380);
#3380 = CARTESIAN_POINT('',(17.945,34.875,-6.1));
#3381 = LINE('',#3382,#3383);
#3382 = CARTESIAN_POINT('',(17.945,34.875,-6.1));
#3383 = VECTOR('',#3384,1.);
#3384 = DIRECTION('',(0.,0.,1.));
#3385 = ORIENTED_EDGE('',*,*,#3386,.F.);
#3386 = EDGE_CURVE('',#3348,#3379,#3387,.T.);
#3387 = LINE('',#3388,#3389);
#3388 = CARTESIAN_POINT('',(17.295,34.875,-6.1));
#3389 = VECTOR('',#3390,1.);
#3390 = DIRECTION('',(1.,0.,0.));
#3391 = PLANE('',#3392);
#3392 = AXIS2_PLACEMENT_3D('',#3393,#3394,#3395);
#3393 = CARTESIAN_POINT('',(17.295,34.875,-6.1));
#3394 = DIRECTION('',(0.,1.,0.));
#3395 = DIRECTION('',(1.,0.,0.));
#3396 = ADVANCED_FACE('',(#3397),#3422,.F.);
#3397 = FACE_BOUND('',#3398,.F.);
#3398 = EDGE_LOOP('',(#3399,#3400,#3408,#3416));
#3399 = ORIENTED_EDGE('',*,*,#3378,.T.);
#3400 = ORIENTED_EDGE('',*,*,#3401,.T.);
#3401 = EDGE_CURVE('',#3371,#3402,#3404,.T.);
#3402 = VERTEX_POINT('',#3403);
#3403 = CARTESIAN_POINT('',(17.945,35.525,0.));
#3404 = LINE('',#3405,#3406);
#3405 = CARTESIAN_POINT('',(17.945,34.875,0.));
#3406 = VECTOR('',#3407,1.);
#3407 = DIRECTION('',(0.,1.,0.));
#3408 = ORIENTED_EDGE('',*,*,#3409,.F.);
#3409 = EDGE_CURVE('',#3410,#3402,#3412,.T.);
#3410 = VERTEX_POINT('',#3411);
#3411 = CARTESIAN_POINT('',(17.945,35.525,-6.1));
#3412 = LINE('',#3413,#3414);
#3413 = CARTESIAN_POINT('',(17.945,35.525,-6.1));
#3414 = VECTOR('',#3415,1.);
#3415 = DIRECTION('',(0.,0.,1.));
#3416 = ORIENTED_EDGE('',*,*,#3417,.F.);
#3417 = EDGE_CURVE('',#3379,#3410,#3418,.T.);
#3418 = LINE('',#3419,#3420);
#3419 = CARTESIAN_POINT('',(17.945,34.875,-6.1));
#3420 = VECTOR('',#3421,1.);
#3421 = DIRECTION('',(0.,1.,0.));
#3422 = PLANE('',#3423);
#3423 = AXIS2_PLACEMENT_3D('',#3424,#3425,#3426);
#3424 = CARTESIAN_POINT('',(17.945,34.875,-6.1));
#3425 = DIRECTION('',(-1.,0.,0.));
#3426 = DIRECTION('',(0.,1.,0.));
#3427 = ADVANCED_FACE('',(#3428),#3444,.F.);
#3428 = FACE_BOUND('',#3429,.F.);
#3429 = EDGE_LOOP('',(#3430,#3431,#3437,#3438));
#3430 = ORIENTED_EDGE('',*,*,#3409,.T.);
#3431 = ORIENTED_EDGE('',*,*,#3432,.T.);
#3432 = EDGE_CURVE('',#3402,#3332,#3433,.T.);
#3433 = LINE('',#3434,#3435);
#3434 = CARTESIAN_POINT('',(17.945,35.525,0.));
#3435 = VECTOR('',#3436,1.);
#3436 = DIRECTION('',(-1.,0.,0.));
#3437 = ORIENTED_EDGE('',*,*,#3329,.F.);
#3438 = ORIENTED_EDGE('',*,*,#3439,.F.);
#3439 = EDGE_CURVE('',#3410,#3330,#3440,.T.);
#3440 = LINE('',#3441,#3442);
#3441 = CARTESIAN_POINT('',(17.945,35.525,-6.1));
#3442 = VECTOR('',#3443,1.);
#3443 = DIRECTION('',(-1.,0.,0.));
#3444 = PLANE('',#3445);
#3445 = AXIS2_PLACEMENT_3D('',#3446,#3447,#3448);
#3446 = CARTESIAN_POINT('',(17.945,35.525,-6.1));
#3447 = DIRECTION('',(0.,-1.,0.));
#3448 = DIRECTION('',(-1.,0.,0.));
#3449 = ADVANCED_FACE('',(#3450),#3456,.F.);
#3450 = FACE_BOUND('',#3451,.F.);
#3451 = EDGE_LOOP('',(#3452,#3453,#3454,#3455));
#3452 = ORIENTED_EDGE('',*,*,#3355,.T.);
#3453 = ORIENTED_EDGE('',*,*,#3386,.T.);
#3454 = ORIENTED_EDGE('',*,*,#3417,.T.);
#3455 = ORIENTED_EDGE('',*,*,#3439,.T.);
#3456 = PLANE('',#3457);
#3457 = AXIS2_PLACEMENT_3D('',#3458,#3459,#3460);
#3458 = CARTESIAN_POINT('',(23.97,36.47,-6.1));
#3459 = DIRECTION('',(-0.,-0.,1.));
#3460 = DIRECTION('',(0.,1.,0.));
#3461 = ADVANCED_FACE('',(#3462),#3468,.T.);
#3462 = FACE_BOUND('',#3463,.T.);
#3463 = EDGE_LOOP('',(#3464,#3465,#3466,#3467));
#3464 = ORIENTED_EDGE('',*,*,#3339,.T.);
#3465 = ORIENTED_EDGE('',*,*,#3370,.T.);
#3466 = ORIENTED_EDGE('',*,*,#3401,.T.);
#3467 = ORIENTED_EDGE('',*,*,#3432,.T.);
#3468 = PLANE('',#3469);
#3469 = AXIS2_PLACEMENT_3D('',#3470,#3471,#3472);
#3470 = CARTESIAN_POINT('',(23.97,36.47,2.6645352591E-15));
#3471 = DIRECTION('',(0.,0.,1.));
#3472 = DIRECTION('',(0.,1.,0.));
#3473 = MANIFOLD_SOLID_BREP('',#3474);
#3474 = CLOSED_SHELL('',(#3475,#3515,#3546,#3577,#3599,#3611));
#3475 = ADVANCED_FACE('',(#3476),#3510,.F.);
#3476 = FACE_BOUND('',#3477,.F.);
#3477 = EDGE_LOOP('',(#3478,#3488,#3496,#3504));
#3478 = ORIENTED_EDGE('',*,*,#3479,.T.);
#3479 = EDGE_CURVE('',#3480,#3482,#3484,.T.);
#3480 = VERTEX_POINT('',#3481);
#3481 = CARTESIAN_POINT('',(14.755,35.525,-6.1));
#3482 = VERTEX_POINT('',#3483);
#3483 = CARTESIAN_POINT('',(14.755,35.525,0.));
#3484 = LINE('',#3485,#3486);
#3485 = CARTESIAN_POINT('',(14.755,35.525,-6.1));
#3486 = VECTOR('',#3487,1.);
#3487 = DIRECTION('',(0.,0.,1.));
#3488 = ORIENTED_EDGE('',*,*,#3489,.T.);
#3489 = EDGE_CURVE('',#3482,#3490,#3492,.T.);
#3490 = VERTEX_POINT('',#3491);
#3491 = CARTESIAN_POINT('',(14.755,34.875,0.));
#3492 = LINE('',#3493,#3494);
#3493 = CARTESIAN_POINT('',(14.755,35.525,0.));
#3494 = VECTOR('',#3495,1.);
#3495 = DIRECTION('',(0.,-1.,0.));
#3496 = ORIENTED_EDGE('',*,*,#3497,.F.);
#3497 = EDGE_CURVE('',#3498,#3490,#3500,.T.);
#3498 = VERTEX_POINT('',#3499);
#3499 = CARTESIAN_POINT('',(14.755,34.875,-6.1));
#3500 = LINE('',#3501,#3502);
#3501 = CARTESIAN_POINT('',(14.755,34.875,-6.1));
#3502 = VECTOR('',#3503,1.);
#3503 = DIRECTION('',(0.,0.,1.));
#3504 = ORIENTED_EDGE('',*,*,#3505,.F.);
#3505 = EDGE_CURVE('',#3480,#3498,#3506,.T.);
#3506 = LINE('',#3507,#3508);
#3507 = CARTESIAN_POINT('',(14.755,35.525,-6.1));
#3508 = VECTOR('',#3509,1.);
#3509 = DIRECTION('',(0.,-1.,0.));
#3510 = PLANE('',#3511);
#3511 = AXIS2_PLACEMENT_3D('',#3512,#3513,#3514);
#3512 = CARTESIAN_POINT('',(14.755,35.525,-6.1));
#3513 = DIRECTION('',(1.,0.,-0.));
#3514 = DIRECTION('',(0.,-1.,0.));
#3515 = ADVANCED_FACE('',(#3516),#3541,.F.);
#3516 = FACE_BOUND('',#3517,.F.);
#3517 = EDGE_LOOP('',(#3518,#3519,#3527,#3535));
#3518 = ORIENTED_EDGE('',*,*,#3497,.T.);
#3519 = ORIENTED_EDGE('',*,*,#3520,.T.);
#3520 = EDGE_CURVE('',#3490,#3521,#3523,.T.);
#3521 = VERTEX_POINT('',#3522);
#3522 = CARTESIAN_POINT('',(15.405,34.875,0.));
#3523 = LINE('',#3524,#3525);
#3524 = CARTESIAN_POINT('',(14.755,34.875,0.));
#3525 = VECTOR('',#3526,1.);
#3526 = DIRECTION('',(1.,0.,0.));
#3527 = ORIENTED_EDGE('',*,*,#3528,.F.);
#3528 = EDGE_CURVE('',#3529,#3521,#3531,.T.);
#3529 = VERTEX_POINT('',#3530);
#3530 = CARTESIAN_POINT('',(15.405,34.875,-6.1));
#3531 = LINE('',#3532,#3533);
#3532 = CARTESIAN_POINT('',(15.405,34.875,-6.1));
#3533 = VECTOR('',#3534,1.);
#3534 = DIRECTION('',(0.,0.,1.));
#3535 = ORIENTED_EDGE('',*,*,#3536,.F.);
#3536 = EDGE_CURVE('',#3498,#3529,#3537,.T.);
#3537 = LINE('',#3538,#3539);
#3538 = CARTESIAN_POINT('',(14.755,34.875,-6.1));
#3539 = VECTOR('',#3540,1.);
#3540 = DIRECTION('',(1.,0.,0.));
#3541 = PLANE('',#3542);
#3542 = AXIS2_PLACEMENT_3D('',#3543,#3544,#3545);
#3543 = CARTESIAN_POINT('',(14.755,34.875,-6.1));
#3544 = DIRECTION('',(0.,1.,0.));
#3545 = DIRECTION('',(1.,0.,0.));
#3546 = ADVANCED_FACE('',(#3547),#3572,.F.);
#3547 = FACE_BOUND('',#3548,.F.);
#3548 = EDGE_LOOP('',(#3549,#3550,#3558,#3566));
#3549 = ORIENTED_EDGE('',*,*,#3528,.T.);
#3550 = ORIENTED_EDGE('',*,*,#3551,.T.);
#3551 = EDGE_CURVE('',#3521,#3552,#3554,.T.);
#3552 = VERTEX_POINT('',#3553);
#3553 = CARTESIAN_POINT('',(15.405,35.525,0.));
#3554 = LINE('',#3555,#3556);
#3555 = CARTESIAN_POINT('',(15.405,34.875,0.));
#3556 = VECTOR('',#3557,1.);
#3557 = DIRECTION('',(0.,1.,0.));
#3558 = ORIENTED_EDGE('',*,*,#3559,.F.);
#3559 = EDGE_CURVE('',#3560,#3552,#3562,.T.);
#3560 = VERTEX_POINT('',#3561);
#3561 = CARTESIAN_POINT('',(15.405,35.525,-6.1));
#3562 = LINE('',#3563,#3564);
#3563 = CARTESIAN_POINT('',(15.405,35.525,-6.1));
#3564 = VECTOR('',#3565,1.);
#3565 = DIRECTION('',(0.,0.,1.));
#3566 = ORIENTED_EDGE('',*,*,#3567,.F.);
#3567 = EDGE_CURVE('',#3529,#3560,#3568,.T.);
#3568 = LINE('',#3569,#3570);
#3569 = CARTESIAN_POINT('',(15.405,34.875,-6.1));
#3570 = VECTOR('',#3571,1.);
#3571 = DIRECTION('',(0.,1.,0.));
#3572 = PLANE('',#3573);
#3573 = AXIS2_PLACEMENT_3D('',#3574,#3575,#3576);
#3574 = CARTESIAN_POINT('',(15.405,34.875,-6.1));
#3575 = DIRECTION('',(-1.,0.,0.));
#3576 = DIRECTION('',(0.,1.,0.));
#3577 = ADVANCED_FACE('',(#3578),#3594,.F.);
#3578 = FACE_BOUND('',#3579,.F.);
#3579 = EDGE_LOOP('',(#3580,#3581,#3587,#3588));
#3580 = ORIENTED_EDGE('',*,*,#3559,.T.);
#3581 = ORIENTED_EDGE('',*,*,#3582,.T.);
#3582 = EDGE_CURVE('',#3552,#3482,#3583,.T.);
#3583 = LINE('',#3584,#3585);
#3584 = CARTESIAN_POINT('',(15.405,35.525,0.));
#3585 = VECTOR('',#3586,1.);
#3586 = DIRECTION('',(-1.,0.,0.));
#3587 = ORIENTED_EDGE('',*,*,#3479,.F.);
#3588 = ORIENTED_EDGE('',*,*,#3589,.F.);
#3589 = EDGE_CURVE('',#3560,#3480,#3590,.T.);
#3590 = LINE('',#3591,#3592);
#3591 = CARTESIAN_POINT('',(15.405,35.525,-6.1));
#3592 = VECTOR('',#3593,1.);
#3593 = DIRECTION('',(-1.,0.,0.));
#3594 = PLANE('',#3595);
#3595 = AXIS2_PLACEMENT_3D('',#3596,#3597,#3598);
#3596 = CARTESIAN_POINT('',(15.405,35.525,-6.1));
#3597 = DIRECTION('',(0.,-1.,0.));
#3598 = DIRECTION('',(-1.,0.,0.));
#3599 = ADVANCED_FACE('',(#3600),#3606,.F.);
#3600 = FACE_BOUND('',#3601,.F.);
#3601 = EDGE_LOOP('',(#3602,#3603,#3604,#3605));
#3602 = ORIENTED_EDGE('',*,*,#3505,.T.);
#3603 = ORIENTED_EDGE('',*,*,#3536,.T.);
#3604 = ORIENTED_EDGE('',*,*,#3567,.T.);
#3605 = ORIENTED_EDGE('',*,*,#3589,.T.);
#3606 = PLANE('',#3607);
#3607 = AXIS2_PLACEMENT_3D('',#3608,#3609,#3610);
#3608 = CARTESIAN_POINT('',(23.97,36.47,-6.1));
#3609 = DIRECTION('',(-0.,-0.,1.));
#3610 = DIRECTION('',(0.,1.,0.));
#3611 = ADVANCED_FACE('',(#3612),#3618,.T.);
#3612 = FACE_BOUND('',#3613,.T.);
#3613 = EDGE_LOOP('',(#3614,#3615,#3616,#3617));
#3614 = ORIENTED_EDGE('',*,*,#3489,.T.);
#3615 = ORIENTED_EDGE('',*,*,#3520,.T.);
#3616 = ORIENTED_EDGE('',*,*,#3551,.T.);
#3617 = ORIENTED_EDGE('',*,*,#3582,.T.);
#3618 = PLANE('',#3619);
#3619 = AXIS2_PLACEMENT_3D('',#3620,#3621,#3622);
#3620 = CARTESIAN_POINT('',(23.97,36.47,2.6645352591E-15));
#3621 = DIRECTION('',(0.,0.,1.));
#3622 = DIRECTION('',(0.,1.,0.));
#3623 = MANIFOLD_SOLID_BREP('',#3624);
#3624 = CLOSED_SHELL('',(#3625,#3665,#3696,#3727,#3749,#3761));
#3625 = ADVANCED_FACE('',(#3626),#3660,.T.);
#3626 = FACE_BOUND('',#3627,.T.);
#3627 = EDGE_LOOP('',(#3628,#3638,#3646,#3654));
#3628 = ORIENTED_EDGE('',*,*,#3629,.T.);
#3629 = EDGE_CURVE('',#3630,#3632,#3634,.T.);
#3630 = VERTEX_POINT('',#3631);
#3631 = CARTESIAN_POINT('',(29.995,37.415,-6.1));
#3632 = VERTEX_POINT('',#3633);
#3633 = CARTESIAN_POINT('',(29.995,37.415,0.));
#3634 = LINE('',#3635,#3636);
#3635 = CARTESIAN_POINT('',(29.995,37.415,-6.1));
#3636 = VECTOR('',#3637,1.);
#3637 = DIRECTION('',(0.,0.,1.));
#3638 = ORIENTED_EDGE('',*,*,#3639,.T.);
#3639 = EDGE_CURVE('',#3632,#3640,#3642,.T.);
#3640 = VERTEX_POINT('',#3641);
#3641 = CARTESIAN_POINT('',(29.995,38.065,0.));
#3642 = LINE('',#3643,#3644);
#3643 = CARTESIAN_POINT('',(29.995,37.415,0.));
#3644 = VECTOR('',#3645,1.);
#3645 = DIRECTION('',(0.,1.,0.));
#3646 = ORIENTED_EDGE('',*,*,#3647,.F.);
#3647 = EDGE_CURVE('',#3648,#3640,#3650,.T.);
#3648 = VERTEX_POINT('',#3649);
#3649 = CARTESIAN_POINT('',(29.995,38.065,-6.1));
#3650 = LINE('',#3651,#3652);
#3651 = CARTESIAN_POINT('',(29.995,38.065,-6.1));
#3652 = VECTOR('',#3653,1.);
#3653 = DIRECTION('',(0.,0.,1.));
#3654 = ORIENTED_EDGE('',*,*,#3655,.F.);
#3655 = EDGE_CURVE('',#3630,#3648,#3656,.T.);
#3656 = LINE('',#3657,#3658);
#3657 = CARTESIAN_POINT('',(29.995,37.415,-6.1));
#3658 = VECTOR('',#3659,1.);
#3659 = DIRECTION('',(0.,1.,0.));
#3660 = PLANE('',#3661);
#3661 = AXIS2_PLACEMENT_3D('',#3662,#3663,#3664);
#3662 = CARTESIAN_POINT('',(29.995,37.415,-6.1));
#3663 = DIRECTION('',(-1.,0.,0.));
#3664 = DIRECTION('',(0.,1.,0.));
#3665 = ADVANCED_FACE('',(#3666),#3691,.T.);
#3666 = FACE_BOUND('',#3667,.T.);
#3667 = EDGE_LOOP('',(#3668,#3669,#3677,#3685));
#3668 = ORIENTED_EDGE('',*,*,#3647,.T.);
#3669 = ORIENTED_EDGE('',*,*,#3670,.T.);
#3670 = EDGE_CURVE('',#3640,#3671,#3673,.T.);
#3671 = VERTEX_POINT('',#3672);
#3672 = CARTESIAN_POINT('',(30.645,38.065,0.));
#3673 = LINE('',#3674,#3675);
#3674 = CARTESIAN_POINT('',(29.995,38.065,0.));
#3675 = VECTOR('',#3676,1.);
#3676 = DIRECTION('',(1.,0.,0.));
#3677 = ORIENTED_EDGE('',*,*,#3678,.F.);
#3678 = EDGE_CURVE('',#3679,#3671,#3681,.T.);
#3679 = VERTEX_POINT('',#3680);
#3680 = CARTESIAN_POINT('',(30.645,38.065,-6.1));
#3681 = LINE('',#3682,#3683);
#3682 = CARTESIAN_POINT('',(30.645,38.065,-6.1));
#3683 = VECTOR('',#3684,1.);
#3684 = DIRECTION('',(0.,0.,1.));
#3685 = ORIENTED_EDGE('',*,*,#3686,.F.);
#3686 = EDGE_CURVE('',#3648,#3679,#3687,.T.);
#3687 = LINE('',#3688,#3689);
#3688 = CARTESIAN_POINT('',(29.995,38.065,-6.1));
#3689 = VECTOR('',#3690,1.);
#3690 = DIRECTION('',(1.,0.,0.));
#3691 = PLANE('',#3692);
#3692 = AXIS2_PLACEMENT_3D('',#3693,#3694,#3695);
#3693 = CARTESIAN_POINT('',(29.995,38.065,-6.1));
#3694 = DIRECTION('',(0.,1.,0.));
#3695 = DIRECTION('',(1.,0.,0.));
#3696 = ADVANCED_FACE('',(#3697),#3722,.T.);
#3697 = FACE_BOUND('',#3698,.T.);
#3698 = EDGE_LOOP('',(#3699,#3700,#3708,#3716));
#3699 = ORIENTED_EDGE('',*,*,#3678,.T.);
#3700 = ORIENTED_EDGE('',*,*,#3701,.T.);
#3701 = EDGE_CURVE('',#3671,#3702,#3704,.T.);
#3702 = VERTEX_POINT('',#3703);
#3703 = CARTESIAN_POINT('',(30.645,37.415,0.));
#3704 = LINE('',#3705,#3706);
#3705 = CARTESIAN_POINT('',(30.645,38.065,0.));
#3706 = VECTOR('',#3707,1.);
#3707 = DIRECTION('',(0.,-1.,0.));
#3708 = ORIENTED_EDGE('',*,*,#3709,.F.);
#3709 = EDGE_CURVE('',#3710,#3702,#3712,.T.);
#3710 = VERTEX_POINT('',#3711);
#3711 = CARTESIAN_POINT('',(30.645,37.415,-6.1));
#3712 = LINE('',#3713,#3714);
#3713 = CARTESIAN_POINT('',(30.645,37.415,-6.1));
#3714 = VECTOR('',#3715,1.);
#3715 = DIRECTION('',(0.,0.,1.));
#3716 = ORIENTED_EDGE('',*,*,#3717,.F.);
#3717 = EDGE_CURVE('',#3679,#3710,#3718,.T.);
#3718 = LINE('',#3719,#3720);
#3719 = CARTESIAN_POINT('',(30.645,38.065,-6.1));
#3720 = VECTOR('',#3721,1.);
#3721 = DIRECTION('',(0.,-1.,0.));
#3722 = PLANE('',#3723);
#3723 = AXIS2_PLACEMENT_3D('',#3724,#3725,#3726);
#3724 = CARTESIAN_POINT('',(30.645,38.065,-6.1));
#3725 = DIRECTION('',(1.,0.,-0.));
#3726 = DIRECTION('',(0.,-1.,0.));
#3727 = ADVANCED_FACE('',(#3728),#3744,.T.);
#3728 = FACE_BOUND('',#3729,.T.);
#3729 = EDGE_LOOP('',(#3730,#3731,#3737,#3738));
#3730 = ORIENTED_EDGE('',*,*,#3709,.T.);
#3731 = ORIENTED_EDGE('',*,*,#3732,.T.);
#3732 = EDGE_CURVE('',#3702,#3632,#3733,.T.);
#3733 = LINE('',#3734,#3735);
#3734 = CARTESIAN_POINT('',(30.645,37.415,0.));
#3735 = VECTOR('',#3736,1.);
#3736 = DIRECTION('',(-1.,0.,0.));
#3737 = ORIENTED_EDGE('',*,*,#3629,.F.);
#3738 = ORIENTED_EDGE('',*,*,#3739,.F.);
#3739 = EDGE_CURVE('',#3710,#3630,#3740,.T.);
#3740 = LINE('',#3741,#3742);
#3741 = CARTESIAN_POINT('',(30.645,37.415,-6.1));
#3742 = VECTOR('',#3743,1.);
#3743 = DIRECTION('',(-1.,0.,0.));
#3744 = PLANE('',#3745);
#3745 = AXIS2_PLACEMENT_3D('',#3746,#3747,#3748);
#3746 = CARTESIAN_POINT('',(30.645,37.415,-6.1));
#3747 = DIRECTION('',(0.,-1.,0.));
#3748 = DIRECTION('',(-1.,0.,0.));
#3749 = ADVANCED_FACE('',(#3750),#3756,.F.);
#3750 = FACE_BOUND('',#3751,.T.);
#3751 = EDGE_LOOP('',(#3752,#3753,#3754,#3755));
#3752 = ORIENTED_EDGE('',*,*,#3655,.T.);
#3753 = ORIENTED_EDGE('',*,*,#3686,.T.);
#3754 = ORIENTED_EDGE('',*,*,#3717,.T.);
#3755 = ORIENTED_EDGE('',*,*,#3739,.T.);
#3756 = PLANE('',#3757);
#3757 = AXIS2_PLACEMENT_3D('',#3758,#3759,#3760);
#3758 = CARTESIAN_POINT('',(23.97,36.47,-6.1));
#3759 = DIRECTION('',(-0.,-0.,1.));
#3760 = DIRECTION('',(0.,1.,0.));
#3761 = ADVANCED_FACE('',(#3762),#3768,.T.);
#3762 = FACE_BOUND('',#3763,.F.);
#3763 = EDGE_LOOP('',(#3764,#3765,#3766,#3767));
#3764 = ORIENTED_EDGE('',*,*,#3639,.T.);
#3765 = ORIENTED_EDGE('',*,*,#3670,.T.);
#3766 = ORIENTED_EDGE('',*,*,#3701,.T.);
#3767 = ORIENTED_EDGE('',*,*,#3732,.T.);
#3768 = PLANE('',#3769);
#3769 = AXIS2_PLACEMENT_3D('',#3770,#3771,#3772);
#3770 = CARTESIAN_POINT('',(23.97,36.47,2.6645352591E-15));
#3771 = DIRECTION('',(0.,0.,1.));
#3772 = DIRECTION('',(0.,1.,0.));
#3773 = MANIFOLD_SOLID_BREP('',#3774);
#3774 = CLOSED_SHELL('',(#3775,#3815,#3846,#3877,#3899,#3911));
#3775 = ADVANCED_FACE('',(#3776),#3810,.T.);
#3776 = FACE_BOUND('',#3777,.T.);
#3777 = EDGE_LOOP('',(#3778,#3788,#3796,#3804));
#3778 = ORIENTED_EDGE('',*,*,#3779,.T.);
#3779 = EDGE_CURVE('',#3780,#3782,#3784,.T.);
#3780 = VERTEX_POINT('',#3781);
#3781 = CARTESIAN_POINT('',(19.835,37.415,-6.1));
#3782 = VERTEX_POINT('',#3783);
#3783 = CARTESIAN_POINT('',(19.835,37.415,0.));
#3784 = LINE('',#3785,#3786);
#3785 = CARTESIAN_POINT('',(19.835,37.415,-6.1));
#3786 = VECTOR('',#3787,1.);
#3787 = DIRECTION('',(0.,0.,1.));
#3788 = ORIENTED_EDGE('',*,*,#3789,.T.);
#3789 = EDGE_CURVE('',#3782,#3790,#3792,.T.);
#3790 = VERTEX_POINT('',#3791);
#3791 = CARTESIAN_POINT('',(19.835,38.065,0.));
#3792 = LINE('',#3793,#3794);
#3793 = CARTESIAN_POINT('',(19.835,37.415,0.));
#3794 = VECTOR('',#3795,1.);
#3795 = DIRECTION('',(0.,1.,0.));
#3796 = ORIENTED_EDGE('',*,*,#3797,.F.);
#3797 = EDGE_CURVE('',#3798,#3790,#3800,.T.);
#3798 = VERTEX_POINT('',#3799);
#3799 = CARTESIAN_POINT('',(19.835,38.065,-6.1));
#3800 = LINE('',#3801,#3802);
#3801 = CARTESIAN_POINT('',(19.835,38.065,-6.1));
#3802 = VECTOR('',#3803,1.);
#3803 = DIRECTION('',(0.,0.,1.));
#3804 = ORIENTED_EDGE('',*,*,#3805,.F.);
#3805 = EDGE_CURVE('',#3780,#3798,#3806,.T.);
#3806 = LINE('',#3807,#3808);
#3807 = CARTESIAN_POINT('',(19.835,37.415,-6.1));
#3808 = VECTOR('',#3809,1.);
#3809 = DIRECTION('',(0.,1.,0.));
#3810 = PLANE('',#3811);
#3811 = AXIS2_PLACEMENT_3D('',#3812,#3813,#3814);
#3812 = CARTESIAN_POINT('',(19.835,37.415,-6.1));
#3813 = DIRECTION('',(-1.,0.,0.));
#3814 = DIRECTION('',(0.,1.,0.));
#3815 = ADVANCED_FACE('',(#3816),#3841,.T.);
#3816 = FACE_BOUND('',#3817,.T.);
#3817 = EDGE_LOOP('',(#3818,#3819,#3827,#3835));
#3818 = ORIENTED_EDGE('',*,*,#3797,.T.);
#3819 = ORIENTED_EDGE('',*,*,#3820,.T.);
#3820 = EDGE_CURVE('',#3790,#3821,#3823,.T.);
#3821 = VERTEX_POINT('',#3822);
#3822 = CARTESIAN_POINT('',(20.485,38.065,0.));
#3823 = LINE('',#3824,#3825);
#3824 = CARTESIAN_POINT('',(19.835,38.065,0.));
#3825 = VECTOR('',#3826,1.);
#3826 = DIRECTION('',(1.,0.,0.));
#3827 = ORIENTED_EDGE('',*,*,#3828,.F.);
#3828 = EDGE_CURVE('',#3829,#3821,#3831,.T.);
#3829 = VERTEX_POINT('',#3830);
#3830 = CARTESIAN_POINT('',(20.485,38.065,-6.1));
#3831 = LINE('',#3832,#3833);
#3832 = CARTESIAN_POINT('',(20.485,38.065,-6.1));
#3833 = VECTOR('',#3834,1.);
#3834 = DIRECTION('',(0.,0.,1.));
#3835 = ORIENTED_EDGE('',*,*,#3836,.F.);
#3836 = EDGE_CURVE('',#3798,#3829,#3837,.T.);
#3837 = LINE('',#3838,#3839);
#3838 = CARTESIAN_POINT('',(19.835,38.065,-6.1));
#3839 = VECTOR('',#3840,1.);
#3840 = DIRECTION('',(1.,0.,0.));
#3841 = PLANE('',#3842);
#3842 = AXIS2_PLACEMENT_3D('',#3843,#3844,#3845);
#3843 = CARTESIAN_POINT('',(19.835,38.065,-6.1));
#3844 = DIRECTION('',(0.,1.,0.));
#3845 = DIRECTION('',(1.,0.,0.));
#3846 = ADVANCED_FACE('',(#3847),#3872,.T.);
#3847 = FACE_BOUND('',#3848,.T.);
#3848 = EDGE_LOOP('',(#3849,#3850,#3858,#3866));
#3849 = ORIENTED_EDGE('',*,*,#3828,.T.);
#3850 = ORIENTED_EDGE('',*,*,#3851,.T.);
#3851 = EDGE_CURVE('',#3821,#3852,#3854,.T.);
#3852 = VERTEX_POINT('',#3853);
#3853 = CARTESIAN_POINT('',(20.485,37.415,0.));
#3854 = LINE('',#3855,#3856);
#3855 = CARTESIAN_POINT('',(20.485,38.065,0.));
#3856 = VECTOR('',#3857,1.);
#3857 = DIRECTION('',(0.,-1.,0.));
#3858 = ORIENTED_EDGE('',*,*,#3859,.F.);
#3859 = EDGE_CURVE('',#3860,#3852,#3862,.T.);
#3860 = VERTEX_POINT('',#3861);
#3861 = CARTESIAN_POINT('',(20.485,37.415,-6.1));
#3862 = LINE('',#3863,#3864);
#3863 = CARTESIAN_POINT('',(20.485,37.415,-6.1));
#3864 = VECTOR('',#3865,1.);
#3865 = DIRECTION('',(0.,0.,1.));
#3866 = ORIENTED_EDGE('',*,*,#3867,.F.);
#3867 = EDGE_CURVE('',#3829,#3860,#3868,.T.);
#3868 = LINE('',#3869,#3870);
#3869 = CARTESIAN_POINT('',(20.485,38.065,-6.1));
#3870 = VECTOR('',#3871,1.);
#3871 = DIRECTION('',(0.,-1.,0.));
#3872 = PLANE('',#3873);
#3873 = AXIS2_PLACEMENT_3D('',#3874,#3875,#3876);
#3874 = CARTESIAN_POINT('',(20.485,38.065,-6.1));
#3875 = DIRECTION('',(1.,0.,-0.));
#3876 = DIRECTION('',(0.,-1.,0.));
#3877 = ADVANCED_FACE('',(#3878),#3894,.T.);
#3878 = FACE_BOUND('',#3879,.T.);
#3879 = EDGE_LOOP('',(#3880,#3881,#3887,#3888));
#3880 = ORIENTED_EDGE('',*,*,#3859,.T.);
#3881 = ORIENTED_EDGE('',*,*,#3882,.T.);
#3882 = EDGE_CURVE('',#3852,#3782,#3883,.T.);
#3883 = LINE('',#3884,#3885);
#3884 = CARTESIAN_POINT('',(20.485,37.415,0.));
#3885 = VECTOR('',#3886,1.);
#3886 = DIRECTION('',(-1.,0.,0.));
#3887 = ORIENTED_EDGE('',*,*,#3779,.F.);
#3888 = ORIENTED_EDGE('',*,*,#3889,.F.);
#3889 = EDGE_CURVE('',#3860,#3780,#3890,.T.);
#3890 = LINE('',#3891,#3892);
#3891 = CARTESIAN_POINT('',(20.485,37.415,-6.1));
#3892 = VECTOR('',#3893,1.);
#3893 = DIRECTION('',(-1.,0.,0.));
#3894 = PLANE('',#3895);
#3895 = AXIS2_PLACEMENT_3D('',#3896,#3897,#3898);
#3896 = CARTESIAN_POINT('',(20.485,37.415,-6.1));
#3897 = DIRECTION('',(0.,-1.,0.));
#3898 = DIRECTION('',(-1.,0.,0.));
#3899 = ADVANCED_FACE('',(#3900),#3906,.F.);
#3900 = FACE_BOUND('',#3901,.T.);
#3901 = EDGE_LOOP('',(#3902,#3903,#3904,#3905));
#3902 = ORIENTED_EDGE('',*,*,#3805,.T.);
#3903 = ORIENTED_EDGE('',*,*,#3836,.T.);
#3904 = ORIENTED_EDGE('',*,*,#3867,.T.);
#3905 = ORIENTED_EDGE('',*,*,#3889,.T.);
#3906 = PLANE('',#3907);
#3907 = AXIS2_PLACEMENT_3D('',#3908,#3909,#3910);
#3908 = CARTESIAN_POINT('',(23.97,36.47,-6.1));
#3909 = DIRECTION('',(-0.,-0.,1.));
#3910 = DIRECTION('',(0.,1.,0.));
#3911 = ADVANCED_FACE('',(#3912),#3918,.T.);
#3912 = FACE_BOUND('',#3913,.F.);
#3913 = EDGE_LOOP('',(#3914,#3915,#3916,#3917));
#3914 = ORIENTED_EDGE('',*,*,#3789,.T.);
#3915 = ORIENTED_EDGE('',*,*,#3820,.T.);
#3916 = ORIENTED_EDGE('',*,*,#3851,.T.);
#3917 = ORIENTED_EDGE('',*,*,#3882,.T.);
#3918 = PLANE('',#3919);
#3919 = AXIS2_PLACEMENT_3D('',#3920,#3921,#3922);
#3920 = CARTESIAN_POINT('',(23.97,36.47,2.6645352591E-15));
#3921 = DIRECTION('',(0.,0.,1.));
#3922 = DIRECTION('',(0.,1.,0.));
#3923 = MANIFOLD_SOLID_BREP('',#3924);
#3924 = CLOSED_SHELL('',(#3925,#3965,#3996,#4027,#4049,#4061));
#3925 = ADVANCED_FACE('',(#3926),#3960,.F.);
#3926 = FACE_BOUND('',#3927,.F.);
#3927 = EDGE_LOOP('',(#3928,#3938,#3946,#3954));
#3928 = ORIENTED_EDGE('',*,*,#3929,.T.);
#3929 = EDGE_CURVE('',#3930,#3932,#3934,.T.);
#3930 = VERTEX_POINT('',#3931);
#3931 = CARTESIAN_POINT('',(14.755,38.065,-6.1));
#3932 = VERTEX_POINT('',#3933);
#3933 = CARTESIAN_POINT('',(14.755,38.065,0.));
#3934 = LINE('',#3935,#3936);
#3935 = CARTESIAN_POINT('',(14.755,38.065,-6.1));
#3936 = VECTOR('',#3937,1.);
#3937 = DIRECTION('',(0.,0.,1.));
#3938 = ORIENTED_EDGE('',*,*,#3939,.T.);
#3939 = EDGE_CURVE('',#3932,#3940,#3942,.T.);
#3940 = VERTEX_POINT('',#3941);
#3941 = CARTESIAN_POINT('',(14.755,37.415,0.));
#3942 = LINE('',#3943,#3944);
#3943 = CARTESIAN_POINT('',(14.755,38.065,0.));
#3944 = VECTOR('',#3945,1.);
#3945 = DIRECTION('',(0.,-1.,0.));
#3946 = ORIENTED_EDGE('',*,*,#3947,.F.);
#3947 = EDGE_CURVE('',#3948,#3940,#3950,.T.);
#3948 = VERTEX_POINT('',#3949);
#3949 = CARTESIAN_POINT('',(14.755,37.415,-6.1));
#3950 = LINE('',#3951,#3952);
#3951 = CARTESIAN_POINT('',(14.755,37.415,-6.1));
#3952 = VECTOR('',#3953,1.);
#3953 = DIRECTION('',(0.,0.,1.));
#3954 = ORIENTED_EDGE('',*,*,#3955,.F.);
#3955 = EDGE_CURVE('',#3930,#3948,#3956,.T.);
#3956 = LINE('',#3957,#3958);
#3957 = CARTESIAN_POINT('',(14.755,38.065,-6.1));
#3958 = VECTOR('',#3959,1.);
#3959 = DIRECTION('',(0.,-1.,0.));
#3960 = PLANE('',#3961);
#3961 = AXIS2_PLACEMENT_3D('',#3962,#3963,#3964);
#3962 = CARTESIAN_POINT('',(14.755,38.065,-6.1));
#3963 = DIRECTION('',(1.,0.,-0.));
#3964 = DIRECTION('',(0.,-1.,0.));
#3965 = ADVANCED_FACE('',(#3966),#3991,.F.);
#3966 = FACE_BOUND('',#3967,.F.);
#3967 = EDGE_LOOP('',(#3968,#3969,#3977,#3985));
#3968 = ORIENTED_EDGE('',*,*,#3947,.T.);
#3969 = ORIENTED_EDGE('',*,*,#3970,.T.);
#3970 = EDGE_CURVE('',#3940,#3971,#3973,.T.);
#3971 = VERTEX_POINT('',#3972);
#3972 = CARTESIAN_POINT('',(15.405,37.415,0.));
#3973 = LINE('',#3974,#3975);
#3974 = CARTESIAN_POINT('',(14.755,37.415,0.));
#3975 = VECTOR('',#3976,1.);
#3976 = DIRECTION('',(1.,0.,0.));
#3977 = ORIENTED_EDGE('',*,*,#3978,.F.);
#3978 = EDGE_CURVE('',#3979,#3971,#3981,.T.);
#3979 = VERTEX_POINT('',#3980);
#3980 = CARTESIAN_POINT('',(15.405,37.415,-6.1));
#3981 = LINE('',#3982,#3983);
#3982 = CARTESIAN_POINT('',(15.405,37.415,-6.1));
#3983 = VECTOR('',#3984,1.);
#3984 = DIRECTION('',(0.,0.,1.));
#3985 = ORIENTED_EDGE('',*,*,#3986,.F.);
#3986 = EDGE_CURVE('',#3948,#3979,#3987,.T.);
#3987 = LINE('',#3988,#3989);
#3988 = CARTESIAN_POINT('',(14.755,37.415,-6.1));
#3989 = VECTOR('',#3990,1.);
#3990 = DIRECTION('',(1.,0.,0.));
#3991 = PLANE('',#3992);
#3992 = AXIS2_PLACEMENT_3D('',#3993,#3994,#3995);
#3993 = CARTESIAN_POINT('',(14.755,37.415,-6.1));
#3994 = DIRECTION('',(0.,1.,0.));
#3995 = DIRECTION('',(1.,0.,0.));
#3996 = ADVANCED_FACE('',(#3997),#4022,.F.);
#3997 = FACE_BOUND('',#3998,.F.);
#3998 = EDGE_LOOP('',(#3999,#4000,#4008,#4016));
#3999 = ORIENTED_EDGE('',*,*,#3978,.T.);
#4000 = ORIENTED_EDGE('',*,*,#4001,.T.);
#4001 = EDGE_CURVE('',#3971,#4002,#4004,.T.);
#4002 = VERTEX_POINT('',#4003);
#4003 = CARTESIAN_POINT('',(15.405,38.065,0.));
#4004 = LINE('',#4005,#4006);
#4005 = CARTESIAN_POINT('',(15.405,37.415,0.));
#4006 = VECTOR('',#4007,1.);
#4007 = DIRECTION('',(0.,1.,0.));
#4008 = ORIENTED_EDGE('',*,*,#4009,.F.);
#4009 = EDGE_CURVE('',#4010,#4002,#4012,.T.);
#4010 = VERTEX_POINT('',#4011);
#4011 = CARTESIAN_POINT('',(15.405,38.065,-6.1));
#4012 = LINE('',#4013,#4014);
#4013 = CARTESIAN_POINT('',(15.405,38.065,-6.1));
#4014 = VECTOR('',#4015,1.);
#4015 = DIRECTION('',(0.,0.,1.));
#4016 = ORIENTED_EDGE('',*,*,#4017,.F.);
#4017 = EDGE_CURVE('',#3979,#4010,#4018,.T.);
#4018 = LINE('',#4019,#4020);
#4019 = CARTESIAN_POINT('',(15.405,37.415,-6.1));
#4020 = VECTOR('',#4021,1.);
#4021 = DIRECTION('',(0.,1.,0.));
#4022 = PLANE('',#4023);
#4023 = AXIS2_PLACEMENT_3D('',#4024,#4025,#4026);
#4024 = CARTESIAN_POINT('',(15.405,37.415,-6.1));
#4025 = DIRECTION('',(-1.,0.,0.));
#4026 = DIRECTION('',(0.,1.,0.));
#4027 = ADVANCED_FACE('',(#4028),#4044,.F.);
#4028 = FACE_BOUND('',#4029,.F.);
#4029 = EDGE_LOOP('',(#4030,#4031,#4037,#4038));
#4030 = ORIENTED_EDGE('',*,*,#4009,.T.);
#4031 = ORIENTED_EDGE('',*,*,#4032,.T.);
#4032 = EDGE_CURVE('',#4002,#3932,#4033,.T.);
#4033 = LINE('',#4034,#4035);
#4034 = CARTESIAN_POINT('',(15.405,38.065,0.));
#4035 = VECTOR('',#4036,1.);
#4036 = DIRECTION('',(-1.,0.,0.));
#4037 = ORIENTED_EDGE('',*,*,#3929,.F.);
#4038 = ORIENTED_EDGE('',*,*,#4039,.F.);
#4039 = EDGE_CURVE('',#4010,#3930,#4040,.T.);
#4040 = LINE('',#4041,#4042);
#4041 = CARTESIAN_POINT('',(15.405,38.065,-6.1));
#4042 = VECTOR('',#4043,1.);
#4043 = DIRECTION('',(-1.,0.,0.));
#4044 = PLANE('',#4045);
#4045 = AXIS2_PLACEMENT_3D('',#4046,#4047,#4048);
#4046 = CARTESIAN_POINT('',(15.405,38.065,-6.1));
#4047 = DIRECTION('',(0.,-1.,0.));
#4048 = DIRECTION('',(-1.,0.,0.));
#4049 = ADVANCED_FACE('',(#4050),#4056,.F.);
#4050 = FACE_BOUND('',#4051,.F.);
#4051 = EDGE_LOOP('',(#4052,#4053,#4054,#4055));
#4052 = ORIENTED_EDGE('',*,*,#3955,.T.);
#4053 = ORIENTED_EDGE('',*,*,#3986,.T.);
#4054 = ORIENTED_EDGE('',*,*,#4017,.T.);
#4055 = ORIENTED_EDGE('',*,*,#4039,.T.);
#4056 = PLANE('',#4057);
#4057 = AXIS2_PLACEMENT_3D('',#4058,#4059,#4060);
#4058 = CARTESIAN_POINT('',(23.97,36.47,-6.1));
#4059 = DIRECTION('',(-0.,-0.,1.));
#4060 = DIRECTION('',(0.,1.,0.));
#4061 = ADVANCED_FACE('',(#4062),#4068,.T.);
#4062 = FACE_BOUND('',#4063,.T.);
#4063 = EDGE_LOOP('',(#4064,#4065,#4066,#4067));
#4064 = ORIENTED_EDGE('',*,*,#3939,.T.);
#4065 = ORIENTED_EDGE('',*,*,#3970,.T.);
#4066 = ORIENTED_EDGE('',*,*,#4001,.T.);
#4067 = ORIENTED_EDGE('',*,*,#4032,.T.);
#4068 = PLANE('',#4069);
#4069 = AXIS2_PLACEMENT_3D('',#4070,#4071,#4072);
#4070 = CARTESIAN_POINT('',(23.97,36.47,2.6645352591E-15));
#4071 = DIRECTION('',(0.,0.,1.));
#4072 = DIRECTION('',(0.,1.,0.));
#4073 = MANIFOLD_SOLID_BREP('',#4074);
#4074 = CLOSED_SHELL('',(#4075,#4115,#4146,#4177,#4199,#4211));
#4075 = ADVANCED_FACE('',(#4076),#4110,.T.);
#4076 = FACE_BOUND('',#4077,.T.);
#4077 = EDGE_LOOP('',(#4078,#4088,#4096,#4104));
#4078 = ORIENTED_EDGE('',*,*,#4079,.T.);
#4079 = EDGE_CURVE('',#4080,#4082,#4084,.T.);
#4080 = VERTEX_POINT('',#4081);
#4081 = CARTESIAN_POINT('',(12.215,37.415,-6.1));
#4082 = VERTEX_POINT('',#4083);
#4083 = CARTESIAN_POINT('',(12.215,37.415,0.));
#4084 = LINE('',#4085,#4086);
#4085 = CARTESIAN_POINT('',(12.215,37.415,-6.1));
#4086 = VECTOR('',#4087,1.);
#4087 = DIRECTION('',(0.,0.,1.));
#4088 = ORIENTED_EDGE('',*,*,#4089,.T.);
#4089 = EDGE_CURVE('',#4082,#4090,#4092,.T.);
#4090 = VERTEX_POINT('',#4091);
#4091 = CARTESIAN_POINT('',(12.215,38.065,0.));
#4092 = LINE('',#4093,#4094);
#4093 = CARTESIAN_POINT('',(12.215,37.415,0.));
#4094 = VECTOR('',#4095,1.);
#4095 = DIRECTION('',(0.,1.,0.));
#4096 = ORIENTED_EDGE('',*,*,#4097,.F.);
#4097 = EDGE_CURVE('',#4098,#4090,#4100,.T.);
#4098 = VERTEX_POINT('',#4099);
#4099 = CARTESIAN_POINT('',(12.215,38.065,-6.1));
#4100 = LINE('',#4101,#4102);
#4101 = CARTESIAN_POINT('',(12.215,38.065,-6.1));
#4102 = VECTOR('',#4103,1.);
#4103 = DIRECTION('',(0.,0.,1.));
#4104 = ORIENTED_EDGE('',*,*,#4105,.F.);
#4105 = EDGE_CURVE('',#4080,#4098,#4106,.T.);
#4106 = LINE('',#4107,#4108);
#4107 = CARTESIAN_POINT('',(12.215,37.415,-6.1));
#4108 = VECTOR('',#4109,1.);
#4109 = DIRECTION('',(0.,1.,0.));
#4110 = PLANE('',#4111);
#4111 = AXIS2_PLACEMENT_3D('',#4112,#4113,#4114);
#4112 = CARTESIAN_POINT('',(12.215,37.415,-6.1));
#4113 = DIRECTION('',(-1.,0.,0.));
#4114 = DIRECTION('',(0.,1.,0.));
#4115 = ADVANCED_FACE('',(#4116),#4141,.T.);
#4116 = FACE_BOUND('',#4117,.T.);
#4117 = EDGE_LOOP('',(#4118,#4119,#4127,#4135));
#4118 = ORIENTED_EDGE('',*,*,#4097,.T.);
#4119 = ORIENTED_EDGE('',*,*,#4120,.T.);
#4120 = EDGE_CURVE('',#4090,#4121,#4123,.T.);
#4121 = VERTEX_POINT('',#4122);
#4122 = CARTESIAN_POINT('',(12.865,38.065,0.));
#4123 = LINE('',#4124,#4125);
#4124 = CARTESIAN_POINT('',(12.215,38.065,0.));
#4125 = VECTOR('',#4126,1.);
#4126 = DIRECTION('',(1.,0.,0.));
#4127 = ORIENTED_EDGE('',*,*,#4128,.F.);
#4128 = EDGE_CURVE('',#4129,#4121,#4131,.T.);
#4129 = VERTEX_POINT('',#4130);
#4130 = CARTESIAN_POINT('',(12.865,38.065,-6.1));
#4131 = LINE('',#4132,#4133);
#4132 = CARTESIAN_POINT('',(12.865,38.065,-6.1));
#4133 = VECTOR('',#4134,1.);
#4134 = DIRECTION('',(0.,0.,1.));
#4135 = ORIENTED_EDGE('',*,*,#4136,.F.);
#4136 = EDGE_CURVE('',#4098,#4129,#4137,.T.);
#4137 = LINE('',#4138,#4139);
#4138 = CARTESIAN_POINT('',(12.215,38.065,-6.1));
#4139 = VECTOR('',#4140,1.);
#4140 = DIRECTION('',(1.,0.,0.));
#4141 = PLANE('',#4142);
#4142 = AXIS2_PLACEMENT_3D('',#4143,#4144,#4145);
#4143 = CARTESIAN_POINT('',(12.215,38.065,-6.1));
#4144 = DIRECTION('',(0.,1.,0.));
#4145 = DIRECTION('',(1.,0.,0.));
#4146 = ADVANCED_FACE('',(#4147),#4172,.T.);
#4147 = FACE_BOUND('',#4148,.T.);
#4148 = EDGE_LOOP('',(#4149,#4150,#4158,#4166));
#4149 = ORIENTED_EDGE('',*,*,#4128,.T.);
#4150 = ORIENTED_EDGE('',*,*,#4151,.T.);
#4151 = EDGE_CURVE('',#4121,#4152,#4154,.T.);
#4152 = VERTEX_POINT('',#4153);
#4153 = CARTESIAN_POINT('',(12.865,37.415,0.));
#4154 = LINE('',#4155,#4156);
#4155 = CARTESIAN_POINT('',(12.865,38.065,0.));
#4156 = VECTOR('',#4157,1.);
#4157 = DIRECTION('',(0.,-1.,0.));
#4158 = ORIENTED_EDGE('',*,*,#4159,.F.);
#4159 = EDGE_CURVE('',#4160,#4152,#4162,.T.);
#4160 = VERTEX_POINT('',#4161);
#4161 = CARTESIAN_POINT('',(12.865,37.415,-6.1));
#4162 = LINE('',#4163,#4164);
#4163 = CARTESIAN_POINT('',(12.865,37.415,-6.1));
#4164 = VECTOR('',#4165,1.);
#4165 = DIRECTION('',(0.,0.,1.));
#4166 = ORIENTED_EDGE('',*,*,#4167,.F.);
#4167 = EDGE_CURVE('',#4129,#4160,#4168,.T.);
#4168 = LINE('',#4169,#4170);
#4169 = CARTESIAN_POINT('',(12.865,38.065,-6.1));
#4170 = VECTOR('',#4171,1.);
#4171 = DIRECTION('',(0.,-1.,0.));
#4172 = PLANE('',#4173);
#4173 = AXIS2_PLACEMENT_3D('',#4174,#4175,#4176);
#4174 = CARTESIAN_POINT('',(12.865,38.065,-6.1));
#4175 = DIRECTION('',(1.,0.,-0.));
#4176 = DIRECTION('',(0.,-1.,0.));
#4177 = ADVANCED_FACE('',(#4178),#4194,.T.);
#4178 = FACE_BOUND('',#4179,.T.);
#4179 = EDGE_LOOP('',(#4180,#4181,#4187,#4188));
#4180 = ORIENTED_EDGE('',*,*,#4159,.T.);
#4181 = ORIENTED_EDGE('',*,*,#4182,.T.);
#4182 = EDGE_CURVE('',#4152,#4082,#4183,.T.);
#4183 = LINE('',#4184,#4185);
#4184 = CARTESIAN_POINT('',(12.865,37.415,0.));
#4185 = VECTOR('',#4186,1.);
#4186 = DIRECTION('',(-1.,0.,0.));
#4187 = ORIENTED_EDGE('',*,*,#4079,.F.);
#4188 = ORIENTED_EDGE('',*,*,#4189,.F.);
#4189 = EDGE_CURVE('',#4160,#4080,#4190,.T.);
#4190 = LINE('',#4191,#4192);
#4191 = CARTESIAN_POINT('',(12.865,37.415,-6.1));
#4192 = VECTOR('',#4193,1.);
#4193 = DIRECTION('',(-1.,0.,0.));
#4194 = PLANE('',#4195);
#4195 = AXIS2_PLACEMENT_3D('',#4196,#4197,#4198);
#4196 = CARTESIAN_POINT('',(12.865,37.415,-6.1));
#4197 = DIRECTION('',(0.,-1.,0.));
#4198 = DIRECTION('',(-1.,0.,0.));
#4199 = ADVANCED_FACE('',(#4200),#4206,.F.);
#4200 = FACE_BOUND('',#4201,.T.);
#4201 = EDGE_LOOP('',(#4202,#4203,#4204,#4205));
#4202 = ORIENTED_EDGE('',*,*,#4105,.T.);
#4203 = ORIENTED_EDGE('',*,*,#4136,.T.);
#4204 = ORIENTED_EDGE('',*,*,#4167,.T.);
#4205 = ORIENTED_EDGE('',*,*,#4189,.T.);
#4206 = PLANE('',#4207);
#4207 = AXIS2_PLACEMENT_3D('',#4208,#4209,#4210);
#4208 = CARTESIAN_POINT('',(23.97,36.47,-6.1));
#4209 = DIRECTION('',(-0.,-0.,1.));
#4210 = DIRECTION('',(0.,1.,0.));
#4211 = ADVANCED_FACE('',(#4212),#4218,.T.);
#4212 = FACE_BOUND('',#4213,.F.);
#4213 = EDGE_LOOP('',(#4214,#4215,#4216,#4217));
#4214 = ORIENTED_EDGE('',*,*,#4089,.T.);
#4215 = ORIENTED_EDGE('',*,*,#4120,.T.);
#4216 = ORIENTED_EDGE('',*,*,#4151,.T.);
#4217 = ORIENTED_EDGE('',*,*,#4182,.T.);
#4218 = PLANE('',#4219);
#4219 = AXIS2_PLACEMENT_3D('',#4220,#4221,#4222);
#4220 = CARTESIAN_POINT('',(23.97,36.47,2.6645352591E-15));
#4221 = DIRECTION('',(0.,0.,1.));
#4222 = DIRECTION('',(0.,1.,0.));
#4223 = MANIFOLD_SOLID_BREP('',#4224);
#4224 = CLOSED_SHELL('',(#4225,#4265,#4296,#4327,#4349,#4361));
#4225 = ADVANCED_FACE('',(#4226),#4260,.F.);
#4226 = FACE_BOUND('',#4227,.F.);
#4227 = EDGE_LOOP('',(#4228,#4238,#4246,#4254));
#4228 = ORIENTED_EDGE('',*,*,#4229,.T.);
#4229 = EDGE_CURVE('',#4230,#4232,#4234,.T.);
#4230 = VERTEX_POINT('',#4231);
#4231 = CARTESIAN_POINT('',(24.915,35.525,-6.1));
#4232 = VERTEX_POINT('',#4233);
#4233 = CARTESIAN_POINT('',(24.915,35.525,0.));
#4234 = LINE('',#4235,#4236);
#4235 = CARTESIAN_POINT('',(24.915,35.525,-6.1));
#4236 = VECTOR('',#4237,1.);
#4237 = DIRECTION('',(0.,0.,1.));
#4238 = ORIENTED_EDGE('',*,*,#4239,.T.);
#4239 = EDGE_CURVE('',#4232,#4240,#4242,.T.);
#4240 = VERTEX_POINT('',#4241);
#4241 = CARTESIAN_POINT('',(24.915,34.875,0.));
#4242 = LINE('',#4243,#4244);
#4243 = CARTESIAN_POINT('',(24.915,35.525,0.));
#4244 = VECTOR('',#4245,1.);
#4245 = DIRECTION('',(0.,-1.,0.));
#4246 = ORIENTED_EDGE('',*,*,#4247,.F.);
#4247 = EDGE_CURVE('',#4248,#4240,#4250,.T.);
#4248 = VERTEX_POINT('',#4249);
#4249 = CARTESIAN_POINT('',(24.915,34.875,-6.1));
#4250 = LINE('',#4251,#4252);
#4251 = CARTESIAN_POINT('',(24.915,34.875,-6.1));
#4252 = VECTOR('',#4253,1.);
#4253 = DIRECTION('',(0.,0.,1.));
#4254 = ORIENTED_EDGE('',*,*,#4255,.F.);
#4255 = EDGE_CURVE('',#4230,#4248,#4256,.T.);
#4256 = LINE('',#4257,#4258);
#4257 = CARTESIAN_POINT('',(24.915,35.525,-6.1));
#4258 = VECTOR('',#4259,1.);
#4259 = DIRECTION('',(0.,-1.,0.));
#4260 = PLANE('',#4261);
#4261 = AXIS2_PLACEMENT_3D('',#4262,#4263,#4264);
#4262 = CARTESIAN_POINT('',(24.915,35.525,-6.1));
#4263 = DIRECTION('',(1.,0.,-0.));
#4264 = DIRECTION('',(0.,-1.,0.));
#4265 = ADVANCED_FACE('',(#4266),#4291,.F.);
#4266 = FACE_BOUND('',#4267,.F.);
#4267 = EDGE_LOOP('',(#4268,#4269,#4277,#4285));
#4268 = ORIENTED_EDGE('',*,*,#4247,.T.);
#4269 = ORIENTED_EDGE('',*,*,#4270,.T.);
#4270 = EDGE_CURVE('',#4240,#4271,#4273,.T.);
#4271 = VERTEX_POINT('',#4272);
#4272 = CARTESIAN_POINT('',(25.565,34.875,0.));
#4273 = LINE('',#4274,#4275);
#4274 = CARTESIAN_POINT('',(24.915,34.875,0.));
#4275 = VECTOR('',#4276,1.);
#4276 = DIRECTION('',(1.,0.,0.));
#4277 = ORIENTED_EDGE('',*,*,#4278,.F.);
#4278 = EDGE_CURVE('',#4279,#4271,#4281,.T.);
#4279 = VERTEX_POINT('',#4280);
#4280 = CARTESIAN_POINT('',(25.565,34.875,-6.1));
#4281 = LINE('',#4282,#4283);
#4282 = CARTESIAN_POINT('',(25.565,34.875,-6.1));
#4283 = VECTOR('',#4284,1.);
#4284 = DIRECTION('',(0.,0.,1.));
#4285 = ORIENTED_EDGE('',*,*,#4286,.F.);
#4286 = EDGE_CURVE('',#4248,#4279,#4287,.T.);
#4287 = LINE('',#4288,#4289);
#4288 = CARTESIAN_POINT('',(24.915,34.875,-6.1));
#4289 = VECTOR('',#4290,1.);
#4290 = DIRECTION('',(1.,0.,0.));
#4291 = PLANE('',#4292);
#4292 = AXIS2_PLACEMENT_3D('',#4293,#4294,#4295);
#4293 = CARTESIAN_POINT('',(24.915,34.875,-6.1));
#4294 = DIRECTION('',(0.,1.,0.));
#4295 = DIRECTION('',(1.,0.,0.));
#4296 = ADVANCED_FACE('',(#4297),#4322,.F.);
#4297 = FACE_BOUND('',#4298,.F.);
#4298 = EDGE_LOOP('',(#4299,#4300,#4308,#4316));
#4299 = ORIENTED_EDGE('',*,*,#4278,.T.);
#4300 = ORIENTED_EDGE('',*,*,#4301,.T.);
#4301 = EDGE_CURVE('',#4271,#4302,#4304,.T.);
#4302 = VERTEX_POINT('',#4303);
#4303 = CARTESIAN_POINT('',(25.565,35.525,0.));
#4304 = LINE('',#4305,#4306);
#4305 = CARTESIAN_POINT('',(25.565,34.875,0.));
#4306 = VECTOR('',#4307,1.);
#4307 = DIRECTION('',(0.,1.,0.));
#4308 = ORIENTED_EDGE('',*,*,#4309,.F.);
#4309 = EDGE_CURVE('',#4310,#4302,#4312,.T.);
#4310 = VERTEX_POINT('',#4311);
#4311 = CARTESIAN_POINT('',(25.565,35.525,-6.1));
#4312 = LINE('',#4313,#4314);
#4313 = CARTESIAN_POINT('',(25.565,35.525,-6.1));
#4314 = VECTOR('',#4315,1.);
#4315 = DIRECTION('',(0.,0.,1.));
#4316 = ORIENTED_EDGE('',*,*,#4317,.F.);
#4317 = EDGE_CURVE('',#4279,#4310,#4318,.T.);
#4318 = LINE('',#4319,#4320);
#4319 = CARTESIAN_POINT('',(25.565,34.875,-6.1));
#4320 = VECTOR('',#4321,1.);
#4321 = DIRECTION('',(0.,1.,0.));
#4322 = PLANE('',#4323);
#4323 = AXIS2_PLACEMENT_3D('',#4324,#4325,#4326);
#4324 = CARTESIAN_POINT('',(25.565,34.875,-6.1));
#4325 = DIRECTION('',(-1.,0.,0.));
#4326 = DIRECTION('',(0.,1.,0.));
#4327 = ADVANCED_FACE('',(#4328),#4344,.F.);
#4328 = FACE_BOUND('',#4329,.F.);
#4329 = EDGE_LOOP('',(#4330,#4331,#4337,#4338));
#4330 = ORIENTED_EDGE('',*,*,#4309,.T.);
#4331 = ORIENTED_EDGE('',*,*,#4332,.T.);
#4332 = EDGE_CURVE('',#4302,#4232,#4333,.T.);
#4333 = LINE('',#4334,#4335);
#4334 = CARTESIAN_POINT('',(25.565,35.525,0.));
#4335 = VECTOR('',#4336,1.);
#4336 = DIRECTION('',(-1.,0.,0.));
#4337 = ORIENTED_EDGE('',*,*,#4229,.F.);
#4338 = ORIENTED_EDGE('',*,*,#4339,.F.);
#4339 = EDGE_CURVE('',#4310,#4230,#4340,.T.);
#4340 = LINE('',#4341,#4342);
#4341 = CARTESIAN_POINT('',(25.565,35.525,-6.1));
#4342 = VECTOR('',#4343,1.);
#4343 = DIRECTION('',(-1.,0.,0.));
#4344 = PLANE('',#4345);
#4345 = AXIS2_PLACEMENT_3D('',#4346,#4347,#4348);
#4346 = CARTESIAN_POINT('',(25.565,35.525,-6.1));
#4347 = DIRECTION('',(0.,-1.,0.));
#4348 = DIRECTION('',(-1.,0.,0.));
#4349 = ADVANCED_FACE('',(#4350),#4356,.F.);
#4350 = FACE_BOUND('',#4351,.F.);
#4351 = EDGE_LOOP('',(#4352,#4353,#4354,#4355));
#4352 = ORIENTED_EDGE('',*,*,#4255,.T.);
#4353 = ORIENTED_EDGE('',*,*,#4286,.T.);
#4354 = ORIENTED_EDGE('',*,*,#4317,.T.);
#4355 = ORIENTED_EDGE('',*,*,#4339,.T.);
#4356 = PLANE('',#4357);
#4357 = AXIS2_PLACEMENT_3D('',#4358,#4359,#4360);
#4358 = CARTESIAN_POINT('',(23.97,36.47,-6.1));
#4359 = DIRECTION('',(-0.,-0.,1.));
#4360 = DIRECTION('',(0.,1.,0.));
#4361 = ADVANCED_FACE('',(#4362),#4368,.T.);
#4362 = FACE_BOUND('',#4363,.T.);
#4363 = EDGE_LOOP('',(#4364,#4365,#4366,#4367));
#4364 = ORIENTED_EDGE('',*,*,#4239,.T.);
#4365 = ORIENTED_EDGE('',*,*,#4270,.T.);
#4366 = ORIENTED_EDGE('',*,*,#4301,.T.);
#4367 = ORIENTED_EDGE('',*,*,#4332,.T.);
#4368 = PLANE('',#4369);
#4369 = AXIS2_PLACEMENT_3D('',#4370,#4371,#4372);
#4370 = CARTESIAN_POINT('',(23.97,36.47,2.6645352591E-15));
#4371 = DIRECTION('',(0.,0.,1.));
#4372 = DIRECTION('',(0.,1.,0.));
#4373 = MANIFOLD_SOLID_BREP('',#4374);
#4374 = CLOSED_SHELL('',(#4375,#4415,#4446,#4477,#4499,#4511));
#4375 = ADVANCED_FACE('',(#4376),#4410,.F.);
#4376 = FACE_BOUND('',#4377,.F.);
#4377 = EDGE_LOOP('',(#4378,#4388,#4396,#4404));
#4378 = ORIENTED_EDGE('',*,*,#4379,.T.);
#4379 = EDGE_CURVE('',#4380,#4382,#4384,.T.);
#4380 = VERTEX_POINT('',#4381);
#4381 = CARTESIAN_POINT('',(22.375,35.525,-6.1));
#4382 = VERTEX_POINT('',#4383);
#4383 = CARTESIAN_POINT('',(22.375,35.525,0.));
#4384 = LINE('',#4385,#4386);
#4385 = CARTESIAN_POINT('',(22.375,35.525,-6.1));
#4386 = VECTOR('',#4387,1.);
#4387 = DIRECTION('',(0.,0.,1.));
#4388 = ORIENTED_EDGE('',*,*,#4389,.T.);
#4389 = EDGE_CURVE('',#4382,#4390,#4392,.T.);
#4390 = VERTEX_POINT('',#4391);
#4391 = CARTESIAN_POINT('',(22.375,34.875,0.));
#4392 = LINE('',#4393,#4394);
#4393 = CARTESIAN_POINT('',(22.375,35.525,0.));
#4394 = VECTOR('',#4395,1.);
#4395 = DIRECTION('',(0.,-1.,0.));
#4396 = ORIENTED_EDGE('',*,*,#4397,.F.);
#4397 = EDGE_CURVE('',#4398,#4390,#4400,.T.);
#4398 = VERTEX_POINT('',#4399);
#4399 = CARTESIAN_POINT('',(22.375,34.875,-6.1));
#4400 = LINE('',#4401,#4402);
#4401 = CARTESIAN_POINT('',(22.375,34.875,-6.1));
#4402 = VECTOR('',#4403,1.);
#4403 = DIRECTION('',(0.,0.,1.));
#4404 = ORIENTED_EDGE('',*,*,#4405,.F.);
#4405 = EDGE_CURVE('',#4380,#4398,#4406,.T.);
#4406 = LINE('',#4407,#4408);
#4407 = CARTESIAN_POINT('',(22.375,35.525,-6.1));
#4408 = VECTOR('',#4409,1.);
#4409 = DIRECTION('',(0.,-1.,0.));
#4410 = PLANE('',#4411);
#4411 = AXIS2_PLACEMENT_3D('',#4412,#4413,#4414);
#4412 = CARTESIAN_POINT('',(22.375,35.525,-6.1));
#4413 = DIRECTION('',(1.,0.,-0.));
#4414 = DIRECTION('',(0.,-1.,0.));
#4415 = ADVANCED_FACE('',(#4416),#4441,.F.);
#4416 = FACE_BOUND('',#4417,.F.);
#4417 = EDGE_LOOP('',(#4418,#4419,#4427,#4435));
#4418 = ORIENTED_EDGE('',*,*,#4397,.T.);
#4419 = ORIENTED_EDGE('',*,*,#4420,.T.);
#4420 = EDGE_CURVE('',#4390,#4421,#4423,.T.);
#4421 = VERTEX_POINT('',#4422);
#4422 = CARTESIAN_POINT('',(23.025,34.875,0.));
#4423 = LINE('',#4424,#4425);
#4424 = CARTESIAN_POINT('',(22.375,34.875,0.));
#4425 = VECTOR('',#4426,1.);
#4426 = DIRECTION('',(1.,0.,0.));
#4427 = ORIENTED_EDGE('',*,*,#4428,.F.);
#4428 = EDGE_CURVE('',#4429,#4421,#4431,.T.);
#4429 = VERTEX_POINT('',#4430);
#4430 = CARTESIAN_POINT('',(23.025,34.875,-6.1));
#4431 = LINE('',#4432,#4433);
#4432 = CARTESIAN_POINT('',(23.025,34.875,-6.1));
#4433 = VECTOR('',#4434,1.);
#4434 = DIRECTION('',(0.,0.,1.));
#4435 = ORIENTED_EDGE('',*,*,#4436,.F.);
#4436 = EDGE_CURVE('',#4398,#4429,#4437,.T.);
#4437 = LINE('',#4438,#4439);
#4438 = CARTESIAN_POINT('',(22.375,34.875,-6.1));
#4439 = VECTOR('',#4440,1.);
#4440 = DIRECTION('',(1.,0.,0.));
#4441 = PLANE('',#4442);
#4442 = AXIS2_PLACEMENT_3D('',#4443,#4444,#4445);
#4443 = CARTESIAN_POINT('',(22.375,34.875,-6.1));
#4444 = DIRECTION('',(0.,1.,0.));
#4445 = DIRECTION('',(1.,0.,0.));
#4446 = ADVANCED_FACE('',(#4447),#4472,.F.);
#4447 = FACE_BOUND('',#4448,.F.);
#4448 = EDGE_LOOP('',(#4449,#4450,#4458,#4466));
#4449 = ORIENTED_EDGE('',*,*,#4428,.T.);
#4450 = ORIENTED_EDGE('',*,*,#4451,.T.);
#4451 = EDGE_CURVE('',#4421,#4452,#4454,.T.);
#4452 = VERTEX_POINT('',#4453);
#4453 = CARTESIAN_POINT('',(23.025,35.525,0.));
#4454 = LINE('',#4455,#4456);
#4455 = CARTESIAN_POINT('',(23.025,34.875,0.));
#4456 = VECTOR('',#4457,1.);
#4457 = DIRECTION('',(0.,1.,0.));
#4458 = ORIENTED_EDGE('',*,*,#4459,.F.);
#4459 = EDGE_CURVE('',#4460,#4452,#4462,.T.);
#4460 = VERTEX_POINT('',#4461);
#4461 = CARTESIAN_POINT('',(23.025,35.525,-6.1));
#4462 = LINE('',#4463,#4464);
#4463 = CARTESIAN_POINT('',(23.025,35.525,-6.1));
#4464 = VECTOR('',#4465,1.);
#4465 = DIRECTION('',(0.,0.,1.));
#4466 = ORIENTED_EDGE('',*,*,#4467,.F.);
#4467 = EDGE_CURVE('',#4429,#4460,#4468,.T.);
#4468 = LINE('',#4469,#4470);
#4469 = CARTESIAN_POINT('',(23.025,34.875,-6.1));
#4470 = VECTOR('',#4471,1.);
#4471 = DIRECTION('',(0.,1.,0.));
#4472 = PLANE('',#4473);
#4473 = AXIS2_PLACEMENT_3D('',#4474,#4475,#4476);
#4474 = CARTESIAN_POINT('',(23.025,34.875,-6.1));
#4475 = DIRECTION('',(-1.,0.,0.));
#4476 = DIRECTION('',(0.,1.,0.));
#4477 = ADVANCED_FACE('',(#4478),#4494,.F.);
#4478 = FACE_BOUND('',#4479,.F.);
#4479 = EDGE_LOOP('',(#4480,#4481,#4487,#4488));
#4480 = ORIENTED_EDGE('',*,*,#4459,.T.);
#4481 = ORIENTED_EDGE('',*,*,#4482,.T.);
#4482 = EDGE_CURVE('',#4452,#4382,#4483,.T.);
#4483 = LINE('',#4484,#4485);
#4484 = CARTESIAN_POINT('',(23.025,35.525,0.));
#4485 = VECTOR('',#4486,1.);
#4486 = DIRECTION('',(-1.,0.,0.));
#4487 = ORIENTED_EDGE('',*,*,#4379,.F.);
#4488 = ORIENTED_EDGE('',*,*,#4489,.F.);
#4489 = EDGE_CURVE('',#4460,#4380,#4490,.T.);
#4490 = LINE('',#4491,#4492);
#4491 = CARTESIAN_POINT('',(23.025,35.525,-6.1));
#4492 = VECTOR('',#4493,1.);
#4493 = DIRECTION('',(-1.,0.,0.));
#4494 = PLANE('',#4495);
#4495 = AXIS2_PLACEMENT_3D('',#4496,#4497,#4498);
#4496 = CARTESIAN_POINT('',(23.025,35.525,-6.1));
#4497 = DIRECTION('',(0.,-1.,0.));
#4498 = DIRECTION('',(-1.,0.,0.));
#4499 = ADVANCED_FACE('',(#4500),#4506,.F.);
#4500 = FACE_BOUND('',#4501,.F.);
#4501 = EDGE_LOOP('',(#4502,#4503,#4504,#4505));
#4502 = ORIENTED_EDGE('',*,*,#4405,.T.);
#4503 = ORIENTED_EDGE('',*,*,#4436,.T.);
#4504 = ORIENTED_EDGE('',*,*,#4467,.T.);
#4505 = ORIENTED_EDGE('',*,*,#4489,.T.);
#4506 = PLANE('',#4507);
#4507 = AXIS2_PLACEMENT_3D('',#4508,#4509,#4510);
#4508 = CARTESIAN_POINT('',(23.97,36.47,-6.1));
#4509 = DIRECTION('',(-0.,-0.,1.));
#4510 = DIRECTION('',(0.,1.,0.));
#4511 = ADVANCED_FACE('',(#4512),#4518,.T.);
#4512 = FACE_BOUND('',#4513,.T.);
#4513 = EDGE_LOOP('',(#4514,#4515,#4516,#4517));
#4514 = ORIENTED_EDGE('',*,*,#4389,.T.);
#4515 = ORIENTED_EDGE('',*,*,#4420,.T.);
#4516 = ORIENTED_EDGE('',*,*,#4451,.T.);
#4517 = ORIENTED_EDGE('',*,*,#4482,.T.);
#4518 = PLANE('',#4519);
#4519 = AXIS2_PLACEMENT_3D('',#4520,#4521,#4522);
#4520 = CARTESIAN_POINT('',(23.97,36.47,2.6645352591E-15));
#4521 = DIRECTION('',(0.,0.,1.));
#4522 = DIRECTION('',(0.,1.,0.));
#4523 = MANIFOLD_SOLID_BREP('',#4524);
#4524 = CLOSED_SHELL('',(#4525,#4565,#4596,#4627,#4649,#4661));
#4525 = ADVANCED_FACE('',(#4526),#4560,.F.);
#4526 = FACE_BOUND('',#4527,.F.);
#4527 = EDGE_LOOP('',(#4528,#4538,#4546,#4554));
#4528 = ORIENTED_EDGE('',*,*,#4529,.T.);
#4529 = EDGE_CURVE('',#4530,#4532,#4534,.T.);
#4530 = VERTEX_POINT('',#4531);
#4531 = CARTESIAN_POINT('',(19.835,35.525,-6.1));
#4532 = VERTEX_POINT('',#4533);
#4533 = CARTESIAN_POINT('',(19.835,35.525,0.));
#4534 = LINE('',#4535,#4536);
#4535 = CARTESIAN_POINT('',(19.835,35.525,-6.1));
#4536 = VECTOR('',#4537,1.);
#4537 = DIRECTION('',(0.,0.,1.));
#4538 = ORIENTED_EDGE('',*,*,#4539,.T.);
#4539 = EDGE_CURVE('',#4532,#4540,#4542,.T.);
#4540 = VERTEX_POINT('',#4541);
#4541 = CARTESIAN_POINT('',(19.835,34.875,0.));
#4542 = LINE('',#4543,#4544);
#4543 = CARTESIAN_POINT('',(19.835,35.525,0.));
#4544 = VECTOR('',#4545,1.);
#4545 = DIRECTION('',(0.,-1.,0.));
#4546 = ORIENTED_EDGE('',*,*,#4547,.F.);
#4547 = EDGE_CURVE('',#4548,#4540,#4550,.T.);
#4548 = VERTEX_POINT('',#4549);
#4549 = CARTESIAN_POINT('',(19.835,34.875,-6.1));
#4550 = LINE('',#4551,#4552);
#4551 = CARTESIAN_POINT('',(19.835,34.875,-6.1));
#4552 = VECTOR('',#4553,1.);
#4553 = DIRECTION('',(0.,0.,1.));
#4554 = ORIENTED_EDGE('',*,*,#4555,.F.);
#4555 = EDGE_CURVE('',#4530,#4548,#4556,.T.);
#4556 = LINE('',#4557,#4558);
#4557 = CARTESIAN_POINT('',(19.835,35.525,-6.1));
#4558 = VECTOR('',#4559,1.);
#4559 = DIRECTION('',(0.,-1.,0.));
#4560 = PLANE('',#4561);
#4561 = AXIS2_PLACEMENT_3D('',#4562,#4563,#4564);
#4562 = CARTESIAN_POINT('',(19.835,35.525,-6.1));
#4563 = DIRECTION('',(1.,0.,-0.));
#4564 = DIRECTION('',(0.,-1.,0.));
#4565 = ADVANCED_FACE('',(#4566),#4591,.F.);
#4566 = FACE_BOUND('',#4567,.F.);
#4567 = EDGE_LOOP('',(#4568,#4569,#4577,#4585));
#4568 = ORIENTED_EDGE('',*,*,#4547,.T.);
#4569 = ORIENTED_EDGE('',*,*,#4570,.T.);
#4570 = EDGE_CURVE('',#4540,#4571,#4573,.T.);
#4571 = VERTEX_POINT('',#4572);
#4572 = CARTESIAN_POINT('',(20.485,34.875,0.));
#4573 = LINE('',#4574,#4575);
#4574 = CARTESIAN_POINT('',(19.835,34.875,0.));
#4575 = VECTOR('',#4576,1.);
#4576 = DIRECTION('',(1.,0.,0.));
#4577 = ORIENTED_EDGE('',*,*,#4578,.F.);
#4578 = EDGE_CURVE('',#4579,#4571,#4581,.T.);
#4579 = VERTEX_POINT('',#4580);
#4580 = CARTESIAN_POINT('',(20.485,34.875,-6.1));
#4581 = LINE('',#4582,#4583);
#4582 = CARTESIAN_POINT('',(20.485,34.875,-6.1));
#4583 = VECTOR('',#4584,1.);
#4584 = DIRECTION('',(0.,0.,1.));
#4585 = ORIENTED_EDGE('',*,*,#4586,.F.);
#4586 = EDGE_CURVE('',#4548,#4579,#4587,.T.);
#4587 = LINE('',#4588,#4589);
#4588 = CARTESIAN_POINT('',(19.835,34.875,-6.1));
#4589 = VECTOR('',#4590,1.);
#4590 = DIRECTION('',(1.,0.,0.));
#4591 = PLANE('',#4592);
#4592 = AXIS2_PLACEMENT_3D('',#4593,#4594,#4595);
#4593 = CARTESIAN_POINT('',(19.835,34.875,-6.1));
#4594 = DIRECTION('',(0.,1.,0.));
#4595 = DIRECTION('',(1.,0.,0.));
#4596 = ADVANCED_FACE('',(#4597),#4622,.F.);
#4597 = FACE_BOUND('',#4598,.F.);
#4598 = EDGE_LOOP('',(#4599,#4600,#4608,#4616));
#4599 = ORIENTED_EDGE('',*,*,#4578,.T.);
#4600 = ORIENTED_EDGE('',*,*,#4601,.T.);
#4601 = EDGE_CURVE('',#4571,#4602,#4604,.T.);
#4602 = VERTEX_POINT('',#4603);
#4603 = CARTESIAN_POINT('',(20.485,35.525,0.));
#4604 = LINE('',#4605,#4606);
#4605 = CARTESIAN_POINT('',(20.485,34.875,0.));
#4606 = VECTOR('',#4607,1.);
#4607 = DIRECTION('',(0.,1.,0.));
#4608 = ORIENTED_EDGE('',*,*,#4609,.F.);
#4609 = EDGE_CURVE('',#4610,#4602,#4612,.T.);
#4610 = VERTEX_POINT('',#4611);
#4611 = CARTESIAN_POINT('',(20.485,35.525,-6.1));
#4612 = LINE('',#4613,#4614);
#4613 = CARTESIAN_POINT('',(20.485,35.525,-6.1));
#4614 = VECTOR('',#4615,1.);
#4615 = DIRECTION('',(0.,0.,1.));
#4616 = ORIENTED_EDGE('',*,*,#4617,.F.);
#4617 = EDGE_CURVE('',#4579,#4610,#4618,.T.);
#4618 = LINE('',#4619,#4620);
#4619 = CARTESIAN_POINT('',(20.485,34.875,-6.1));
#4620 = VECTOR('',#4621,1.);
#4621 = DIRECTION('',(0.,1.,0.));
#4622 = PLANE('',#4623);
#4623 = AXIS2_PLACEMENT_3D('',#4624,#4625,#4626);
#4624 = CARTESIAN_POINT('',(20.485,34.875,-6.1));
#4625 = DIRECTION('',(-1.,0.,0.));
#4626 = DIRECTION('',(0.,1.,0.));
#4627 = ADVANCED_FACE('',(#4628),#4644,.F.);
#4628 = FACE_BOUND('',#4629,.F.);
#4629 = EDGE_LOOP('',(#4630,#4631,#4637,#4638));
#4630 = ORIENTED_EDGE('',*,*,#4609,.T.);
#4631 = ORIENTED_EDGE('',*,*,#4632,.T.);
#4632 = EDGE_CURVE('',#4602,#4532,#4633,.T.);
#4633 = LINE('',#4634,#4635);
#4634 = CARTESIAN_POINT('',(20.485,35.525,0.));
#4635 = VECTOR('',#4636,1.);
#4636 = DIRECTION('',(-1.,0.,0.));
#4637 = ORIENTED_EDGE('',*,*,#4529,.F.);
#4638 = ORIENTED_EDGE('',*,*,#4639,.F.);
#4639 = EDGE_CURVE('',#4610,#4530,#4640,.T.);
#4640 = LINE('',#4641,#4642);
#4641 = CARTESIAN_POINT('',(20.485,35.525,-6.1));
#4642 = VECTOR('',#4643,1.);
#4643 = DIRECTION('',(-1.,0.,0.));
#4644 = PLANE('',#4645);
#4645 = AXIS2_PLACEMENT_3D('',#4646,#4647,#4648);
#4646 = CARTESIAN_POINT('',(20.485,35.525,-6.1));
#4647 = DIRECTION('',(0.,-1.,0.));
#4648 = DIRECTION('',(-1.,0.,0.));
#4649 = ADVANCED_FACE('',(#4650),#4656,.F.);
#4650 = FACE_BOUND('',#4651,.F.);
#4651 = EDGE_LOOP('',(#4652,#4653,#4654,#4655));
#4652 = ORIENTED_EDGE('',*,*,#4555,.T.);
#4653 = ORIENTED_EDGE('',*,*,#4586,.T.);
#4654 = ORIENTED_EDGE('',*,*,#4617,.T.);
#4655 = ORIENTED_EDGE('',*,*,#4639,.T.);
#4656 = PLANE('',#4657);
#4657 = AXIS2_PLACEMENT_3D('',#4658,#4659,#4660);
#4658 = CARTESIAN_POINT('',(23.97,36.47,-6.1));
#4659 = DIRECTION('',(-0.,-0.,1.));
#4660 = DIRECTION('',(0.,1.,0.));
#4661 = ADVANCED_FACE('',(#4662),#4668,.T.);
#4662 = FACE_BOUND('',#4663,.T.);
#4663 = EDGE_LOOP('',(#4664,#4665,#4666,#4667));
#4664 = ORIENTED_EDGE('',*,*,#4539,.T.);
#4665 = ORIENTED_EDGE('',*,*,#4570,.T.);
#4666 = ORIENTED_EDGE('',*,*,#4601,.T.);
#4667 = ORIENTED_EDGE('',*,*,#4632,.T.);
#4668 = PLANE('',#4669);
#4669 = AXIS2_PLACEMENT_3D('',#4670,#4671,#4672);
#4670 = CARTESIAN_POINT('',(23.97,36.47,2.6645352591E-15));
#4671 = DIRECTION('',(0.,0.,1.));
#4672 = DIRECTION('',(0.,1.,0.));
#4673 = MANIFOLD_SOLID_BREP('',#4674);
#4674 = CLOSED_SHELL('',(#4675,#4715,#4746,#4777,#4799,#4811));
#4675 = ADVANCED_FACE('',(#4676),#4710,.F.);
#4676 = FACE_BOUND('',#4677,.F.);
#4677 = EDGE_LOOP('',(#4678,#4688,#4696,#4704));
#4678 = ORIENTED_EDGE('',*,*,#4679,.T.);
#4679 = EDGE_CURVE('',#4680,#4682,#4684,.T.);
#4680 = VERTEX_POINT('',#4681);
#4681 = CARTESIAN_POINT('',(35.075,38.065,-6.1));
#4682 = VERTEX_POINT('',#4683);
#4683 = CARTESIAN_POINT('',(35.075,38.065,0.));
#4684 = LINE('',#4685,#4686);
#4685 = CARTESIAN_POINT('',(35.075,38.065,-6.1));
#4686 = VECTOR('',#4687,1.);
#4687 = DIRECTION('',(0.,0.,1.));
#4688 = ORIENTED_EDGE('',*,*,#4689,.T.);
#4689 = EDGE_CURVE('',#4682,#4690,#4692,.T.);
#4690 = VERTEX_POINT('',#4691);
#4691 = CARTESIAN_POINT('',(35.075,37.415,0.));
#4692 = LINE('',#4693,#4694);
#4693 = CARTESIAN_POINT('',(35.075,38.065,0.));
#4694 = VECTOR('',#4695,1.);
#4695 = DIRECTION('',(0.,-1.,0.));
#4696 = ORIENTED_EDGE('',*,*,#4697,.F.);
#4697 = EDGE_CURVE('',#4698,#4690,#4700,.T.);
#4698 = VERTEX_POINT('',#4699);
#4699 = CARTESIAN_POINT('',(35.075,37.415,-6.1));
#4700 = LINE('',#4701,#4702);
#4701 = CARTESIAN_POINT('',(35.075,37.415,-6.1));
#4702 = VECTOR('',#4703,1.);
#4703 = DIRECTION('',(0.,0.,1.));
#4704 = ORIENTED_EDGE('',*,*,#4705,.F.);
#4705 = EDGE_CURVE('',#4680,#4698,#4706,.T.);
#4706 = LINE('',#4707,#4708);
#4707 = CARTESIAN_POINT('',(35.075,38.065,-6.1));
#4708 = VECTOR('',#4709,1.);
#4709 = DIRECTION('',(0.,-1.,0.));
#4710 = PLANE('',#4711);
#4711 = AXIS2_PLACEMENT_3D('',#4712,#4713,#4714);
#4712 = CARTESIAN_POINT('',(35.075,38.065,-6.1));
#4713 = DIRECTION('',(1.,0.,-0.));
#4714 = DIRECTION('',(0.,-1.,0.));
#4715 = ADVANCED_FACE('',(#4716),#4741,.F.);
#4716 = FACE_BOUND('',#4717,.F.);
#4717 = EDGE_LOOP('',(#4718,#4719,#4727,#4735));
#4718 = ORIENTED_EDGE('',*,*,#4697,.T.);
#4719 = ORIENTED_EDGE('',*,*,#4720,.T.);
#4720 = EDGE_CURVE('',#4690,#4721,#4723,.T.);
#4721 = VERTEX_POINT('',#4722);
#4722 = CARTESIAN_POINT('',(35.725,37.415,0.));
#4723 = LINE('',#4724,#4725);
#4724 = CARTESIAN_POINT('',(35.075,37.415,0.));
#4725 = VECTOR('',#4726,1.);
#4726 = DIRECTION('',(1.,0.,0.));
#4727 = ORIENTED_EDGE('',*,*,#4728,.F.);
#4728 = EDGE_CURVE('',#4729,#4721,#4731,.T.);
#4729 = VERTEX_POINT('',#4730);
#4730 = CARTESIAN_POINT('',(35.725,37.415,-6.1));
#4731 = LINE('',#4732,#4733);
#4732 = CARTESIAN_POINT('',(35.725,37.415,-6.1));
#4733 = VECTOR('',#4734,1.);
#4734 = DIRECTION('',(0.,0.,1.));
#4735 = ORIENTED_EDGE('',*,*,#4736,.F.);
#4736 = EDGE_CURVE('',#4698,#4729,#4737,.T.);
#4737 = LINE('',#4738,#4739);
#4738 = CARTESIAN_POINT('',(35.075,37.415,-6.1));
#4739 = VECTOR('',#4740,1.);
#4740 = DIRECTION('',(1.,0.,0.));
#4741 = PLANE('',#4742);
#4742 = AXIS2_PLACEMENT_3D('',#4743,#4744,#4745);
#4743 = CARTESIAN_POINT('',(35.075,37.415,-6.1));
#4744 = DIRECTION('',(0.,1.,0.));
#4745 = DIRECTION('',(1.,0.,0.));
#4746 = ADVANCED_FACE('',(#4747),#4772,.F.);
#4747 = FACE_BOUND('',#4748,.F.);
#4748 = EDGE_LOOP('',(#4749,#4750,#4758,#4766));
#4749 = ORIENTED_EDGE('',*,*,#4728,.T.);
#4750 = ORIENTED_EDGE('',*,*,#4751,.T.);
#4751 = EDGE_CURVE('',#4721,#4752,#4754,.T.);
#4752 = VERTEX_POINT('',#4753);
#4753 = CARTESIAN_POINT('',(35.725,38.065,0.));
#4754 = LINE('',#4755,#4756);
#4755 = CARTESIAN_POINT('',(35.725,37.415,0.));
#4756 = VECTOR('',#4757,1.);
#4757 = DIRECTION('',(0.,1.,0.));
#4758 = ORIENTED_EDGE('',*,*,#4759,.F.);
#4759 = EDGE_CURVE('',#4760,#4752,#4762,.T.);
#4760 = VERTEX_POINT('',#4761);
#4761 = CARTESIAN_POINT('',(35.725,38.065,-6.1));
#4762 = LINE('',#4763,#4764);
#4763 = CARTESIAN_POINT('',(35.725,38.065,-6.1));
#4764 = VECTOR('',#4765,1.);
#4765 = DIRECTION('',(0.,0.,1.));
#4766 = ORIENTED_EDGE('',*,*,#4767,.F.);
#4767 = EDGE_CURVE('',#4729,#4760,#4768,.T.);
#4768 = LINE('',#4769,#4770);
#4769 = CARTESIAN_POINT('',(35.725,37.415,-6.1));
#4770 = VECTOR('',#4771,1.);
#4771 = DIRECTION('',(0.,1.,0.));
#4772 = PLANE('',#4773);
#4773 = AXIS2_PLACEMENT_3D('',#4774,#4775,#4776);
#4774 = CARTESIAN_POINT('',(35.725,37.415,-6.1));
#4775 = DIRECTION('',(-1.,0.,0.));
#4776 = DIRECTION('',(0.,1.,0.));
#4777 = ADVANCED_FACE('',(#4778),#4794,.F.);
#4778 = FACE_BOUND('',#4779,.F.);
#4779 = EDGE_LOOP('',(#4780,#4781,#4787,#4788));
#4780 = ORIENTED_EDGE('',*,*,#4759,.T.);
#4781 = ORIENTED_EDGE('',*,*,#4782,.T.);
#4782 = EDGE_CURVE('',#4752,#4682,#4783,.T.);
#4783 = LINE('',#4784,#4785);
#4784 = CARTESIAN_POINT('',(35.725,38.065,0.));
#4785 = VECTOR('',#4786,1.);
#4786 = DIRECTION('',(-1.,0.,0.));
#4787 = ORIENTED_EDGE('',*,*,#4679,.F.);
#4788 = ORIENTED_EDGE('',*,*,#4789,.F.);
#4789 = EDGE_CURVE('',#4760,#4680,#4790,.T.);
#4790 = LINE('',#4791,#4792);
#4791 = CARTESIAN_POINT('',(35.725,38.065,-6.1));
#4792 = VECTOR('',#4793,1.);
#4793 = DIRECTION('',(-1.,0.,0.));
#4794 = PLANE('',#4795);
#4795 = AXIS2_PLACEMENT_3D('',#4796,#4797,#4798);
#4796 = CARTESIAN_POINT('',(35.725,38.065,-6.1));
#4797 = DIRECTION('',(0.,-1.,0.));
#4798 = DIRECTION('',(-1.,0.,0.));
#4799 = ADVANCED_FACE('',(#4800),#4806,.F.);
#4800 = FACE_BOUND('',#4801,.F.);
#4801 = EDGE_LOOP('',(#4802,#4803,#4804,#4805));
#4802 = ORIENTED_EDGE('',*,*,#4705,.T.);
#4803 = ORIENTED_EDGE('',*,*,#4736,.T.);
#4804 = ORIENTED_EDGE('',*,*,#4767,.T.);
#4805 = ORIENTED_EDGE('',*,*,#4789,.T.);
#4806 = PLANE('',#4807);
#4807 = AXIS2_PLACEMENT_3D('',#4808,#4809,#4810);
#4808 = CARTESIAN_POINT('',(23.97,36.47,-6.1));
#4809 = DIRECTION('',(-0.,-0.,1.));
#4810 = DIRECTION('',(0.,1.,0.));
#4811 = ADVANCED_FACE('',(#4812),#4818,.T.);
#4812 = FACE_BOUND('',#4813,.T.);
#4813 = EDGE_LOOP('',(#4814,#4815,#4816,#4817));
#4814 = ORIENTED_EDGE('',*,*,#4689,.T.);
#4815 = ORIENTED_EDGE('',*,*,#4720,.T.);
#4816 = ORIENTED_EDGE('',*,*,#4751,.T.);
#4817 = ORIENTED_EDGE('',*,*,#4782,.T.);
#4818 = PLANE('',#4819);
#4819 = AXIS2_PLACEMENT_3D('',#4820,#4821,#4822);
#4820 = CARTESIAN_POINT('',(23.97,36.47,2.6645352591E-15));
#4821 = DIRECTION('',(0.,0.,1.));
#4822 = DIRECTION('',(0.,1.,0.));
#4823 = MANIFOLD_SOLID_BREP('',#4824);
#4824 = CLOSED_SHELL('',(#4825,#4865,#4896,#4927,#4949,#4961));
#4825 = ADVANCED_FACE('',(#4826),#4860,.F.);
#4826 = FACE_BOUND('',#4827,.F.);
#4827 = EDGE_LOOP('',(#4828,#4838,#4846,#4854));
#4828 = ORIENTED_EDGE('',*,*,#4829,.T.);
#4829 = EDGE_CURVE('',#4830,#4832,#4834,.T.);
#4830 = VERTEX_POINT('',#4831);
#4831 = CARTESIAN_POINT('',(32.535,38.065,-6.1));
#4832 = VERTEX_POINT('',#4833);
#4833 = CARTESIAN_POINT('',(32.535,38.065,0.));
#4834 = LINE('',#4835,#4836);
#4835 = CARTESIAN_POINT('',(32.535,38.065,-6.1));
#4836 = VECTOR('',#4837,1.);
#4837 = DIRECTION('',(0.,0.,1.));
#4838 = ORIENTED_EDGE('',*,*,#4839,.T.);
#4839 = EDGE_CURVE('',#4832,#4840,#4842,.T.);
#4840 = VERTEX_POINT('',#4841);
#4841 = CARTESIAN_POINT('',(32.535,37.415,0.));
#4842 = LINE('',#4843,#4844);
#4843 = CARTESIAN_POINT('',(32.535,38.065,0.));
#4844 = VECTOR('',#4845,1.);
#4845 = DIRECTION('',(0.,-1.,0.));
#4846 = ORIENTED_EDGE('',*,*,#4847,.F.);
#4847 = EDGE_CURVE('',#4848,#4840,#4850,.T.);
#4848 = VERTEX_POINT('',#4849);
#4849 = CARTESIAN_POINT('',(32.535,37.415,-6.1));
#4850 = LINE('',#4851,#4852);
#4851 = CARTESIAN_POINT('',(32.535,37.415,-6.1));
#4852 = VECTOR('',#4853,1.);
#4853 = DIRECTION('',(0.,0.,1.));
#4854 = ORIENTED_EDGE('',*,*,#4855,.F.);
#4855 = EDGE_CURVE('',#4830,#4848,#4856,.T.);
#4856 = LINE('',#4857,#4858);
#4857 = CARTESIAN_POINT('',(32.535,38.065,-6.1));
#4858 = VECTOR('',#4859,1.);
#4859 = DIRECTION('',(0.,-1.,0.));
#4860 = PLANE('',#4861);
#4861 = AXIS2_PLACEMENT_3D('',#4862,#4863,#4864);
#4862 = CARTESIAN_POINT('',(32.535,38.065,-6.1));
#4863 = DIRECTION('',(1.,0.,-0.));
#4864 = DIRECTION('',(0.,-1.,0.));
#4865 = ADVANCED_FACE('',(#4866),#4891,.F.);
#4866 = FACE_BOUND('',#4867,.F.);
#4867 = EDGE_LOOP('',(#4868,#4869,#4877,#4885));
#4868 = ORIENTED_EDGE('',*,*,#4847,.T.);
#4869 = ORIENTED_EDGE('',*,*,#4870,.T.);
#4870 = EDGE_CURVE('',#4840,#4871,#4873,.T.);
#4871 = VERTEX_POINT('',#4872);
#4872 = CARTESIAN_POINT('',(33.185,37.415,0.));
#4873 = LINE('',#4874,#4875);
#4874 = CARTESIAN_POINT('',(32.535,37.415,0.));
#4875 = VECTOR('',#4876,1.);
#4876 = DIRECTION('',(1.,0.,0.));
#4877 = ORIENTED_EDGE('',*,*,#4878,.F.);
#4878 = EDGE_CURVE('',#4879,#4871,#4881,.T.);
#4879 = VERTEX_POINT('',#4880);
#4880 = CARTESIAN_POINT('',(33.185,37.415,-6.1));
#4881 = LINE('',#4882,#4883);
#4882 = CARTESIAN_POINT('',(33.185,37.415,-6.1));
#4883 = VECTOR('',#4884,1.);
#4884 = DIRECTION('',(0.,0.,1.));
#4885 = ORIENTED_EDGE('',*,*,#4886,.F.);
#4886 = EDGE_CURVE('',#4848,#4879,#4887,.T.);
#4887 = LINE('',#4888,#4889);
#4888 = CARTESIAN_POINT('',(32.535,37.415,-6.1));
#4889 = VECTOR('',#4890,1.);
#4890 = DIRECTION('',(1.,0.,0.));
#4891 = PLANE('',#4892);
#4892 = AXIS2_PLACEMENT_3D('',#4893,#4894,#4895);
#4893 = CARTESIAN_POINT('',(32.535,37.415,-6.1));
#4894 = DIRECTION('',(0.,1.,0.));
#4895 = DIRECTION('',(1.,0.,0.));
#4896 = ADVANCED_FACE('',(#4897),#4922,.F.);
#4897 = FACE_BOUND('',#4898,.F.);
#4898 = EDGE_LOOP('',(#4899,#4900,#4908,#4916));
#4899 = ORIENTED_EDGE('',*,*,#4878,.T.);
#4900 = ORIENTED_EDGE('',*,*,#4901,.T.);
#4901 = EDGE_CURVE('',#4871,#4902,#4904,.T.);
#4902 = VERTEX_POINT('',#4903);
#4903 = CARTESIAN_POINT('',(33.185,38.065,0.));
#4904 = LINE('',#4905,#4906);
#4905 = CARTESIAN_POINT('',(33.185,37.415,0.));
#4906 = VECTOR('',#4907,1.);
#4907 = DIRECTION('',(0.,1.,0.));
#4908 = ORIENTED_EDGE('',*,*,#4909,.F.);
#4909 = EDGE_CURVE('',#4910,#4902,#4912,.T.);
#4910 = VERTEX_POINT('',#4911);
#4911 = CARTESIAN_POINT('',(33.185,38.065,-6.1));
#4912 = LINE('',#4913,#4914);
#4913 = CARTESIAN_POINT('',(33.185,38.065,-6.1));
#4914 = VECTOR('',#4915,1.);
#4915 = DIRECTION('',(0.,0.,1.));
#4916 = ORIENTED_EDGE('',*,*,#4917,.F.);
#4917 = EDGE_CURVE('',#4879,#4910,#4918,.T.);
#4918 = LINE('',#4919,#4920);
#4919 = CARTESIAN_POINT('',(33.185,37.415,-6.1));
#4920 = VECTOR('',#4921,1.);
#4921 = DIRECTION('',(0.,1.,0.));
#4922 = PLANE('',#4923);
#4923 = AXIS2_PLACEMENT_3D('',#4924,#4925,#4926);
#4924 = CARTESIAN_POINT('',(33.185,37.415,-6.1));
#4925 = DIRECTION('',(-1.,0.,0.));
#4926 = DIRECTION('',(0.,1.,0.));
#4927 = ADVANCED_FACE('',(#4928),#4944,.F.);
#4928 = FACE_BOUND('',#4929,.F.);
#4929 = EDGE_LOOP('',(#4930,#4931,#4937,#4938));
#4930 = ORIENTED_EDGE('',*,*,#4909,.T.);
#4931 = ORIENTED_EDGE('',*,*,#4932,.T.);
#4932 = EDGE_CURVE('',#4902,#4832,#4933,.T.);
#4933 = LINE('',#4934,#4935);
#4934 = CARTESIAN_POINT('',(33.185,38.065,0.));
#4935 = VECTOR('',#4936,1.);
#4936 = DIRECTION('',(-1.,0.,0.));
#4937 = ORIENTED_EDGE('',*,*,#4829,.F.);
#4938 = ORIENTED_EDGE('',*,*,#4939,.F.);
#4939 = EDGE_CURVE('',#4910,#4830,#4940,.T.);
#4940 = LINE('',#4941,#4942);
#4941 = CARTESIAN_POINT('',(33.185,38.065,-6.1));
#4942 = VECTOR('',#4943,1.);
#4943 = DIRECTION('',(-1.,0.,0.));
#4944 = PLANE('',#4945);
#4945 = AXIS2_PLACEMENT_3D('',#4946,#4947,#4948);
#4946 = CARTESIAN_POINT('',(33.185,38.065,-6.1));
#4947 = DIRECTION('',(0.,-1.,0.));
#4948 = DIRECTION('',(-1.,0.,0.));
#4949 = ADVANCED_FACE('',(#4950),#4956,.F.);
#4950 = FACE_BOUND('',#4951,.F.);
#4951 = EDGE_LOOP('',(#4952,#4953,#4954,#4955));
#4952 = ORIENTED_EDGE('',*,*,#4855,.T.);
#4953 = ORIENTED_EDGE('',*,*,#4886,.T.);
#4954 = ORIENTED_EDGE('',*,*,#4917,.T.);
#4955 = ORIENTED_EDGE('',*,*,#4939,.T.);
#4956 = PLANE('',#4957);
#4957 = AXIS2_PLACEMENT_3D('',#4958,#4959,#4960);
#4958 = CARTESIAN_POINT('',(23.97,36.47,-6.1));
#4959 = DIRECTION('',(-0.,-0.,1.));
#4960 = DIRECTION('',(0.,1.,0.));
#4961 = ADVANCED_FACE('',(#4962),#4968,.T.);
#4962 = FACE_BOUND('',#4963,.T.);
#4963 = EDGE_LOOP('',(#4964,#4965,#4966,#4967));
#4964 = ORIENTED_EDGE('',*,*,#4839,.T.);
#4965 = ORIENTED_EDGE('',*,*,#4870,.T.);
#4966 = ORIENTED_EDGE('',*,*,#4901,.T.);
#4967 = ORIENTED_EDGE('',*,*,#4932,.T.);
#4968 = PLANE('',#4969);
#4969 = AXIS2_PLACEMENT_3D('',#4970,#4971,#4972);
#4970 = CARTESIAN_POINT('',(23.97,36.47,2.6645352591E-15));
#4971 = DIRECTION('',(0.,0.,1.));
#4972 = DIRECTION('',(0.,1.,0.));
#4973 = MANIFOLD_SOLID_BREP('',#4974);
#4974 = CLOSED_SHELL('',(#4975,#5015,#5046,#5077,#5099,#5111));
#4975 = ADVANCED_FACE('',(#4976),#5010,.F.);
#4976 = FACE_BOUND('',#4977,.F.);
#4977 = EDGE_LOOP('',(#4978,#4988,#4996,#5004));
#4978 = ORIENTED_EDGE('',*,*,#4979,.T.);
#4979 = EDGE_CURVE('',#4980,#4982,#4984,.T.);
#4980 = VERTEX_POINT('',#4981);
#4981 = CARTESIAN_POINT('',(27.455,38.065,-6.1));
#4982 = VERTEX_POINT('',#4983);
#4983 = CARTESIAN_POINT('',(27.455,38.065,0.));
#4984 = LINE('',#4985,#4986);
#4985 = CARTESIAN_POINT('',(27.455,38.065,-6.1));
#4986 = VECTOR('',#4987,1.);
#4987 = DIRECTION('',(0.,0.,1.));
#4988 = ORIENTED_EDGE('',*,*,#4989,.T.);
#4989 = EDGE_CURVE('',#4982,#4990,#4992,.T.);
#4990 = VERTEX_POINT('',#4991);
#4991 = CARTESIAN_POINT('',(27.455,37.415,0.));
#4992 = LINE('',#4993,#4994);
#4993 = CARTESIAN_POINT('',(27.455,38.065,0.));
#4994 = VECTOR('',#4995,1.);
#4995 = DIRECTION('',(0.,-1.,0.));
#4996 = ORIENTED_EDGE('',*,*,#4997,.F.);
#4997 = EDGE_CURVE('',#4998,#4990,#5000,.T.);
#4998 = VERTEX_POINT('',#4999);
#4999 = CARTESIAN_POINT('',(27.455,37.415,-6.1));
#5000 = LINE('',#5001,#5002);
#5001 = CARTESIAN_POINT('',(27.455,37.415,-6.1));
#5002 = VECTOR('',#5003,1.);
#5003 = DIRECTION('',(0.,0.,1.));
#5004 = ORIENTED_EDGE('',*,*,#5005,.F.);
#5005 = EDGE_CURVE('',#4980,#4998,#5006,.T.);
#5006 = LINE('',#5007,#5008);
#5007 = CARTESIAN_POINT('',(27.455,38.065,-6.1));
#5008 = VECTOR('',#5009,1.);
#5009 = DIRECTION('',(0.,-1.,0.));
#5010 = PLANE('',#5011);
#5011 = AXIS2_PLACEMENT_3D('',#5012,#5013,#5014);
#5012 = CARTESIAN_POINT('',(27.455,38.065,-6.1));
#5013 = DIRECTION('',(1.,0.,-0.));
#5014 = DIRECTION('',(0.,-1.,0.));
#5015 = ADVANCED_FACE('',(#5016),#5041,.F.);
#5016 = FACE_BOUND('',#5017,.F.);
#5017 = EDGE_LOOP('',(#5018,#5019,#5027,#5035));
#5018 = ORIENTED_EDGE('',*,*,#4997,.T.);
#5019 = ORIENTED_EDGE('',*,*,#5020,.T.);
#5020 = EDGE_CURVE('',#4990,#5021,#5023,.T.);
#5021 = VERTEX_POINT('',#5022);
#5022 = CARTESIAN_POINT('',(28.105,37.415,0.));
#5023 = LINE('',#5024,#5025);
#5024 = CARTESIAN_POINT('',(27.455,37.415,0.));
#5025 = VECTOR('',#5026,1.);
#5026 = DIRECTION('',(1.,0.,0.));
#5027 = ORIENTED_EDGE('',*,*,#5028,.F.);
#5028 = EDGE_CURVE('',#5029,#5021,#5031,.T.);
#5029 = VERTEX_POINT('',#5030);
#5030 = CARTESIAN_POINT('',(28.105,37.415,-6.1));
#5031 = LINE('',#5032,#5033);
#5032 = CARTESIAN_POINT('',(28.105,37.415,-6.1));
#5033 = VECTOR('',#5034,1.);
#5034 = DIRECTION('',(0.,0.,1.));
#5035 = ORIENTED_EDGE('',*,*,#5036,.F.);
#5036 = EDGE_CURVE('',#4998,#5029,#5037,.T.);
#5037 = LINE('',#5038,#5039);
#5038 = CARTESIAN_POINT('',(27.455,37.415,-6.1));
#5039 = VECTOR('',#5040,1.);
#5040 = DIRECTION('',(1.,0.,0.));
#5041 = PLANE('',#5042);
#5042 = AXIS2_PLACEMENT_3D('',#5043,#5044,#5045);
#5043 = CARTESIAN_POINT('',(27.455,37.415,-6.1));
#5044 = DIRECTION('',(0.,1.,0.));
#5045 = DIRECTION('',(1.,0.,0.));
#5046 = ADVANCED_FACE('',(#5047),#5072,.F.);
#5047 = FACE_BOUND('',#5048,.F.);
#5048 = EDGE_LOOP('',(#5049,#5050,#5058,#5066));
#5049 = ORIENTED_EDGE('',*,*,#5028,.T.);
#5050 = ORIENTED_EDGE('',*,*,#5051,.T.);
#5051 = EDGE_CURVE('',#5021,#5052,#5054,.T.);
#5052 = VERTEX_POINT('',#5053);
#5053 = CARTESIAN_POINT('',(28.105,38.065,0.));
#5054 = LINE('',#5055,#5056);
#5055 = CARTESIAN_POINT('',(28.105,37.415,0.));
#5056 = VECTOR('',#5057,1.);
#5057 = DIRECTION('',(0.,1.,0.));
#5058 = ORIENTED_EDGE('',*,*,#5059,.F.);
#5059 = EDGE_CURVE('',#5060,#5052,#5062,.T.);
#5060 = VERTEX_POINT('',#5061);
#5061 = CARTESIAN_POINT('',(28.105,38.065,-6.1));
#5062 = LINE('',#5063,#5064);
#5063 = CARTESIAN_POINT('',(28.105,38.065,-6.1));
#5064 = VECTOR('',#5065,1.);
#5065 = DIRECTION('',(0.,0.,1.));
#5066 = ORIENTED_EDGE('',*,*,#5067,.F.);
#5067 = EDGE_CURVE('',#5029,#5060,#5068,.T.);
#5068 = LINE('',#5069,#5070);
#5069 = CARTESIAN_POINT('',(28.105,37.415,-6.1));
#5070 = VECTOR('',#5071,1.);
#5071 = DIRECTION('',(0.,1.,0.));
#5072 = PLANE('',#5073);
#5073 = AXIS2_PLACEMENT_3D('',#5074,#5075,#5076);
#5074 = CARTESIAN_POINT('',(28.105,37.415,-6.1));
#5075 = DIRECTION('',(-1.,0.,0.));
#5076 = DIRECTION('',(0.,1.,0.));
#5077 = ADVANCED_FACE('',(#5078),#5094,.F.);
#5078 = FACE_BOUND('',#5079,.F.);
#5079 = EDGE_LOOP('',(#5080,#5081,#5087,#5088));
#5080 = ORIENTED_EDGE('',*,*,#5059,.T.);
#5081 = ORIENTED_EDGE('',*,*,#5082,.T.);
#5082 = EDGE_CURVE('',#5052,#4982,#5083,.T.);
#5083 = LINE('',#5084,#5085);
#5084 = CARTESIAN_POINT('',(28.105,38.065,0.));
#5085 = VECTOR('',#5086,1.);
#5086 = DIRECTION('',(-1.,0.,0.));
#5087 = ORIENTED_EDGE('',*,*,#4979,.F.);
#5088 = ORIENTED_EDGE('',*,*,#5089,.F.);
#5089 = EDGE_CURVE('',#5060,#4980,#5090,.T.);
#5090 = LINE('',#5091,#5092);
#5091 = CARTESIAN_POINT('',(28.105,38.065,-6.1));
#5092 = VECTOR('',#5093,1.);
#5093 = DIRECTION('',(-1.,0.,0.));
#5094 = PLANE('',#5095);
#5095 = AXIS2_PLACEMENT_3D('',#5096,#5097,#5098);
#5096 = CARTESIAN_POINT('',(28.105,38.065,-6.1));
#5097 = DIRECTION('',(0.,-1.,0.));
#5098 = DIRECTION('',(-1.,0.,0.));
#5099 = ADVANCED_FACE('',(#5100),#5106,.F.);
#5100 = FACE_BOUND('',#5101,.F.);
#5101 = EDGE_LOOP('',(#5102,#5103,#5104,#5105));
#5102 = ORIENTED_EDGE('',*,*,#5005,.T.);
#5103 = ORIENTED_EDGE('',*,*,#5036,.T.);
#5104 = ORIENTED_EDGE('',*,*,#5067,.T.);
#5105 = ORIENTED_EDGE('',*,*,#5089,.T.);
#5106 = PLANE('',#5107);
#5107 = AXIS2_PLACEMENT_3D('',#5108,#5109,#5110);
#5108 = CARTESIAN_POINT('',(23.97,36.47,-6.1));
#5109 = DIRECTION('',(-0.,-0.,1.));
#5110 = DIRECTION('',(0.,1.,0.));
#5111 = ADVANCED_FACE('',(#5112),#5118,.T.);
#5112 = FACE_BOUND('',#5113,.T.);
#5113 = EDGE_LOOP('',(#5114,#5115,#5116,#5117));
#5114 = ORIENTED_EDGE('',*,*,#4989,.T.);
#5115 = ORIENTED_EDGE('',*,*,#5020,.T.);
#5116 = ORIENTED_EDGE('',*,*,#5051,.T.);
#5117 = ORIENTED_EDGE('',*,*,#5082,.T.);
#5118 = PLANE('',#5119);
#5119 = AXIS2_PLACEMENT_3D('',#5120,#5121,#5122);
#5120 = CARTESIAN_POINT('',(23.97,36.47,2.6645352591E-15));
#5121 = DIRECTION('',(0.,0.,1.));
#5122 = DIRECTION('',(0.,1.,0.));
#5123 = MANIFOLD_SOLID_BREP('',#5124);
#5124 = CLOSED_SHELL('',(#5125,#5165,#5196,#5227,#5249,#5261));
#5125 = ADVANCED_FACE('',(#5126),#5160,.F.);
#5126 = FACE_BOUND('',#5127,.F.);
#5127 = EDGE_LOOP('',(#5128,#5138,#5146,#5154));
#5128 = ORIENTED_EDGE('',*,*,#5129,.T.);
#5129 = EDGE_CURVE('',#5130,#5132,#5134,.T.);
#5130 = VERTEX_POINT('',#5131);
#5131 = CARTESIAN_POINT('',(24.915,38.065,-6.1));
#5132 = VERTEX_POINT('',#5133);
#5133 = CARTESIAN_POINT('',(24.915,38.065,0.));
#5134 = LINE('',#5135,#5136);
#5135 = CARTESIAN_POINT('',(24.915,38.065,-6.1));
#5136 = VECTOR('',#5137,1.);
#5137 = DIRECTION('',(0.,0.,1.));
#5138 = ORIENTED_EDGE('',*,*,#5139,.T.);
#5139 = EDGE_CURVE('',#5132,#5140,#5142,.T.);
#5140 = VERTEX_POINT('',#5141);
#5141 = CARTESIAN_POINT('',(24.915,37.415,0.));
#5142 = LINE('',#5143,#5144);
#5143 = CARTESIAN_POINT('',(24.915,38.065,0.));
#5144 = VECTOR('',#5145,1.);
#5145 = DIRECTION('',(0.,-1.,0.));
#5146 = ORIENTED_EDGE('',*,*,#5147,.F.);
#5147 = EDGE_CURVE('',#5148,#5140,#5150,.T.);
#5148 = VERTEX_POINT('',#5149);
#5149 = CARTESIAN_POINT('',(24.915,37.415,-6.1));
#5150 = LINE('',#5151,#5152);
#5151 = CARTESIAN_POINT('',(24.915,37.415,-6.1));
#5152 = VECTOR('',#5153,1.);
#5153 = DIRECTION('',(0.,0.,1.));
#5154 = ORIENTED_EDGE('',*,*,#5155,.F.);
#5155 = EDGE_CURVE('',#5130,#5148,#5156,.T.);
#5156 = LINE('',#5157,#5158);
#5157 = CARTESIAN_POINT('',(24.915,38.065,-6.1));
#5158 = VECTOR('',#5159,1.);
#5159 = DIRECTION('',(0.,-1.,0.));
#5160 = PLANE('',#5161);
#5161 = AXIS2_PLACEMENT_3D('',#5162,#5163,#5164);
#5162 = CARTESIAN_POINT('',(24.915,38.065,-6.1));
#5163 = DIRECTION('',(1.,0.,-0.));
#5164 = DIRECTION('',(0.,-1.,0.));
#5165 = ADVANCED_FACE('',(#5166),#5191,.F.);
#5166 = FACE_BOUND('',#5167,.F.);
#5167 = EDGE_LOOP('',(#5168,#5169,#5177,#5185));
#5168 = ORIENTED_EDGE('',*,*,#5147,.T.);
#5169 = ORIENTED_EDGE('',*,*,#5170,.T.);
#5170 = EDGE_CURVE('',#5140,#5171,#5173,.T.);
#5171 = VERTEX_POINT('',#5172);
#5172 = CARTESIAN_POINT('',(25.565,37.415,0.));
#5173 = LINE('',#5174,#5175);
#5174 = CARTESIAN_POINT('',(24.915,37.415,0.));
#5175 = VECTOR('',#5176,1.);
#5176 = DIRECTION('',(1.,0.,0.));
#5177 = ORIENTED_EDGE('',*,*,#5178,.F.);
#5178 = EDGE_CURVE('',#5179,#5171,#5181,.T.);
#5179 = VERTEX_POINT('',#5180);
#5180 = CARTESIAN_POINT('',(25.565,37.415,-6.1));
#5181 = LINE('',#5182,#5183);
#5182 = CARTESIAN_POINT('',(25.565,37.415,-6.1));
#5183 = VECTOR('',#5184,1.);
#5184 = DIRECTION('',(0.,0.,1.));
#5185 = ORIENTED_EDGE('',*,*,#5186,.F.);
#5186 = EDGE_CURVE('',#5148,#5179,#5187,.T.);
#5187 = LINE('',#5188,#5189);
#5188 = CARTESIAN_POINT('',(24.915,37.415,-6.1));
#5189 = VECTOR('',#5190,1.);
#5190 = DIRECTION('',(1.,0.,0.));
#5191 = PLANE('',#5192);
#5192 = AXIS2_PLACEMENT_3D('',#5193,#5194,#5195);
#5193 = CARTESIAN_POINT('',(24.915,37.415,-6.1));
#5194 = DIRECTION('',(0.,1.,0.));
#5195 = DIRECTION('',(1.,0.,0.));
#5196 = ADVANCED_FACE('',(#5197),#5222,.F.);
#5197 = FACE_BOUND('',#5198,.F.);
#5198 = EDGE_LOOP('',(#5199,#5200,#5208,#5216));
#5199 = ORIENTED_EDGE('',*,*,#5178,.T.);
#5200 = ORIENTED_EDGE('',*,*,#5201,.T.);
#5201 = EDGE_CURVE('',#5171,#5202,#5204,.T.);
#5202 = VERTEX_POINT('',#5203);
#5203 = CARTESIAN_POINT('',(25.565,38.065,0.));
#5204 = LINE('',#5205,#5206);
#5205 = CARTESIAN_POINT('',(25.565,37.415,0.));
#5206 = VECTOR('',#5207,1.);
#5207 = DIRECTION('',(0.,1.,0.));
#5208 = ORIENTED_EDGE('',*,*,#5209,.F.);
#5209 = EDGE_CURVE('',#5210,#5202,#5212,.T.);
#5210 = VERTEX_POINT('',#5211);
#5211 = CARTESIAN_POINT('',(25.565,38.065,-6.1));
#5212 = LINE('',#5213,#5214);
#5213 = CARTESIAN_POINT('',(25.565,38.065,-6.1));
#5214 = VECTOR('',#5215,1.);
#5215 = DIRECTION('',(0.,0.,1.));
#5216 = ORIENTED_EDGE('',*,*,#5217,.F.);
#5217 = EDGE_CURVE('',#5179,#5210,#5218,.T.);
#5218 = LINE('',#5219,#5220);
#5219 = CARTESIAN_POINT('',(25.565,37.415,-6.1));
#5220 = VECTOR('',#5221,1.);
#5221 = DIRECTION('',(0.,1.,0.));
#5222 = PLANE('',#5223);
#5223 = AXIS2_PLACEMENT_3D('',#5224,#5225,#5226);
#5224 = CARTESIAN_POINT('',(25.565,37.415,-6.1));
#5225 = DIRECTION('',(-1.,0.,0.));
#5226 = DIRECTION('',(0.,1.,0.));
#5227 = ADVANCED_FACE('',(#5228),#5244,.F.);
#5228 = FACE_BOUND('',#5229,.F.);
#5229 = EDGE_LOOP('',(#5230,#5231,#5237,#5238));
#5230 = ORIENTED_EDGE('',*,*,#5209,.T.);
#5231 = ORIENTED_EDGE('',*,*,#5232,.T.);
#5232 = EDGE_CURVE('',#5202,#5132,#5233,.T.);
#5233 = LINE('',#5234,#5235);
#5234 = CARTESIAN_POINT('',(25.565,38.065,0.));
#5235 = VECTOR('',#5236,1.);
#5236 = DIRECTION('',(-1.,0.,0.));
#5237 = ORIENTED_EDGE('',*,*,#5129,.F.);
#5238 = ORIENTED_EDGE('',*,*,#5239,.F.);
#5239 = EDGE_CURVE('',#5210,#5130,#5240,.T.);
#5240 = LINE('',#5241,#5242);
#5241 = CARTESIAN_POINT('',(25.565,38.065,-6.1));
#5242 = VECTOR('',#5243,1.);
#5243 = DIRECTION('',(-1.,0.,0.));
#5244 = PLANE('',#5245);
#5245 = AXIS2_PLACEMENT_3D('',#5246,#5247,#5248);
#5246 = CARTESIAN_POINT('',(25.565,38.065,-6.1));
#5247 = DIRECTION('',(0.,-1.,0.));
#5248 = DIRECTION('',(-1.,0.,0.));
#5249 = ADVANCED_FACE('',(#5250),#5256,.F.);
#5250 = FACE_BOUND('',#5251,.F.);
#5251 = EDGE_LOOP('',(#5252,#5253,#5254,#5255));
#5252 = ORIENTED_EDGE('',*,*,#5155,.T.);
#5253 = ORIENTED_EDGE('',*,*,#5186,.T.);
#5254 = ORIENTED_EDGE('',*,*,#5217,.T.);
#5255 = ORIENTED_EDGE('',*,*,#5239,.T.);
#5256 = PLANE('',#5257);
#5257 = AXIS2_PLACEMENT_3D('',#5258,#5259,#5260);
#5258 = CARTESIAN_POINT('',(23.97,36.47,-6.1));
#5259 = DIRECTION('',(-0.,-0.,1.));
#5260 = DIRECTION('',(0.,1.,0.));
#5261 = ADVANCED_FACE('',(#5262),#5268,.T.);
#5262 = FACE_BOUND('',#5263,.T.);
#5263 = EDGE_LOOP('',(#5264,#5265,#5266,#5267));
#5264 = ORIENTED_EDGE('',*,*,#5139,.T.);
#5265 = ORIENTED_EDGE('',*,*,#5170,.T.);
#5266 = ORIENTED_EDGE('',*,*,#5201,.T.);
#5267 = ORIENTED_EDGE('',*,*,#5232,.T.);
#5268 = PLANE('',#5269);
#5269 = AXIS2_PLACEMENT_3D('',#5270,#5271,#5272);
#5270 = CARTESIAN_POINT('',(23.97,36.47,2.6645352591E-15));
#5271 = DIRECTION('',(0.,0.,1.));
#5272 = DIRECTION('',(0.,1.,0.));
#5273 = MANIFOLD_SOLID_BREP('',#5274);
#5274 = CLOSED_SHELL('',(#5275,#5315,#5346,#5377,#5399,#5411));
#5275 = ADVANCED_FACE('',(#5276),#5310,.F.);
#5276 = FACE_BOUND('',#5277,.F.);
#5277 = EDGE_LOOP('',(#5278,#5288,#5296,#5304));
#5278 = ORIENTED_EDGE('',*,*,#5279,.T.);
#5279 = EDGE_CURVE('',#5280,#5282,#5284,.T.);
#5280 = VERTEX_POINT('',#5281);
#5281 = CARTESIAN_POINT('',(22.375,38.065,-6.1));
#5282 = VERTEX_POINT('',#5283);
#5283 = CARTESIAN_POINT('',(22.375,38.065,0.));
#5284 = LINE('',#5285,#5286);
#5285 = CARTESIAN_POINT('',(22.375,38.065,-6.1));
#5286 = VECTOR('',#5287,1.);
#5287 = DIRECTION('',(0.,0.,1.));
#5288 = ORIENTED_EDGE('',*,*,#5289,.T.);
#5289 = EDGE_CURVE('',#5282,#5290,#5292,.T.);
#5290 = VERTEX_POINT('',#5291);
#5291 = CARTESIAN_POINT('',(22.375,37.415,0.));
#5292 = LINE('',#5293,#5294);
#5293 = CARTESIAN_POINT('',(22.375,38.065,0.));
#5294 = VECTOR('',#5295,1.);
#5295 = DIRECTION('',(0.,-1.,0.));
#5296 = ORIENTED_EDGE('',*,*,#5297,.F.);
#5297 = EDGE_CURVE('',#5298,#5290,#5300,.T.);
#5298 = VERTEX_POINT('',#5299);
#5299 = CARTESIAN_POINT('',(22.375,37.415,-6.1));
#5300 = LINE('',#5301,#5302);
#5301 = CARTESIAN_POINT('',(22.375,37.415,-6.1));
#5302 = VECTOR('',#5303,1.);
#5303 = DIRECTION('',(0.,0.,1.));
#5304 = ORIENTED_EDGE('',*,*,#5305,.F.);
#5305 = EDGE_CURVE('',#5280,#5298,#5306,.T.);
#5306 = LINE('',#5307,#5308);
#5307 = CARTESIAN_POINT('',(22.375,38.065,-6.1));
#5308 = VECTOR('',#5309,1.);
#5309 = DIRECTION('',(0.,-1.,0.));
#5310 = PLANE('',#5311);
#5311 = AXIS2_PLACEMENT_3D('',#5312,#5313,#5314);
#5312 = CARTESIAN_POINT('',(22.375,38.065,-6.1));
#5313 = DIRECTION('',(1.,0.,-0.));
#5314 = DIRECTION('',(0.,-1.,0.));
#5315 = ADVANCED_FACE('',(#5316),#5341,.F.);
#5316 = FACE_BOUND('',#5317,.F.);
#5317 = EDGE_LOOP('',(#5318,#5319,#5327,#5335));
#5318 = ORIENTED_EDGE('',*,*,#5297,.T.);
#5319 = ORIENTED_EDGE('',*,*,#5320,.T.);
#5320 = EDGE_CURVE('',#5290,#5321,#5323,.T.);
#5321 = VERTEX_POINT('',#5322);
#5322 = CARTESIAN_POINT('',(23.025,37.415,0.));
#5323 = LINE('',#5324,#5325);
#5324 = CARTESIAN_POINT('',(22.375,37.415,0.));
#5325 = VECTOR('',#5326,1.);
#5326 = DIRECTION('',(1.,0.,0.));
#5327 = ORIENTED_EDGE('',*,*,#5328,.F.);
#5328 = EDGE_CURVE('',#5329,#5321,#5331,.T.);
#5329 = VERTEX_POINT('',#5330);
#5330 = CARTESIAN_POINT('',(23.025,37.415,-6.1));
#5331 = LINE('',#5332,#5333);
#5332 = CARTESIAN_POINT('',(23.025,37.415,-6.1));
#5333 = VECTOR('',#5334,1.);
#5334 = DIRECTION('',(0.,0.,1.));
#5335 = ORIENTED_EDGE('',*,*,#5336,.F.);
#5336 = EDGE_CURVE('',#5298,#5329,#5337,.T.);
#5337 = LINE('',#5338,#5339);
#5338 = CARTESIAN_POINT('',(22.375,37.415,-6.1));
#5339 = VECTOR('',#5340,1.);
#5340 = DIRECTION('',(1.,0.,0.));
#5341 = PLANE('',#5342);
#5342 = AXIS2_PLACEMENT_3D('',#5343,#5344,#5345);
#5343 = CARTESIAN_POINT('',(22.375,37.415,-6.1));
#5344 = DIRECTION('',(0.,1.,0.));
#5345 = DIRECTION('',(1.,0.,0.));
#5346 = ADVANCED_FACE('',(#5347),#5372,.F.);
#5347 = FACE_BOUND('',#5348,.F.);
#5348 = EDGE_LOOP('',(#5349,#5350,#5358,#5366));
#5349 = ORIENTED_EDGE('',*,*,#5328,.T.);
#5350 = ORIENTED_EDGE('',*,*,#5351,.T.);
#5351 = EDGE_CURVE('',#5321,#5352,#5354,.T.);
#5352 = VERTEX_POINT('',#5353);
#5353 = CARTESIAN_POINT('',(23.025,38.065,0.));
#5354 = LINE('',#5355,#5356);
#5355 = CARTESIAN_POINT('',(23.025,37.415,0.));
#5356 = VECTOR('',#5357,1.);
#5357 = DIRECTION('',(0.,1.,0.));
#5358 = ORIENTED_EDGE('',*,*,#5359,.F.);
#5359 = EDGE_CURVE('',#5360,#5352,#5362,.T.);
#5360 = VERTEX_POINT('',#5361);
#5361 = CARTESIAN_POINT('',(23.025,38.065,-6.1));
#5362 = LINE('',#5363,#5364);
#5363 = CARTESIAN_POINT('',(23.025,38.065,-6.1));
#5364 = VECTOR('',#5365,1.);
#5365 = DIRECTION('',(0.,0.,1.));
#5366 = ORIENTED_EDGE('',*,*,#5367,.F.);
#5367 = EDGE_CURVE('',#5329,#5360,#5368,.T.);
#5368 = LINE('',#5369,#5370);
#5369 = CARTESIAN_POINT('',(23.025,37.415,-6.1));
#5370 = VECTOR('',#5371,1.);
#5371 = DIRECTION('',(0.,1.,0.));
#5372 = PLANE('',#5373);
#5373 = AXIS2_PLACEMENT_3D('',#5374,#5375,#5376);
#5374 = CARTESIAN_POINT('',(23.025,37.415,-6.1));
#5375 = DIRECTION('',(-1.,0.,0.));
#5376 = DIRECTION('',(0.,1.,0.));
#5377 = ADVANCED_FACE('',(#5378),#5394,.F.);
#5378 = FACE_BOUND('',#5379,.F.);
#5379 = EDGE_LOOP('',(#5380,#5381,#5387,#5388));
#5380 = ORIENTED_EDGE('',*,*,#5359,.T.);
#5381 = ORIENTED_EDGE('',*,*,#5382,.T.);
#5382 = EDGE_CURVE('',#5352,#5282,#5383,.T.);
#5383 = LINE('',#5384,#5385);
#5384 = CARTESIAN_POINT('',(23.025,38.065,0.));
#5385 = VECTOR('',#5386,1.);
#5386 = DIRECTION('',(-1.,0.,0.));
#5387 = ORIENTED_EDGE('',*,*,#5279,.F.);
#5388 = ORIENTED_EDGE('',*,*,#5389,.F.);
#5389 = EDGE_CURVE('',#5360,#5280,#5390,.T.);
#5390 = LINE('',#5391,#5392);
#5391 = CARTESIAN_POINT('',(23.025,38.065,-6.1));
#5392 = VECTOR('',#5393,1.);
#5393 = DIRECTION('',(-1.,0.,0.));
#5394 = PLANE('',#5395);
#5395 = AXIS2_PLACEMENT_3D('',#5396,#5397,#5398);
#5396 = CARTESIAN_POINT('',(23.025,38.065,-6.1));
#5397 = DIRECTION('',(0.,-1.,0.));
#5398 = DIRECTION('',(-1.,0.,0.));
#5399 = ADVANCED_FACE('',(#5400),#5406,.F.);
#5400 = FACE_BOUND('',#5401,.F.);
#5401 = EDGE_LOOP('',(#5402,#5403,#5404,#5405));
#5402 = ORIENTED_EDGE('',*,*,#5305,.T.);
#5403 = ORIENTED_EDGE('',*,*,#5336,.T.);
#5404 = ORIENTED_EDGE('',*,*,#5367,.T.);
#5405 = ORIENTED_EDGE('',*,*,#5389,.T.);
#5406 = PLANE('',#5407);
#5407 = AXIS2_PLACEMENT_3D('',#5408,#5409,#5410);
#5408 = CARTESIAN_POINT('',(23.97,36.47,-6.1));
#5409 = DIRECTION('',(-0.,-0.,1.));
#5410 = DIRECTION('',(0.,1.,0.));
#5411 = ADVANCED_FACE('',(#5412),#5418,.T.);
#5412 = FACE_BOUND('',#5413,.T.);
#5413 = EDGE_LOOP('',(#5414,#5415,#5416,#5417));
#5414 = ORIENTED_EDGE('',*,*,#5289,.T.);
#5415 = ORIENTED_EDGE('',*,*,#5320,.T.);
#5416 = ORIENTED_EDGE('',*,*,#5351,.T.);
#5417 = ORIENTED_EDGE('',*,*,#5382,.T.);
#5418 = PLANE('',#5419);
#5419 = AXIS2_PLACEMENT_3D('',#5420,#5421,#5422);
#5420 = CARTESIAN_POINT('',(23.97,36.47,2.6645352591E-15));
#5421 = DIRECTION('',(0.,0.,1.));
#5422 = DIRECTION('',(0.,1.,0.));
#5423 = MANIFOLD_SOLID_BREP('',#5424);
#5424 = CLOSED_SHELL('',(#5425,#5465,#5496,#5527,#5549,#5561));
#5425 = ADVANCED_FACE('',(#5426),#5460,.F.);
#5426 = FACE_BOUND('',#5427,.F.);
#5427 = EDGE_LOOP('',(#5428,#5438,#5446,#5454));
#5428 = ORIENTED_EDGE('',*,*,#5429,.T.);
#5429 = EDGE_CURVE('',#5430,#5432,#5434,.T.);
#5430 = VERTEX_POINT('',#5431);
#5431 = CARTESIAN_POINT('',(29.995,35.525,-6.1));
#5432 = VERTEX_POINT('',#5433);
#5433 = CARTESIAN_POINT('',(29.995,35.525,0.));
#5434 = LINE('',#5435,#5436);
#5435 = CARTESIAN_POINT('',(29.995,35.525,-6.1));
#5436 = VECTOR('',#5437,1.);
#5437 = DIRECTION('',(0.,0.,1.));
#5438 = ORIENTED_EDGE('',*,*,#5439,.T.);
#5439 = EDGE_CURVE('',#5432,#5440,#5442,.T.);
#5440 = VERTEX_POINT('',#5441);
#5441 = CARTESIAN_POINT('',(29.995,34.875,0.));
#5442 = LINE('',#5443,#5444);
#5443 = CARTESIAN_POINT('',(29.995,35.525,0.));
#5444 = VECTOR('',#5445,1.);
#5445 = DIRECTION('',(0.,-1.,0.));
#5446 = ORIENTED_EDGE('',*,*,#5447,.F.);
#5447 = EDGE_CURVE('',#5448,#5440,#5450,.T.);
#5448 = VERTEX_POINT('',#5449);
#5449 = CARTESIAN_POINT('',(29.995,34.875,-6.1));
#5450 = LINE('',#5451,#5452);
#5451 = CARTESIAN_POINT('',(29.995,34.875,-6.1));
#5452 = VECTOR('',#5453,1.);
#5453 = DIRECTION('',(0.,0.,1.));
#5454 = ORIENTED_EDGE('',*,*,#5455,.F.);
#5455 = EDGE_CURVE('',#5430,#5448,#5456,.T.);
#5456 = LINE('',#5457,#5458);
#5457 = CARTESIAN_POINT('',(29.995,35.525,-6.1));
#5458 = VECTOR('',#5459,1.);
#5459 = DIRECTION('',(0.,-1.,0.));
#5460 = PLANE('',#5461);
#5461 = AXIS2_PLACEMENT_3D('',#5462,#5463,#5464);
#5462 = CARTESIAN_POINT('',(29.995,35.525,-6.1));
#5463 = DIRECTION('',(1.,0.,-0.));
#5464 = DIRECTION('',(0.,-1.,0.));
#5465 = ADVANCED_FACE('',(#5466),#5491,.F.);
#5466 = FACE_BOUND('',#5467,.F.);
#5467 = EDGE_LOOP('',(#5468,#5469,#5477,#5485));
#5468 = ORIENTED_EDGE('',*,*,#5447,.T.);
#5469 = ORIENTED_EDGE('',*,*,#5470,.T.);
#5470 = EDGE_CURVE('',#5440,#5471,#5473,.T.);
#5471 = VERTEX_POINT('',#5472);
#5472 = CARTESIAN_POINT('',(30.645,34.875,0.));
#5473 = LINE('',#5474,#5475);
#5474 = CARTESIAN_POINT('',(29.995,34.875,0.));
#5475 = VECTOR('',#5476,1.);
#5476 = DIRECTION('',(1.,0.,0.));
#5477 = ORIENTED_EDGE('',*,*,#5478,.F.);
#5478 = EDGE_CURVE('',#5479,#5471,#5481,.T.);
#5479 = VERTEX_POINT('',#5480);
#5480 = CARTESIAN_POINT('',(30.645,34.875,-6.1));
#5481 = LINE('',#5482,#5483);
#5482 = CARTESIAN_POINT('',(30.645,34.875,-6.1));
#5483 = VECTOR('',#5484,1.);
#5484 = DIRECTION('',(0.,0.,1.));
#5485 = ORIENTED_EDGE('',*,*,#5486,.F.);
#5486 = EDGE_CURVE('',#5448,#5479,#5487,.T.);
#5487 = LINE('',#5488,#5489);
#5488 = CARTESIAN_POINT('',(29.995,34.875,-6.1));
#5489 = VECTOR('',#5490,1.);
#5490 = DIRECTION('',(1.,0.,0.));
#5491 = PLANE('',#5492);
#5492 = AXIS2_PLACEMENT_3D('',#5493,#5494,#5495);
#5493 = CARTESIAN_POINT('',(29.995,34.875,-6.1));
#5494 = DIRECTION('',(0.,1.,0.));
#5495 = DIRECTION('',(1.,0.,0.));
#5496 = ADVANCED_FACE('',(#5497),#5522,.F.);
#5497 = FACE_BOUND('',#5498,.F.);
#5498 = EDGE_LOOP('',(#5499,#5500,#5508,#5516));
#5499 = ORIENTED_EDGE('',*,*,#5478,.T.);
#5500 = ORIENTED_EDGE('',*,*,#5501,.T.);
#5501 = EDGE_CURVE('',#5471,#5502,#5504,.T.);
#5502 = VERTEX_POINT('',#5503);
#5503 = CARTESIAN_POINT('',(30.645,35.525,0.));
#5504 = LINE('',#5505,#5506);
#5505 = CARTESIAN_POINT('',(30.645,34.875,0.));
#5506 = VECTOR('',#5507,1.);
#5507 = DIRECTION('',(0.,1.,0.));
#5508 = ORIENTED_EDGE('',*,*,#5509,.F.);
#5509 = EDGE_CURVE('',#5510,#5502,#5512,.T.);
#5510 = VERTEX_POINT('',#5511);
#5511 = CARTESIAN_POINT('',(30.645,35.525,-6.1));
#5512 = LINE('',#5513,#5514);
#5513 = CARTESIAN_POINT('',(30.645,35.525,-6.1));
#5514 = VECTOR('',#5515,1.);
#5515 = DIRECTION('',(0.,0.,1.));
#5516 = ORIENTED_EDGE('',*,*,#5517,.F.);
#5517 = EDGE_CURVE('',#5479,#5510,#5518,.T.);
#5518 = LINE('',#5519,#5520);
#5519 = CARTESIAN_POINT('',(30.645,34.875,-6.1));
#5520 = VECTOR('',#5521,1.);
#5521 = DIRECTION('',(0.,1.,0.));
#5522 = PLANE('',#5523);
#5523 = AXIS2_PLACEMENT_3D('',#5524,#5525,#5526);
#5524 = CARTESIAN_POINT('',(30.645,34.875,-6.1));
#5525 = DIRECTION('',(-1.,0.,0.));
#5526 = DIRECTION('',(0.,1.,0.));
#5527 = ADVANCED_FACE('',(#5528),#5544,.F.);
#5528 = FACE_BOUND('',#5529,.F.);
#5529 = EDGE_LOOP('',(#5530,#5531,#5537,#5538));
#5530 = ORIENTED_EDGE('',*,*,#5509,.T.);
#5531 = ORIENTED_EDGE('',*,*,#5532,.T.);
#5532 = EDGE_CURVE('',#5502,#5432,#5533,.T.);
#5533 = LINE('',#5534,#5535);
#5534 = CARTESIAN_POINT('',(30.645,35.525,0.));
#5535 = VECTOR('',#5536,1.);
#5536 = DIRECTION('',(-1.,0.,0.));
#5537 = ORIENTED_EDGE('',*,*,#5429,.F.);
#5538 = ORIENTED_EDGE('',*,*,#5539,.F.);
#5539 = EDGE_CURVE('',#5510,#5430,#5540,.T.);
#5540 = LINE('',#5541,#5542);
#5541 = CARTESIAN_POINT('',(30.645,35.525,-6.1));
#5542 = VECTOR('',#5543,1.);
#5543 = DIRECTION('',(-1.,0.,0.));
#5544 = PLANE('',#5545);
#5545 = AXIS2_PLACEMENT_3D('',#5546,#5547,#5548);
#5546 = CARTESIAN_POINT('',(30.645,35.525,-6.1));
#5547 = DIRECTION('',(0.,-1.,0.));
#5548 = DIRECTION('',(-1.,0.,0.));
#5549 = ADVANCED_FACE('',(#5550),#5556,.F.);
#5550 = FACE_BOUND('',#5551,.F.);
#5551 = EDGE_LOOP('',(#5552,#5553,#5554,#5555));
#5552 = ORIENTED_EDGE('',*,*,#5455,.T.);
#5553 = ORIENTED_EDGE('',*,*,#5486,.T.);
#5554 = ORIENTED_EDGE('',*,*,#5517,.T.);
#5555 = ORIENTED_EDGE('',*,*,#5539,.T.);
#5556 = PLANE('',#5557);
#5557 = AXIS2_PLACEMENT_3D('',#5558,#5559,#5560);
#5558 = CARTESIAN_POINT('',(23.97,36.47,-6.1));
#5559 = DIRECTION('',(-0.,-0.,1.));
#5560 = DIRECTION('',(0.,1.,0.));
#5561 = ADVANCED_FACE('',(#5562),#5568,.T.);
#5562 = FACE_BOUND('',#5563,.T.);
#5563 = EDGE_LOOP('',(#5564,#5565,#5566,#5567));
#5564 = ORIENTED_EDGE('',*,*,#5439,.T.);
#5565 = ORIENTED_EDGE('',*,*,#5470,.T.);
#5566 = ORIENTED_EDGE('',*,*,#5501,.T.);
#5567 = ORIENTED_EDGE('',*,*,#5532,.T.);
#5568 = PLANE('',#5569);
#5569 = AXIS2_PLACEMENT_3D('',#5570,#5571,#5572);
#5570 = CARTESIAN_POINT('',(23.97,36.47,2.6645352591E-15));
#5571 = DIRECTION('',(0.,0.,1.));
#5572 = DIRECTION('',(0.,1.,0.));
#5573 = MANIFOLD_SOLID_BREP('',#5574);
#5574 = CLOSED_SHELL('',(#5575,#5615,#5646,#5677,#5699,#5711));
#5575 = ADVANCED_FACE('',(#5576),#5610,.F.);
#5576 = FACE_BOUND('',#5577,.F.);
#5577 = EDGE_LOOP('',(#5578,#5588,#5596,#5604));
#5578 = ORIENTED_EDGE('',*,*,#5579,.T.);
#5579 = EDGE_CURVE('',#5580,#5582,#5584,.T.);
#5580 = VERTEX_POINT('',#5581);
#5581 = CARTESIAN_POINT('',(35.075,35.525,-6.1));
#5582 = VERTEX_POINT('',#5583);
#5583 = CARTESIAN_POINT('',(35.075,35.525,0.));
#5584 = LINE('',#5585,#5586);
#5585 = CARTESIAN_POINT('',(35.075,35.525,-6.1));
#5586 = VECTOR('',#5587,1.);
#5587 = DIRECTION('',(0.,0.,1.));
#5588 = ORIENTED_EDGE('',*,*,#5589,.T.);
#5589 = EDGE_CURVE('',#5582,#5590,#5592,.T.);
#5590 = VERTEX_POINT('',#5591);
#5591 = CARTESIAN_POINT('',(35.075,34.875,0.));
#5592 = LINE('',#5593,#5594);
#5593 = CARTESIAN_POINT('',(35.075,35.525,0.));
#5594 = VECTOR('',#5595,1.);
#5595 = DIRECTION('',(0.,-1.,0.));
#5596 = ORIENTED_EDGE('',*,*,#5597,.F.);
#5597 = EDGE_CURVE('',#5598,#5590,#5600,.T.);
#5598 = VERTEX_POINT('',#5599);
#5599 = CARTESIAN_POINT('',(35.075,34.875,-6.1));
#5600 = LINE('',#5601,#5602);
#5601 = CARTESIAN_POINT('',(35.075,34.875,-6.1));
#5602 = VECTOR('',#5603,1.);
#5603 = DIRECTION('',(0.,0.,1.));
#5604 = ORIENTED_EDGE('',*,*,#5605,.F.);
#5605 = EDGE_CURVE('',#5580,#5598,#5606,.T.);
#5606 = LINE('',#5607,#5608);
#5607 = CARTESIAN_POINT('',(35.075,35.525,-6.1));
#5608 = VECTOR('',#5609,1.);
#5609 = DIRECTION('',(0.,-1.,0.));
#5610 = PLANE('',#5611);
#5611 = AXIS2_PLACEMENT_3D('',#5612,#5613,#5614);
#5612 = CARTESIAN_POINT('',(35.075,35.525,-6.1));
#5613 = DIRECTION('',(1.,0.,-0.));
#5614 = DIRECTION('',(0.,-1.,0.));
#5615 = ADVANCED_FACE('',(#5616),#5641,.F.);
#5616 = FACE_BOUND('',#5617,.F.);
#5617 = EDGE_LOOP('',(#5618,#5619,#5627,#5635));
#5618 = ORIENTED_EDGE('',*,*,#5597,.T.);
#5619 = ORIENTED_EDGE('',*,*,#5620,.T.);
#5620 = EDGE_CURVE('',#5590,#5621,#5623,.T.);
#5621 = VERTEX_POINT('',#5622);
#5622 = CARTESIAN_POINT('',(35.725,34.875,0.));
#5623 = LINE('',#5624,#5625);
#5624 = CARTESIAN_POINT('',(35.075,34.875,0.));
#5625 = VECTOR('',#5626,1.);
#5626 = DIRECTION('',(1.,0.,0.));
#5627 = ORIENTED_EDGE('',*,*,#5628,.F.);
#5628 = EDGE_CURVE('',#5629,#5621,#5631,.T.);
#5629 = VERTEX_POINT('',#5630);
#5630 = CARTESIAN_POINT('',(35.725,34.875,-6.1));
#5631 = LINE('',#5632,#5633);
#5632 = CARTESIAN_POINT('',(35.725,34.875,-6.1));
#5633 = VECTOR('',#5634,1.);
#5634 = DIRECTION('',(0.,0.,1.));
#5635 = ORIENTED_EDGE('',*,*,#5636,.F.);
#5636 = EDGE_CURVE('',#5598,#5629,#5637,.T.);
#5637 = LINE('',#5638,#5639);
#5638 = CARTESIAN_POINT('',(35.075,34.875,-6.1));
#5639 = VECTOR('',#5640,1.);
#5640 = DIRECTION('',(1.,0.,0.));
#5641 = PLANE('',#5642);
#5642 = AXIS2_PLACEMENT_3D('',#5643,#5644,#5645);
#5643 = CARTESIAN_POINT('',(35.075,34.875,-6.1));
#5644 = DIRECTION('',(0.,1.,0.));
#5645 = DIRECTION('',(1.,0.,0.));
#5646 = ADVANCED_FACE('',(#5647),#5672,.F.);
#5647 = FACE_BOUND('',#5648,.F.);
#5648 = EDGE_LOOP('',(#5649,#5650,#5658,#5666));
#5649 = ORIENTED_EDGE('',*,*,#5628,.T.);
#5650 = ORIENTED_EDGE('',*,*,#5651,.T.);
#5651 = EDGE_CURVE('',#5621,#5652,#5654,.T.);
#5652 = VERTEX_POINT('',#5653);
#5653 = CARTESIAN_POINT('',(35.725,35.525,0.));
#5654 = LINE('',#5655,#5656);
#5655 = CARTESIAN_POINT('',(35.725,34.875,0.));
#5656 = VECTOR('',#5657,1.);
#5657 = DIRECTION('',(0.,1.,0.));
#5658 = ORIENTED_EDGE('',*,*,#5659,.F.);
#5659 = EDGE_CURVE('',#5660,#5652,#5662,.T.);
#5660 = VERTEX_POINT('',#5661);
#5661 = CARTESIAN_POINT('',(35.725,35.525,-6.1));
#5662 = LINE('',#5663,#5664);
#5663 = CARTESIAN_POINT('',(35.725,35.525,-6.1));
#5664 = VECTOR('',#5665,1.);
#5665 = DIRECTION('',(0.,0.,1.));
#5666 = ORIENTED_EDGE('',*,*,#5667,.F.);
#5667 = EDGE_CURVE('',#5629,#5660,#5668,.T.);
#5668 = LINE('',#5669,#5670);
#5669 = CARTESIAN_POINT('',(35.725,34.875,-6.1));
#5670 = VECTOR('',#5671,1.);
#5671 = DIRECTION('',(0.,1.,0.));
#5672 = PLANE('',#5673);
#5673 = AXIS2_PLACEMENT_3D('',#5674,#5675,#5676);
#5674 = CARTESIAN_POINT('',(35.725,34.875,-6.1));
#5675 = DIRECTION('',(-1.,0.,0.));
#5676 = DIRECTION('',(0.,1.,0.));
#5677 = ADVANCED_FACE('',(#5678),#5694,.F.);
#5678 = FACE_BOUND('',#5679,.F.);
#5679 = EDGE_LOOP('',(#5680,#5681,#5687,#5688));
#5680 = ORIENTED_EDGE('',*,*,#5659,.T.);
#5681 = ORIENTED_EDGE('',*,*,#5682,.T.);
#5682 = EDGE_CURVE('',#5652,#5582,#5683,.T.);
#5683 = LINE('',#5684,#5685);
#5684 = CARTESIAN_POINT('',(35.725,35.525,0.));
#5685 = VECTOR('',#5686,1.);
#5686 = DIRECTION('',(-1.,0.,0.));
#5687 = ORIENTED_EDGE('',*,*,#5579,.F.);
#5688 = ORIENTED_EDGE('',*,*,#5689,.F.);
#5689 = EDGE_CURVE('',#5660,#5580,#5690,.T.);
#5690 = LINE('',#5691,#5692);
#5691 = CARTESIAN_POINT('',(35.725,35.525,-6.1));
#5692 = VECTOR('',#5693,1.);
#5693 = DIRECTION('',(-1.,0.,0.));
#5694 = PLANE('',#5695);
#5695 = AXIS2_PLACEMENT_3D('',#5696,#5697,#5698);
#5696 = CARTESIAN_POINT('',(35.725,35.525,-6.1));
#5697 = DIRECTION('',(0.,-1.,0.));
#5698 = DIRECTION('',(-1.,0.,0.));
#5699 = ADVANCED_FACE('',(#5700),#5706,.F.);
#5700 = FACE_BOUND('',#5701,.F.);
#5701 = EDGE_LOOP('',(#5702,#5703,#5704,#5705));
#5702 = ORIENTED_EDGE('',*,*,#5605,.T.);
#5703 = ORIENTED_EDGE('',*,*,#5636,.T.);
#5704 = ORIENTED_EDGE('',*,*,#5667,.T.);
#5705 = ORIENTED_EDGE('',*,*,#5689,.T.);
#5706 = PLANE('',#5707);
#5707 = AXIS2_PLACEMENT_3D('',#5708,#5709,#5710);
#5708 = CARTESIAN_POINT('',(23.97,36.47,-6.1));
#5709 = DIRECTION('',(-0.,-0.,1.));
#5710 = DIRECTION('',(0.,1.,0.));
#5711 = ADVANCED_FACE('',(#5712),#5718,.T.);
#5712 = FACE_BOUND('',#5713,.T.);
#5713 = EDGE_LOOP('',(#5714,#5715,#5716,#5717));
#5714 = ORIENTED_EDGE('',*,*,#5589,.T.);
#5715 = ORIENTED_EDGE('',*,*,#5620,.T.);
#5716 = ORIENTED_EDGE('',*,*,#5651,.T.);
#5717 = ORIENTED_EDGE('',*,*,#5682,.T.);
#5718 = PLANE('',#5719);
#5719 = AXIS2_PLACEMENT_3D('',#5720,#5721,#5722);
#5720 = CARTESIAN_POINT('',(23.97,36.47,2.6645352591E-15));
#5721 = DIRECTION('',(0.,0.,1.));
#5722 = DIRECTION('',(0.,1.,0.));
#5723 = MANIFOLD_SOLID_BREP('',#5724);
#5724 = CLOSED_SHELL('',(#5725,#5765,#5796,#5827,#5849,#5861));
#5725 = ADVANCED_FACE('',(#5726),#5760,.F.);
#5726 = FACE_BOUND('',#5727,.F.);
#5727 = EDGE_LOOP('',(#5728,#5738,#5746,#5754));
#5728 = ORIENTED_EDGE('',*,*,#5729,.T.);
#5729 = EDGE_CURVE('',#5730,#5732,#5734,.T.);
#5730 = VERTEX_POINT('',#5731);
#5731 = CARTESIAN_POINT('',(32.535,35.525,-6.1));
#5732 = VERTEX_POINT('',#5733);
#5733 = CARTESIAN_POINT('',(32.535,35.525,0.));
#5734 = LINE('',#5735,#5736);
#5735 = CARTESIAN_POINT('',(32.535,35.525,-6.1));
#5736 = VECTOR('',#5737,1.);
#5737 = DIRECTION('',(0.,0.,1.));
#5738 = ORIENTED_EDGE('',*,*,#5739,.T.);
#5739 = EDGE_CURVE('',#5732,#5740,#5742,.T.);
#5740 = VERTEX_POINT('',#5741);
#5741 = CARTESIAN_POINT('',(32.535,34.875,0.));
#5742 = LINE('',#5743,#5744);
#5743 = CARTESIAN_POINT('',(32.535,35.525,0.));
#5744 = VECTOR('',#5745,1.);
#5745 = DIRECTION('',(0.,-1.,0.));
#5746 = ORIENTED_EDGE('',*,*,#5747,.F.);
#5747 = EDGE_CURVE('',#5748,#5740,#5750,.T.);
#5748 = VERTEX_POINT('',#5749);
#5749 = CARTESIAN_POINT('',(32.535,34.875,-6.1));
#5750 = LINE('',#5751,#5752);
#5751 = CARTESIAN_POINT('',(32.535,34.875,-6.1));
#5752 = VECTOR('',#5753,1.);
#5753 = DIRECTION('',(0.,0.,1.));
#5754 = ORIENTED_EDGE('',*,*,#5755,.F.);
#5755 = EDGE_CURVE('',#5730,#5748,#5756,.T.);
#5756 = LINE('',#5757,#5758);
#5757 = CARTESIAN_POINT('',(32.535,35.525,-6.1));
#5758 = VECTOR('',#5759,1.);
#5759 = DIRECTION('',(0.,-1.,0.));
#5760 = PLANE('',#5761);
#5761 = AXIS2_PLACEMENT_3D('',#5762,#5763,#5764);
#5762 = CARTESIAN_POINT('',(32.535,35.525,-6.1));
#5763 = DIRECTION('',(1.,0.,-0.));
#5764 = DIRECTION('',(0.,-1.,0.));
#5765 = ADVANCED_FACE('',(#5766),#5791,.F.);
#5766 = FACE_BOUND('',#5767,.F.);
#5767 = EDGE_LOOP('',(#5768,#5769,#5777,#5785));
#5768 = ORIENTED_EDGE('',*,*,#5747,.T.);
#5769 = ORIENTED_EDGE('',*,*,#5770,.T.);
#5770 = EDGE_CURVE('',#5740,#5771,#5773,.T.);
#5771 = VERTEX_POINT('',#5772);
#5772 = CARTESIAN_POINT('',(33.185,34.875,0.));
#5773 = LINE('',#5774,#5775);
#5774 = CARTESIAN_POINT('',(32.535,34.875,0.));
#5775 = VECTOR('',#5776,1.);
#5776 = DIRECTION('',(1.,0.,0.));
#5777 = ORIENTED_EDGE('',*,*,#5778,.F.);
#5778 = EDGE_CURVE('',#5779,#5771,#5781,.T.);
#5779 = VERTEX_POINT('',#5780);
#5780 = CARTESIAN_POINT('',(33.185,34.875,-6.1));
#5781 = LINE('',#5782,#5783);
#5782 = CARTESIAN_POINT('',(33.185,34.875,-6.1));
#5783 = VECTOR('',#5784,1.);
#5784 = DIRECTION('',(0.,0.,1.));
#5785 = ORIENTED_EDGE('',*,*,#5786,.F.);
#5786 = EDGE_CURVE('',#5748,#5779,#5787,.T.);
#5787 = LINE('',#5788,#5789);
#5788 = CARTESIAN_POINT('',(32.535,34.875,-6.1));
#5789 = VECTOR('',#5790,1.);
#5790 = DIRECTION('',(1.,0.,0.));
#5791 = PLANE('',#5792);
#5792 = AXIS2_PLACEMENT_3D('',#5793,#5794,#5795);
#5793 = CARTESIAN_POINT('',(32.535,34.875,-6.1));
#5794 = DIRECTION('',(0.,1.,0.));
#5795 = DIRECTION('',(1.,0.,0.));
#5796 = ADVANCED_FACE('',(#5797),#5822,.F.);
#5797 = FACE_BOUND('',#5798,.F.);
#5798 = EDGE_LOOP('',(#5799,#5800,#5808,#5816));
#5799 = ORIENTED_EDGE('',*,*,#5778,.T.);
#5800 = ORIENTED_EDGE('',*,*,#5801,.T.);
#5801 = EDGE_CURVE('',#5771,#5802,#5804,.T.);
#5802 = VERTEX_POINT('',#5803);
#5803 = CARTESIAN_POINT('',(33.185,35.525,0.));
#5804 = LINE('',#5805,#5806);
#5805 = CARTESIAN_POINT('',(33.185,34.875,0.));
#5806 = VECTOR('',#5807,1.);
#5807 = DIRECTION('',(0.,1.,0.));
#5808 = ORIENTED_EDGE('',*,*,#5809,.F.);
#5809 = EDGE_CURVE('',#5810,#5802,#5812,.T.);
#5810 = VERTEX_POINT('',#5811);
#5811 = CARTESIAN_POINT('',(33.185,35.525,-6.1));
#5812 = LINE('',#5813,#5814);
#5813 = CARTESIAN_POINT('',(33.185,35.525,-6.1));
#5814 = VECTOR('',#5815,1.);
#5815 = DIRECTION('',(0.,0.,1.));
#5816 = ORIENTED_EDGE('',*,*,#5817,.F.);
#5817 = EDGE_CURVE('',#5779,#5810,#5818,.T.);
#5818 = LINE('',#5819,#5820);
#5819 = CARTESIAN_POINT('',(33.185,34.875,-6.1));
#5820 = VECTOR('',#5821,1.);
#5821 = DIRECTION('',(0.,1.,0.));
#5822 = PLANE('',#5823);
#5823 = AXIS2_PLACEMENT_3D('',#5824,#5825,#5826);
#5824 = CARTESIAN_POINT('',(33.185,34.875,-6.1));
#5825 = DIRECTION('',(-1.,0.,0.));
#5826 = DIRECTION('',(0.,1.,0.));
#5827 = ADVANCED_FACE('',(#5828),#5844,.F.);
#5828 = FACE_BOUND('',#5829,.F.);
#5829 = EDGE_LOOP('',(#5830,#5831,#5837,#5838));
#5830 = ORIENTED_EDGE('',*,*,#5809,.T.);
#5831 = ORIENTED_EDGE('',*,*,#5832,.T.);
#5832 = EDGE_CURVE('',#5802,#5732,#5833,.T.);
#5833 = LINE('',#5834,#5835);
#5834 = CARTESIAN_POINT('',(33.185,35.525,0.));
#5835 = VECTOR('',#5836,1.);
#5836 = DIRECTION('',(-1.,0.,0.));
#5837 = ORIENTED_EDGE('',*,*,#5729,.F.);
#5838 = ORIENTED_EDGE('',*,*,#5839,.F.);
#5839 = EDGE_CURVE('',#5810,#5730,#5840,.T.);
#5840 = LINE('',#5841,#5842);
#5841 = CARTESIAN_POINT('',(33.185,35.525,-6.1));
#5842 = VECTOR('',#5843,1.);
#5843 = DIRECTION('',(-1.,0.,0.));
#5844 = PLANE('',#5845);
#5845 = AXIS2_PLACEMENT_3D('',#5846,#5847,#5848);
#5846 = CARTESIAN_POINT('',(33.185,35.525,-6.1));
#5847 = DIRECTION('',(0.,-1.,0.));
#5848 = DIRECTION('',(-1.,0.,0.));
#5849 = ADVANCED_FACE('',(#5850),#5856,.F.);
#5850 = FACE_BOUND('',#5851,.F.);
#5851 = EDGE_LOOP('',(#5852,#5853,#5854,#5855));
#5852 = ORIENTED_EDGE('',*,*,#5755,.T.);
#5853 = ORIENTED_EDGE('',*,*,#5786,.T.);
#5854 = ORIENTED_EDGE('',*,*,#5817,.T.);
#5855 = ORIENTED_EDGE('',*,*,#5839,.T.);
#5856 = PLANE('',#5857);
#5857 = AXIS2_PLACEMENT_3D('',#5858,#5859,#5860);
#5858 = CARTESIAN_POINT('',(23.97,36.47,-6.1));
#5859 = DIRECTION('',(-0.,-0.,1.));
#5860 = DIRECTION('',(0.,1.,0.));
#5861 = ADVANCED_FACE('',(#5862),#5868,.T.);
#5862 = FACE_BOUND('',#5863,.T.);
#5863 = EDGE_LOOP('',(#5864,#5865,#5866,#5867));
#5864 = ORIENTED_EDGE('',*,*,#5739,.T.);
#5865 = ORIENTED_EDGE('',*,*,#5770,.T.);
#5866 = ORIENTED_EDGE('',*,*,#5801,.T.);
#5867 = ORIENTED_EDGE('',*,*,#5832,.T.);
#5868 = PLANE('',#5869);
#5869 = AXIS2_PLACEMENT_3D('',#5870,#5871,#5872);
#5870 = CARTESIAN_POINT('',(23.97,36.47,2.6645352591E-15));
#5871 = DIRECTION('',(0.,0.,1.));
#5872 = DIRECTION('',(0.,1.,0.));
#5873 = ( GEOMETRIC_REPRESENTATION_CONTEXT(3) 
GLOBAL_UNCERTAINTY_ASSIGNED_CONTEXT((#5877)) 
GLOBAL_UNIT_ASSIGNED_CONTEXT((#5874,#5875,#5876)) REPRESENTATION_CONTEXT
('Context #1','3D Context with UNIT and UNCERTAINTY') );
#5874 = ( LENGTH_UNIT() NAMED_UNIT(*) SI_UNIT(.MILLI.,.METRE.) );
#5875 = ( NAMED_UNIT(*) PLANE_ANGLE_UNIT() SI_UNIT($,.RADIAN.) );
#5876 = ( NAMED_UNIT(*) SI_UNIT($,.STERADIAN.) SOLID_ANGLE_UNIT() );
#5877 = UNCERTAINTY_MEASURE_WITH_UNIT(LENGTH_MEASURE(1.E-07),#5874,
  'distance_accuracy_value','confusion accuracy');
#5878 = CONTEXT_DEPENDENT_SHAPE_REPRESENTATION(#5879,#5881);
#5879 = ( REPRESENTATION_RELATIONSHIP('','',#2872,#10) 
REPRESENTATION_RELATIONSHIP_WITH_TRANSFORMATION(#5880) 
SHAPE_REPRESENTATION_RELATIONSHIP() );
#5880 = ITEM_DEFINED_TRANSFORMATION('','',#11,#63);
#5881 = PRODUCT_DEFINITION_SHAPE('Placement','Placement of an item',
  #5882);
#5882 = NEXT_ASSEMBLY_USAGE_OCCURRENCE('13','Pinheader','',#5,#2867,$);
#5883 = PRODUCT_RELATED_PRODUCT_CATEGORY('part',$,(#2869));
#5884 = SHAPE_DEFINITION_REPRESENTATION(#5885,#5891);
#5885 = PRODUCT_DEFINITION_SHAPE('','',#5886);
#5886 = PRODUCT_DEFINITION('design','',#5887,#5890);
#5887 = PRODUCT_DEFINITION_FORMATION('','',#5888);
#5888 = PRODUCT('I2C Con','I2C Con','',(#5889));
#5889 = PRODUCT_CONTEXT('',#2,'mechanical');
#5890 = PRODUCT_DEFINITION_CONTEXT('part definition',#2,'design');
#5891 = ADVANCED_BREP_SHAPE_REPRESENTATION('',(#11,#5892),#6042);
#5892 = MANIFOLD_SOLID_BREP('',#5893);
#5893 = CLOSED_SHELL('',(#5894,#5934,#5965,#5996,#6018,#6030));
#5894 = ADVANCED_FACE('',(#5895),#5929,.T.);
#5895 = FACE_BOUND('',#5896,.T.);
#5896 = EDGE_LOOP('',(#5897,#5907,#5915,#5923));
#5897 = ORIENTED_EDGE('',*,*,#5898,.T.);
#5898 = EDGE_CURVE('',#5899,#5901,#5903,.T.);
#5899 = VERTEX_POINT('',#5900);
#5900 = CARTESIAN_POINT('',(47.1,6.,2.E-15));
#5901 = VERTEX_POINT('',#5902);
#5902 = CARTESIAN_POINT('',(47.1,0.,0.));
#5903 = LINE('',#5904,#5905);
#5904 = CARTESIAN_POINT('',(47.1,6.,2.E-15));
#5905 = VECTOR('',#5906,1.);
#5906 = DIRECTION('',(0.,-1.,-3.3E-16));
#5907 = ORIENTED_EDGE('',*,*,#5908,.T.);
#5908 = EDGE_CURVE('',#5901,#5909,#5911,.T.);
#5909 = VERTEX_POINT('',#5910);
#5910 = CARTESIAN_POINT('',(59.1,0.,0.));
#5911 = LINE('',#5912,#5913);
#5912 = CARTESIAN_POINT('',(47.1,0.,0.));
#5913 = VECTOR('',#5914,1.);
#5914 = DIRECTION('',(1.,0.,0.));
#5915 = ORIENTED_EDGE('',*,*,#5916,.F.);
#5916 = EDGE_CURVE('',#5917,#5909,#5919,.T.);
#5917 = VERTEX_POINT('',#5918);
#5918 = CARTESIAN_POINT('',(59.1,6.,2.E-15));
#5919 = LINE('',#5920,#5921);
#5920 = CARTESIAN_POINT('',(59.1,6.,2.E-15));
#5921 = VECTOR('',#5922,1.);
#5922 = DIRECTION('',(0.,-1.,-3.3E-16));
#5923 = ORIENTED_EDGE('',*,*,#5924,.F.);
#5924 = EDGE_CURVE('',#5899,#5917,#5925,.T.);
#5925 = LINE('',#5926,#5927);
#5926 = CARTESIAN_POINT('',(47.1,6.,2.E-15));
#5927 = VECTOR('',#5928,1.);
#5928 = DIRECTION('',(1.,0.,0.));
#5929 = PLANE('',#5930);
#5930 = AXIS2_PLACEMENT_3D('',#5931,#5932,#5933);
#5931 = CARTESIAN_POINT('',(47.1,6.,2.E-15));
#5932 = DIRECTION('',(0.,-3.3E-16,1.));
#5933 = DIRECTION('',(1.,0.,0.));
#5934 = ADVANCED_FACE('',(#5935),#5960,.T.);
#5935 = FACE_BOUND('',#5936,.T.);
#5936 = EDGE_LOOP('',(#5937,#5938,#5946,#5954));
#5937 = ORIENTED_EDGE('',*,*,#5916,.T.);
#5938 = ORIENTED_EDGE('',*,*,#5939,.T.);
#5939 = EDGE_CURVE('',#5909,#5940,#5942,.T.);
#5940 = VERTEX_POINT('',#5941);
#5941 = CARTESIAN_POINT('',(59.1,1.E-15,-4.7));
#5942 = LINE('',#5943,#5944);
#5943 = CARTESIAN_POINT('',(59.1,0.,0.));
#5944 = VECTOR('',#5945,1.);
#5945 = DIRECTION('',(0.,0.,-1.));
#5946 = ORIENTED_EDGE('',*,*,#5947,.F.);
#5947 = EDGE_CURVE('',#5948,#5940,#5950,.T.);
#5948 = VERTEX_POINT('',#5949);
#5949 = CARTESIAN_POINT('',(59.1,6.,-4.7));
#5950 = LINE('',#5951,#5952);
#5951 = CARTESIAN_POINT('',(59.1,6.,-4.7));
#5952 = VECTOR('',#5953,1.);
#5953 = DIRECTION('',(0.,-1.,-3.3E-16));
#5954 = ORIENTED_EDGE('',*,*,#5955,.F.);
#5955 = EDGE_CURVE('',#5917,#5948,#5956,.T.);
#5956 = LINE('',#5957,#5958);
#5957 = CARTESIAN_POINT('',(59.1,6.,2.E-15));
#5958 = VECTOR('',#5959,1.);
#5959 = DIRECTION('',(0.,0.,-1.));
#5960 = PLANE('',#5961);
#5961 = AXIS2_PLACEMENT_3D('',#5962,#5963,#5964);
#5962 = CARTESIAN_POINT('',(59.1,6.,2.E-15));
#5963 = DIRECTION('',(1.,0.,0.));
#5964 = DIRECTION('',(0.,2.2E-16,-1.));
#5965 = ADVANCED_FACE('',(#5966),#5991,.T.);
#5966 = FACE_BOUND('',#5967,.T.);
#5967 = EDGE_LOOP('',(#5968,#5969,#5977,#5985));
#5968 = ORIENTED_EDGE('',*,*,#5947,.T.);
#5969 = ORIENTED_EDGE('',*,*,#5970,.T.);
#5970 = EDGE_CURVE('',#5940,#5971,#5973,.T.);
#5971 = VERTEX_POINT('',#5972);
#5972 = CARTESIAN_POINT('',(47.1,1.E-15,-4.7));
#5973 = LINE('',#5974,#5975);
#5974 = CARTESIAN_POINT('',(59.1,0.,-4.7));
#5975 = VECTOR('',#5976,1.);
#5976 = DIRECTION('',(-1.,0.,0.));
#5977 = ORIENTED_EDGE('',*,*,#5978,.F.);
#5978 = EDGE_CURVE('',#5979,#5971,#5981,.T.);
#5979 = VERTEX_POINT('',#5980);
#5980 = CARTESIAN_POINT('',(47.1,6.,-4.7));
#5981 = LINE('',#5982,#5983);
#5982 = CARTESIAN_POINT('',(47.1,6.,-4.7));
#5983 = VECTOR('',#5984,1.);
#5984 = DIRECTION('',(0.,-1.,-3.3E-16));
#5985 = ORIENTED_EDGE('',*,*,#5986,.F.);
#5986 = EDGE_CURVE('',#5948,#5979,#5987,.T.);
#5987 = LINE('',#5988,#5989);
#5988 = CARTESIAN_POINT('',(59.1,6.,-4.7));
#5989 = VECTOR('',#5990,1.);
#5990 = DIRECTION('',(-1.,0.,0.));
#5991 = PLANE('',#5992);
#5992 = AXIS2_PLACEMENT_3D('',#5993,#5994,#5995);
#5993 = CARTESIAN_POINT('',(59.1,6.,-4.7));
#5994 = DIRECTION('',(-0.,3.3E-16,-1.));
#5995 = DIRECTION('',(-1.,-0.,0.));
#5996 = ADVANCED_FACE('',(#5997),#6013,.T.);
#5997 = FACE_BOUND('',#5998,.T.);
#5998 = EDGE_LOOP('',(#5999,#6000,#6006,#6007));
#5999 = ORIENTED_EDGE('',*,*,#5978,.T.);
#6000 = ORIENTED_EDGE('',*,*,#6001,.T.);
#6001 = EDGE_CURVE('',#5971,#5901,#6002,.T.);
#6002 = LINE('',#6003,#6004);
#6003 = CARTESIAN_POINT('',(47.1,0.,-4.7));
#6004 = VECTOR('',#6005,1.);
#6005 = DIRECTION('',(0.,0.,1.));
#6006 = ORIENTED_EDGE('',*,*,#5898,.F.);
#6007 = ORIENTED_EDGE('',*,*,#6008,.F.);
#6008 = EDGE_CURVE('',#5979,#5899,#6009,.T.);
#6009 = LINE('',#6010,#6011);
#6010 = CARTESIAN_POINT('',(47.1,6.,-4.7));
#6011 = VECTOR('',#6012,1.);
#6012 = DIRECTION('',(0.,0.,1.));
#6013 = PLANE('',#6014);
#6014 = AXIS2_PLACEMENT_3D('',#6015,#6016,#6017);
#6015 = CARTESIAN_POINT('',(47.1,6.,-4.7));
#6016 = DIRECTION('',(-1.,-0.,0.));
#6017 = DIRECTION('',(0.,-2.2E-16,1.));
#6018 = ADVANCED_FACE('',(#6019),#6025,.T.);
#6019 = FACE_BOUND('',#6020,.T.);
#6020 = EDGE_LOOP('',(#6021,#6022,#6023,#6024));
#6021 = ORIENTED_EDGE('',*,*,#5924,.T.);
#6022 = ORIENTED_EDGE('',*,*,#5955,.T.);
#6023 = ORIENTED_EDGE('',*,*,#5986,.T.);
#6024 = ORIENTED_EDGE('',*,*,#6008,.T.);
#6025 = PLANE('',#6026);
#6026 = AXIS2_PLACEMENT_3D('',#6027,#6028,#6029);
#6027 = CARTESIAN_POINT('',(53.1,6.,-2.35));
#6028 = DIRECTION('',(-0.,1.,1.9E-16));
#6029 = DIRECTION('',(0.,-1.9E-16,1.));
#6030 = ADVANCED_FACE('',(#6031),#6037,.F.);
#6031 = FACE_BOUND('',#6032,.F.);
#6032 = EDGE_LOOP('',(#6033,#6034,#6035,#6036));
#6033 = ORIENTED_EDGE('',*,*,#5908,.T.);
#6034 = ORIENTED_EDGE('',*,*,#5939,.T.);
#6035 = ORIENTED_EDGE('',*,*,#5970,.T.);
#6036 = ORIENTED_EDGE('',*,*,#6001,.T.);
#6037 = PLANE('',#6038);
#6038 = AXIS2_PLACEMENT_3D('',#6039,#6040,#6041);
#6039 = CARTESIAN_POINT('',(53.1,0.,-2.35));
#6040 = DIRECTION('',(0.,1.,1.9E-16));
#6041 = DIRECTION('',(0.,-1.9E-16,1.));
#6042 = ( GEOMETRIC_REPRESENTATION_CONTEXT(3) 
GLOBAL_UNCERTAINTY_ASSIGNED_CONTEXT((#6046)) 
GLOBAL_UNIT_ASSIGNED_CONTEXT((#6043,#6044,#6045)) REPRESENTATION_CONTEXT
('Context #1','3D Context with UNIT and UNCERTAINTY') );
#6043 = ( LENGTH_UNIT() NAMED_UNIT(*) SI_UNIT(.MILLI.,.METRE.) );
#6044 = ( NAMED_UNIT(*) PLANE_ANGLE_UNIT() SI_UNIT($,.RADIAN.) );
#6045 = ( NAMED_UNIT(*) SI_UNIT($,.STERADIAN.) SOLID_ANGLE_UNIT() );
#6046 = UNCERTAINTY_MEASURE_WITH_UNIT(LENGTH_MEASURE(1.E-07),#6043,
  'distance_accuracy_value','confusion accuracy');
#6047 = CONTEXT_DEPENDENT_SHAPE_REPRESENTATION(#6048,#6050);
#6048 = ( REPRESENTATION_RELATIONSHIP('','',#5891,#10) 
REPRESENTATION_RELATIONSHIP_WITH_TRANSFORMATION(#6049) 
SHAPE_REPRESENTATION_RELATIONSHIP() );
#6049 = ITEM_DEFINED_TRANSFORMATION('','',#11,#67);
#6050 = PRODUCT_DEFINITION_SHAPE('Placement','Placement of an item',
  #6051);
#6051 = NEXT_ASSEMBLY_USAGE_OCCURRENCE('14','I2C Con','',#5,#5886,$);
#6052 = PRODUCT_RELATED_PRODUCT_CATEGORY('part',$,(#5888));
#6053 = SHAPE_DEFINITION_REPRESENTATION(#6054,#6060);
#6054 = PRODUCT_DEFINITION_SHAPE('','',#6055);
#6055 = PRODUCT_DEFINITION('design','',#6056,#6059);
#6056 = PRODUCT_DEFINITION_FORMATION('','',#6057);
#6057 = PRODUCT('Pinheader Body','Pinheader Body','',(#6058));
#6058 = PRODUCT_CONTEXT('',#2,'mechanical');
#6059 = PRODUCT_DEFINITION_CONTEXT('part definition',#2,'design');
#6060 = ADVANCED_BREP_SHAPE_REPRESENTATION('',(#11,#6061),#6211);
#6061 = MANIFOLD_SOLID_BREP('',#6062);
#6062 = CLOSED_SHELL('',(#6063,#6103,#6134,#6165,#6187,#6199));
#6063 = ADVANCED_FACE('',(#6064),#6098,.T.);
#6064 = FACE_BOUND('',#6065,.T.);
#6065 = EDGE_LOOP('',(#6066,#6076,#6084,#6092));
#6066 = ORIENTED_EDGE('',*,*,#6067,.T.);
#6067 = EDGE_CURVE('',#6068,#6070,#6072,.T.);
#6068 = VERTEX_POINT('',#6069);
#6069 = CARTESIAN_POINT('',(11.32,38.97,-2.3));
#6070 = VERTEX_POINT('',#6071);
#6071 = CARTESIAN_POINT('',(11.32,38.97,0.));
#6072 = LINE('',#6073,#6074);
#6073 = CARTESIAN_POINT('',(11.32,38.97,-2.3));
#6074 = VECTOR('',#6075,1.);
#6075 = DIRECTION('',(0.,0.,1.));
#6076 = ORIENTED_EDGE('',*,*,#6077,.T.);
#6077 = EDGE_CURVE('',#6070,#6078,#6080,.T.);
#6078 = VERTEX_POINT('',#6079);
#6079 = CARTESIAN_POINT('',(36.62,38.97,0.));
#6080 = LINE('',#6081,#6082);
#6081 = CARTESIAN_POINT('',(11.32,38.97,0.));
#6082 = VECTOR('',#6083,1.);
#6083 = DIRECTION('',(1.,0.,0.));
#6084 = ORIENTED_EDGE('',*,*,#6085,.F.);
#6085 = EDGE_CURVE('',#6086,#6078,#6088,.T.);
#6086 = VERTEX_POINT('',#6087);
#6087 = CARTESIAN_POINT('',(36.62,38.97,-2.3));
#6088 = LINE('',#6089,#6090);
#6089 = CARTESIAN_POINT('',(36.62,38.97,-2.3));
#6090 = VECTOR('',#6091,1.);
#6091 = DIRECTION('',(0.,0.,1.));
#6092 = ORIENTED_EDGE('',*,*,#6093,.F.);
#6093 = EDGE_CURVE('',#6068,#6086,#6094,.T.);
#6094 = LINE('',#6095,#6096);
#6095 = CARTESIAN_POINT('',(11.32,38.97,-2.3));
#6096 = VECTOR('',#6097,1.);
#6097 = DIRECTION('',(1.,0.,0.));
#6098 = PLANE('',#6099);
#6099 = AXIS2_PLACEMENT_3D('',#6100,#6101,#6102);
#6100 = CARTESIAN_POINT('',(11.32,38.97,-2.3));
#6101 = DIRECTION('',(0.,1.,0.));
#6102 = DIRECTION('',(1.,0.,0.));
#6103 = ADVANCED_FACE('',(#6104),#6129,.T.);
#6104 = FACE_BOUND('',#6105,.T.);
#6105 = EDGE_LOOP('',(#6106,#6107,#6115,#6123));
#6106 = ORIENTED_EDGE('',*,*,#6085,.T.);
#6107 = ORIENTED_EDGE('',*,*,#6108,.T.);
#6108 = EDGE_CURVE('',#6078,#6109,#6111,.T.);
#6109 = VERTEX_POINT('',#6110);
#6110 = CARTESIAN_POINT('',(36.62,33.97,0.));
#6111 = LINE('',#6112,#6113);
#6112 = CARTESIAN_POINT('',(36.62,38.97,0.));
#6113 = VECTOR('',#6114,1.);
#6114 = DIRECTION('',(0.,-1.,0.));
#6115 = ORIENTED_EDGE('',*,*,#6116,.F.);
#6116 = EDGE_CURVE('',#6117,#6109,#6119,.T.);
#6117 = VERTEX_POINT('',#6118);
#6118 = CARTESIAN_POINT('',(36.62,33.97,-2.3));
#6119 = LINE('',#6120,#6121);
#6120 = CARTESIAN_POINT('',(36.62,33.97,-2.3));
#6121 = VECTOR('',#6122,1.);
#6122 = DIRECTION('',(0.,0.,1.));
#6123 = ORIENTED_EDGE('',*,*,#6124,.F.);
#6124 = EDGE_CURVE('',#6086,#6117,#6125,.T.);
#6125 = LINE('',#6126,#6127);
#6126 = CARTESIAN_POINT('',(36.62,38.97,-2.3));
#6127 = VECTOR('',#6128,1.);
#6128 = DIRECTION('',(0.,-1.,0.));
#6129 = PLANE('',#6130);
#6130 = AXIS2_PLACEMENT_3D('',#6131,#6132,#6133);
#6131 = CARTESIAN_POINT('',(36.62,38.97,-2.3));
#6132 = DIRECTION('',(1.,0.,-0.));
#6133 = DIRECTION('',(0.,-1.,0.));
#6134 = ADVANCED_FACE('',(#6135),#6160,.T.);
#6135 = FACE_BOUND('',#6136,.T.);
#6136 = EDGE_LOOP('',(#6137,#6138,#6146,#6154));
#6137 = ORIENTED_EDGE('',*,*,#6116,.T.);
#6138 = ORIENTED_EDGE('',*,*,#6139,.T.);
#6139 = EDGE_CURVE('',#6109,#6140,#6142,.T.);
#6140 = VERTEX_POINT('',#6141);
#6141 = CARTESIAN_POINT('',(11.32,33.97,0.));
#6142 = LINE('',#6143,#6144);
#6143 = CARTESIAN_POINT('',(36.62,33.97,0.));
#6144 = VECTOR('',#6145,1.);
#6145 = DIRECTION('',(-1.,0.,0.));
#6146 = ORIENTED_EDGE('',*,*,#6147,.F.);
#6147 = EDGE_CURVE('',#6148,#6140,#6150,.T.);
#6148 = VERTEX_POINT('',#6149);
#6149 = CARTESIAN_POINT('',(11.32,33.97,-2.3));
#6150 = LINE('',#6151,#6152);
#6151 = CARTESIAN_POINT('',(11.32,33.97,-2.3));
#6152 = VECTOR('',#6153,1.);
#6153 = DIRECTION('',(0.,0.,1.));
#6154 = ORIENTED_EDGE('',*,*,#6155,.F.);
#6155 = EDGE_CURVE('',#6117,#6148,#6156,.T.);
#6156 = LINE('',#6157,#6158);
#6157 = CARTESIAN_POINT('',(36.62,33.97,-2.3));
#6158 = VECTOR('',#6159,1.);
#6159 = DIRECTION('',(-1.,0.,0.));
#6160 = PLANE('',#6161);
#6161 = AXIS2_PLACEMENT_3D('',#6162,#6163,#6164);
#6162 = CARTESIAN_POINT('',(36.62,33.97,-2.3));
#6163 = DIRECTION('',(0.,-1.,0.));
#6164 = DIRECTION('',(-1.,0.,0.));
#6165 = ADVANCED_FACE('',(#6166),#6182,.T.);
#6166 = FACE_BOUND('',#6167,.T.);
#6167 = EDGE_LOOP('',(#6168,#6169,#6175,#6176));
#6168 = ORIENTED_EDGE('',*,*,#6147,.T.);
#6169 = ORIENTED_EDGE('',*,*,#6170,.T.);
#6170 = EDGE_CURVE('',#6140,#6070,#6171,.T.);
#6171 = LINE('',#6172,#6173);
#6172 = CARTESIAN_POINT('',(11.32,33.97,0.));
#6173 = VECTOR('',#6174,1.);
#6174 = DIRECTION('',(0.,1.,0.));
#6175 = ORIENTED_EDGE('',*,*,#6067,.F.);
#6176 = ORIENTED_EDGE('',*,*,#6177,.F.);
#6177 = EDGE_CURVE('',#6148,#6068,#6178,.T.);
#6178 = LINE('',#6179,#6180);
#6179 = CARTESIAN_POINT('',(11.32,33.97,-2.3));
#6180 = VECTOR('',#6181,1.);
#6181 = DIRECTION('',(0.,1.,0.));
#6182 = PLANE('',#6183);
#6183 = AXIS2_PLACEMENT_3D('',#6184,#6185,#6186);
#6184 = CARTESIAN_POINT('',(11.32,33.97,-2.3));
#6185 = DIRECTION('',(-1.,0.,0.));
#6186 = DIRECTION('',(0.,1.,0.));
#6187 = ADVANCED_FACE('',(#6188),#6194,.F.);
#6188 = FACE_BOUND('',#6189,.T.);
#6189 = EDGE_LOOP('',(#6190,#6191,#6192,#6193));
#6190 = ORIENTED_EDGE('',*,*,#6093,.T.);
#6191 = ORIENTED_EDGE('',*,*,#6124,.T.);
#6192 = ORIENTED_EDGE('',*,*,#6155,.T.);
#6193 = ORIENTED_EDGE('',*,*,#6177,.T.);
#6194 = PLANE('',#6195);
#6195 = AXIS2_PLACEMENT_3D('',#6196,#6197,#6198);
#6196 = CARTESIAN_POINT('',(23.97,36.47,-2.3));
#6197 = DIRECTION('',(0.,0.,1.));
#6198 = DIRECTION('',(1.,0.,-0.));
#6199 = ADVANCED_FACE('',(#6200),#6206,.T.);
#6200 = FACE_BOUND('',#6201,.F.);
#6201 = EDGE_LOOP('',(#6202,#6203,#6204,#6205));
#6202 = ORIENTED_EDGE('',*,*,#6077,.T.);
#6203 = ORIENTED_EDGE('',*,*,#6108,.T.);
#6204 = ORIENTED_EDGE('',*,*,#6139,.T.);
#6205 = ORIENTED_EDGE('',*,*,#6170,.T.);
#6206 = PLANE('',#6207);
#6207 = AXIS2_PLACEMENT_3D('',#6208,#6209,#6210);
#6208 = CARTESIAN_POINT('',(23.97,36.47,-4.440892098501E-16));
#6209 = DIRECTION('',(0.,0.,1.));
#6210 = DIRECTION('',(1.,0.,0.));
#6211 = ( GEOMETRIC_REPRESENTATION_CONTEXT(3) 
GLOBAL_UNCERTAINTY_ASSIGNED_CONTEXT((#6215)) 
GLOBAL_UNIT_ASSIGNED_CONTEXT((#6212,#6213,#6214)) REPRESENTATION_CONTEXT
('Context #1','3D Context with UNIT and UNCERTAINTY') );
#6212 = ( LENGTH_UNIT() NAMED_UNIT(*) SI_UNIT(.MILLI.,.METRE.) );
#6213 = ( NAMED_UNIT(*) PLANE_ANGLE_UNIT() SI_UNIT($,.RADIAN.) );
#6214 = ( NAMED_UNIT(*) SI_UNIT($,.STERADIAN.) SOLID_ANGLE_UNIT() );
#6215 = UNCERTAINTY_MEASURE_WITH_UNIT(LENGTH_MEASURE(1.E-07),#6212,
  'distance_accuracy_value','confusion accuracy');
#6216 = CONTEXT_DEPENDENT_SHAPE_REPRESENTATION(#6217,#6219);
#6217 = ( REPRESENTATION_RELATIONSHIP('','',#6060,#10) 
REPRESENTATION_RELATIONSHIP_WITH_TRANSFORMATION(#6218) 
SHAPE_REPRESENTATION_RELATIONSHIP() );
#6218 = ITEM_DEFINED_TRANSFORMATION('','',#11,#71);
#6219 = PRODUCT_DEFINITION_SHAPE('Placement','Placement of an item',
  #6220);
#6220 = NEXT_ASSEMBLY_USAGE_OCCURRENCE('15','Pinheader Body','',#5,#6055
  ,$);
#6221 = PRODUCT_RELATED_PRODUCT_CATEGORY('part',$,(#6057));
#6222 = MECHANICAL_DESIGN_GEOMETRIC_PRESENTATION_REPRESENTATION('',(
    #6223),#2516);
#6223 = STYLED_ITEM('color',(#6224),#2366);
#6224 = PRESENTATION_STYLE_ASSIGNMENT((#6225,#6231));
#6225 = SURFACE_STYLE_USAGE(.BOTH.,#6226);
#6226 = SURFACE_SIDE_STYLE('',(#6227));
#6227 = SURFACE_STYLE_FILL_AREA(#6228);
#6228 = FILL_AREA_STYLE('',(#6229));
#6229 = FILL_AREA_STYLE_COLOUR('',#6230);
#6230 = COLOUR_RGB('',0.800000010877,0.800000010877,0.800000010877);
#6231 = CURVE_STYLE('',#6232,POSITIVE_LENGTH_MEASURE(0.1),#6233);
#6232 = DRAUGHTING_PRE_DEFINED_CURVE_FONT('continuous');
#6233 = DRAUGHTING_PRE_DEFINED_COLOUR('white');
#6234 = MECHANICAL_DESIGN_GEOMETRIC_PRESENTATION_REPRESENTATION('',(
    #6235),#1371);
#6235 = STYLED_ITEM('color',(#6236),#1221);
#6236 = PRESENTATION_STYLE_ASSIGNMENT((#6237,#6242));
#6237 = SURFACE_STYLE_USAGE(.BOTH.,#6238);
#6238 = SURFACE_SIDE_STYLE('',(#6239));
#6239 = SURFACE_STYLE_FILL_AREA(#6240);
#6240 = FILL_AREA_STYLE('',(#6241));
#6241 = FILL_AREA_STYLE_COLOUR('',#6230);
#6242 = CURVE_STYLE('',#6243,POSITIVE_LENGTH_MEASURE(0.1),#6233);
#6243 = DRAUGHTING_PRE_DEFINED_CURVE_FONT('continuous');
#6244 = MECHANICAL_DESIGN_GEOMETRIC_PRESENTATION_REPRESENTATION('',(
    #6245),#2854);
#6245 = STYLED_ITEM('color',(#6246),#2704);
#6246 = PRESENTATION_STYLE_ASSIGNMENT((#6247,#6252));
#6247 = SURFACE_STYLE_USAGE(.BOTH.,#6248);
#6248 = SURFACE_SIDE_STYLE('',(#6249));
#6249 = SURFACE_STYLE_FILL_AREA(#6250);
#6250 = FILL_AREA_STYLE('',(#6251));
#6251 = FILL_AREA_STYLE_COLOUR('',#6230);
#6252 = CURVE_STYLE('',#6253,POSITIVE_LENGTH_MEASURE(0.1),#6233);
#6253 = DRAUGHTING_PRE_DEFINED_CURVE_FONT('continuous');
#6254 = MECHANICAL_DESIGN_GEOMETRIC_PRESENTATION_REPRESENTATION('',(
    #6255),#2347);
#6255 = STYLED_ITEM('color',(#6256),#2197);
#6256 = PRESENTATION_STYLE_ASSIGNMENT((#6257,#6262));
#6257 = SURFACE_STYLE_USAGE(.BOTH.,#6258);
#6258 = SURFACE_SIDE_STYLE('',(#6259));
#6259 = SURFACE_STYLE_FILL_AREA(#6260);
#6260 = FILL_AREA_STYLE('',(#6261));
#6261 = FILL_AREA_STYLE_COLOUR('',#6230);
#6262 = CURVE_STYLE('',#6263,POSITIVE_LENGTH_MEASURE(0.1),#6233);
#6263 = DRAUGHTING_PRE_DEFINED_CURVE_FONT('continuous');
#6264 = MECHANICAL_DESIGN_GEOMETRIC_PRESENTATION_REPRESENTATION('',(
    #6265),#408);
#6265 = STYLED_ITEM('color',(#6266),#258);
#6266 = PRESENTATION_STYLE_ASSIGNMENT((#6267,#6272));
#6267 = SURFACE_STYLE_USAGE(.BOTH.,#6268);
#6268 = SURFACE_SIDE_STYLE('',(#6269));
#6269 = SURFACE_STYLE_FILL_AREA(#6270);
#6270 = FILL_AREA_STYLE('',(#6271));
#6271 = FILL_AREA_STYLE_COLOUR('',#6233);
#6272 = CURVE_STYLE('',#6273,POSITIVE_LENGTH_MEASURE(0.1),#6233);
#6273 = DRAUGHTING_PRE_DEFINED_CURVE_FONT('continuous');
#6274 = MECHANICAL_DESIGN_GEOMETRIC_PRESENTATION_REPRESENTATION('',(
    #6275),#2685);
#6275 = STYLED_ITEM('color',(#6276),#2535);
#6276 = PRESENTATION_STYLE_ASSIGNMENT((#6277,#6283));
#6277 = SURFACE_STYLE_USAGE(.BOTH.,#6278);
#6278 = SURFACE_SIDE_STYLE('',(#6279));
#6279 = SURFACE_STYLE_FILL_AREA(#6280);
#6280 = FILL_AREA_STYLE('',(#6281));
#6281 = FILL_AREA_STYLE_COLOUR('',#6282);
#6282 = COLOUR_RGB('',1.,0.666666687201,0.498039215105);
#6283 = CURVE_STYLE('',#6284,POSITIVE_LENGTH_MEASURE(0.1),#6233);
#6284 = DRAUGHTING_PRE_DEFINED_CURVE_FONT('continuous');
#6285 = MECHANICAL_DESIGN_GEOMETRIC_PRESENTATION_REPRESENTATION('',(
    #6286),#2178);
#6286 = STYLED_ITEM('color',(#6287),#2028);
#6287 = PRESENTATION_STYLE_ASSIGNMENT((#6288,#6293));
#6288 = SURFACE_STYLE_USAGE(.BOTH.,#6289);
#6289 = SURFACE_SIDE_STYLE('',(#6290));
#6290 = SURFACE_STYLE_FILL_AREA(#6291);
#6291 = FILL_AREA_STYLE('',(#6292));
#6292 = FILL_AREA_STYLE_COLOUR('',#6282);
#6293 = CURVE_STYLE('',#6294,POSITIVE_LENGTH_MEASURE(0.1),#6233);
#6294 = DRAUGHTING_PRE_DEFINED_CURVE_FONT('continuous');
#6295 = MECHANICAL_DESIGN_GEOMETRIC_PRESENTATION_REPRESENTATION('',(
    #6296,#6305,#6314),#1202);
#6296 = STYLED_ITEM('color',(#6297),#752);
#6297 = PRESENTATION_STYLE_ASSIGNMENT((#6298,#6303));
#6298 = SURFACE_STYLE_USAGE(.BOTH.,#6299);
#6299 = SURFACE_SIDE_STYLE('',(#6300));
#6300 = SURFACE_STYLE_FILL_AREA(#6301);
#6301 = FILL_AREA_STYLE('',(#6302));
#6302 = FILL_AREA_STYLE_COLOUR('',#6282);
#6303 = CURVE_STYLE('',#6304,POSITIVE_LENGTH_MEASURE(0.1),#6233);
#6304 = DRAUGHTING_PRE_DEFINED_CURVE_FONT('continuous');
#6305 = STYLED_ITEM('color',(#6306),#902);
#6306 = PRESENTATION_STYLE_ASSIGNMENT((#6307,#6312));
#6307 = SURFACE_STYLE_USAGE(.BOTH.,#6308);
#6308 = SURFACE_SIDE_STYLE('',(#6309));
#6309 = SURFACE_STYLE_FILL_AREA(#6310);
#6310 = FILL_AREA_STYLE('',(#6311));
#6311 = FILL_AREA_STYLE_COLOUR('',#6282);
#6312 = CURVE_STYLE('',#6313,POSITIVE_LENGTH_MEASURE(0.1),#6233);
#6313 = DRAUGHTING_PRE_DEFINED_CURVE_FONT('continuous');
#6314 = STYLED_ITEM('color',(#6315),#1052);
#6315 = PRESENTATION_STYLE_ASSIGNMENT((#6316,#6321));
#6316 = SURFACE_STYLE_USAGE(.BOTH.,#6317);
#6317 = SURFACE_SIDE_STYLE('',(#6318));
#6318 = SURFACE_STYLE_FILL_AREA(#6319);
#6319 = FILL_AREA_STYLE('',(#6320));
#6320 = FILL_AREA_STYLE_COLOUR('',#6282);
#6321 = CURVE_STYLE('',#6322,POSITIVE_LENGTH_MEASURE(0.1),#6233);
#6322 = DRAUGHTING_PRE_DEFINED_CURVE_FONT('continuous');
#6323 = MECHANICAL_DESIGN_GEOMETRIC_PRESENTATION_REPRESENTATION('',(
    #6324),#239);
#6324 = STYLED_ITEM('color',(#6325),#89);
#6325 = PRESENTATION_STYLE_ASSIGNMENT((#6326,#6332));
#6326 = SURFACE_STYLE_USAGE(.BOTH.,#6327);
#6327 = SURFACE_SIDE_STYLE('',(#6328));
#6328 = SURFACE_STYLE_FILL_AREA(#6329);
#6329 = FILL_AREA_STYLE('',(#6330));
#6330 = FILL_AREA_STYLE_COLOUR('',#6331);
#6331 = DRAUGHTING_PRE_DEFINED_COLOUR('yellow');
#6332 = CURVE_STYLE('',#6333,POSITIVE_LENGTH_MEASURE(0.1),#6233);
#6333 = DRAUGHTING_PRE_DEFINED_CURVE_FONT('continuous');
#6334 = MECHANICAL_DESIGN_GEOMETRIC_PRESENTATION_REPRESENTATION('',(
    #6335),#2009);
#6335 = STYLED_ITEM('color',(#6336),#1859);
#6336 = PRESENTATION_STYLE_ASSIGNMENT((#6337,#6342));
#6337 = SURFACE_STYLE_USAGE(.BOTH.,#6338);
#6338 = SURFACE_SIDE_STYLE('',(#6339));
#6339 = SURFACE_STYLE_FILL_AREA(#6340);
#6340 = FILL_AREA_STYLE('',(#6341));
#6341 = FILL_AREA_STYLE_COLOUR('',#6230);
#6342 = CURVE_STYLE('',#6343,POSITIVE_LENGTH_MEASURE(0.1),#6233);
#6343 = DRAUGHTING_PRE_DEFINED_CURVE_FONT('continuous');
#6344 = MECHANICAL_DESIGN_GEOMETRIC_PRESENTATION_REPRESENTATION('',(
    #6345,#6354,#6363,#6372,#6381,#6390,#6399,#6408,#6417,#6426,#6435,
    #6444,#6453,#6462,#6471,#6480,#6489,#6498,#6507,#6516),#5873);
#6345 = STYLED_ITEM('color',(#6346),#2873);
#6346 = PRESENTATION_STYLE_ASSIGNMENT((#6347,#6352));
#6347 = SURFACE_STYLE_USAGE(.BOTH.,#6348);
#6348 = SURFACE_SIDE_STYLE('',(#6349));
#6349 = SURFACE_STYLE_FILL_AREA(#6350);
#6350 = FILL_AREA_STYLE('',(#6351));
#6351 = FILL_AREA_STYLE_COLOUR('',#6230);
#6352 = CURVE_STYLE('',#6353,POSITIVE_LENGTH_MEASURE(0.1),#6233);
#6353 = DRAUGHTING_PRE_DEFINED_CURVE_FONT('continuous');
#6354 = STYLED_ITEM('color',(#6355),#3023);
#6355 = PRESENTATION_STYLE_ASSIGNMENT((#6356,#6361));
#6356 = SURFACE_STYLE_USAGE(.BOTH.,#6357);
#6357 = SURFACE_SIDE_STYLE('',(#6358));
#6358 = SURFACE_STYLE_FILL_AREA(#6359);
#6359 = FILL_AREA_STYLE('',(#6360));
#6360 = FILL_AREA_STYLE_COLOUR('',#6230);
#6361 = CURVE_STYLE('',#6362,POSITIVE_LENGTH_MEASURE(0.1),#6233);
#6362 = DRAUGHTING_PRE_DEFINED_CURVE_FONT('continuous');
#6363 = STYLED_ITEM('color',(#6364),#3173);
#6364 = PRESENTATION_STYLE_ASSIGNMENT((#6365,#6370));
#6365 = SURFACE_STYLE_USAGE(.BOTH.,#6366);
#6366 = SURFACE_SIDE_STYLE('',(#6367));
#6367 = SURFACE_STYLE_FILL_AREA(#6368);
#6368 = FILL_AREA_STYLE('',(#6369));
#6369 = FILL_AREA_STYLE_COLOUR('',#6230);
#6370 = CURVE_STYLE('',#6371,POSITIVE_LENGTH_MEASURE(0.1),#6233);
#6371 = DRAUGHTING_PRE_DEFINED_CURVE_FONT('continuous');
#6372 = STYLED_ITEM('color',(#6373),#3323);
#6373 = PRESENTATION_STYLE_ASSIGNMENT((#6374,#6379));
#6374 = SURFACE_STYLE_USAGE(.BOTH.,#6375);
#6375 = SURFACE_SIDE_STYLE('',(#6376));
#6376 = SURFACE_STYLE_FILL_AREA(#6377);
#6377 = FILL_AREA_STYLE('',(#6378));
#6378 = FILL_AREA_STYLE_COLOUR('',#6230);
#6379 = CURVE_STYLE('',#6380,POSITIVE_LENGTH_MEASURE(0.1),#6233);
#6380 = DRAUGHTING_PRE_DEFINED_CURVE_FONT('continuous');
#6381 = STYLED_ITEM('color',(#6382),#3473);
#6382 = PRESENTATION_STYLE_ASSIGNMENT((#6383,#6388));
#6383 = SURFACE_STYLE_USAGE(.BOTH.,#6384);
#6384 = SURFACE_SIDE_STYLE('',(#6385));
#6385 = SURFACE_STYLE_FILL_AREA(#6386);
#6386 = FILL_AREA_STYLE('',(#6387));
#6387 = FILL_AREA_STYLE_COLOUR('',#6230);
#6388 = CURVE_STYLE('',#6389,POSITIVE_LENGTH_MEASURE(0.1),#6233);
#6389 = DRAUGHTING_PRE_DEFINED_CURVE_FONT('continuous');
#6390 = STYLED_ITEM('color',(#6391),#3623);
#6391 = PRESENTATION_STYLE_ASSIGNMENT((#6392,#6397));
#6392 = SURFACE_STYLE_USAGE(.BOTH.,#6393);
#6393 = SURFACE_SIDE_STYLE('',(#6394));
#6394 = SURFACE_STYLE_FILL_AREA(#6395);
#6395 = FILL_AREA_STYLE('',(#6396));
#6396 = FILL_AREA_STYLE_COLOUR('',#6230);
#6397 = CURVE_STYLE('',#6398,POSITIVE_LENGTH_MEASURE(0.1),#6233);
#6398 = DRAUGHTING_PRE_DEFINED_CURVE_FONT('continuous');
#6399 = STYLED_ITEM('color',(#6400),#3773);
#6400 = PRESENTATION_STYLE_ASSIGNMENT((#6401,#6406));
#6401 = SURFACE_STYLE_USAGE(.BOTH.,#6402);
#6402 = SURFACE_SIDE_STYLE('',(#6403));
#6403 = SURFACE_STYLE_FILL_AREA(#6404);
#6404 = FILL_AREA_STYLE('',(#6405));
#6405 = FILL_AREA_STYLE_COLOUR('',#6230);
#6406 = CURVE_STYLE('',#6407,POSITIVE_LENGTH_MEASURE(0.1),#6233);
#6407 = DRAUGHTING_PRE_DEFINED_CURVE_FONT('continuous');
#6408 = STYLED_ITEM('color',(#6409),#3923);
#6409 = PRESENTATION_STYLE_ASSIGNMENT((#6410,#6415));
#6410 = SURFACE_STYLE_USAGE(.BOTH.,#6411);
#6411 = SURFACE_SIDE_STYLE('',(#6412));
#6412 = SURFACE_STYLE_FILL_AREA(#6413);
#6413 = FILL_AREA_STYLE('',(#6414));
#6414 = FILL_AREA_STYLE_COLOUR('',#6230);
#6415 = CURVE_STYLE('',#6416,POSITIVE_LENGTH_MEASURE(0.1),#6233);
#6416 = DRAUGHTING_PRE_DEFINED_CURVE_FONT('continuous');
#6417 = STYLED_ITEM('color',(#6418),#4073);
#6418 = PRESENTATION_STYLE_ASSIGNMENT((#6419,#6424));
#6419 = SURFACE_STYLE_USAGE(.BOTH.,#6420);
#6420 = SURFACE_SIDE_STYLE('',(#6421));
#6421 = SURFACE_STYLE_FILL_AREA(#6422);
#6422 = FILL_AREA_STYLE('',(#6423));
#6423 = FILL_AREA_STYLE_COLOUR('',#6230);
#6424 = CURVE_STYLE('',#6425,POSITIVE_LENGTH_MEASURE(0.1),#6233);
#6425 = DRAUGHTING_PRE_DEFINED_CURVE_FONT('continuous');
#6426 = STYLED_ITEM('color',(#6427),#4223);
#6427 = PRESENTATION_STYLE_ASSIGNMENT((#6428,#6433));
#6428 = SURFACE_STYLE_USAGE(.BOTH.,#6429);
#6429 = SURFACE_SIDE_STYLE('',(#6430));
#6430 = SURFACE_STYLE_FILL_AREA(#6431);
#6431 = FILL_AREA_STYLE('',(#6432));
#6432 = FILL_AREA_STYLE_COLOUR('',#6230);
#6433 = CURVE_STYLE('',#6434,POSITIVE_LENGTH_MEASURE(0.1),#6233);
#6434 = DRAUGHTING_PRE_DEFINED_CURVE_FONT('continuous');
#6435 = STYLED_ITEM('color',(#6436),#4373);
#6436 = PRESENTATION_STYLE_ASSIGNMENT((#6437,#6442));
#6437 = SURFACE_STYLE_USAGE(.BOTH.,#6438);
#6438 = SURFACE_SIDE_STYLE('',(#6439));
#6439 = SURFACE_STYLE_FILL_AREA(#6440);
#6440 = FILL_AREA_STYLE('',(#6441));
#6441 = FILL_AREA_STYLE_COLOUR('',#6230);
#6442 = CURVE_STYLE('',#6443,POSITIVE_LENGTH_MEASURE(0.1),#6233);
#6443 = DRAUGHTING_PRE_DEFINED_CURVE_FONT('continuous');
#6444 = STYLED_ITEM('color',(#6445),#4523);
#6445 = PRESENTATION_STYLE_ASSIGNMENT((#6446,#6451));
#6446 = SURFACE_STYLE_USAGE(.BOTH.,#6447);
#6447 = SURFACE_SIDE_STYLE('',(#6448));
#6448 = SURFACE_STYLE_FILL_AREA(#6449);
#6449 = FILL_AREA_STYLE('',(#6450));
#6450 = FILL_AREA_STYLE_COLOUR('',#6230);
#6451 = CURVE_STYLE('',#6452,POSITIVE_LENGTH_MEASURE(0.1),#6233);
#6452 = DRAUGHTING_PRE_DEFINED_CURVE_FONT('continuous');
#6453 = STYLED_ITEM('color',(#6454),#4673);
#6454 = PRESENTATION_STYLE_ASSIGNMENT((#6455,#6460));
#6455 = SURFACE_STYLE_USAGE(.BOTH.,#6456);
#6456 = SURFACE_SIDE_STYLE('',(#6457));
#6457 = SURFACE_STYLE_FILL_AREA(#6458);
#6458 = FILL_AREA_STYLE('',(#6459));
#6459 = FILL_AREA_STYLE_COLOUR('',#6230);
#6460 = CURVE_STYLE('',#6461,POSITIVE_LENGTH_MEASURE(0.1),#6233);
#6461 = DRAUGHTING_PRE_DEFINED_CURVE_FONT('continuous');
#6462 = STYLED_ITEM('color',(#6463),#4823);
#6463 = PRESENTATION_STYLE_ASSIGNMENT((#6464,#6469));
#6464 = SURFACE_STYLE_USAGE(.BOTH.,#6465);
#6465 = SURFACE_SIDE_STYLE('',(#6466));
#6466 = SURFACE_STYLE_FILL_AREA(#6467);
#6467 = FILL_AREA_STYLE('',(#6468));
#6468 = FILL_AREA_STYLE_COLOUR('',#6230);
#6469 = CURVE_STYLE('',#6470,POSITIVE_LENGTH_MEASURE(0.1),#6233);
#6470 = DRAUGHTING_PRE_DEFINED_CURVE_FONT('continuous');
#6471 = STYLED_ITEM('color',(#6472),#4973);
#6472 = PRESENTATION_STYLE_ASSIGNMENT((#6473,#6478));
#6473 = SURFACE_STYLE_USAGE(.BOTH.,#6474);
#6474 = SURFACE_SIDE_STYLE('',(#6475));
#6475 = SURFACE_STYLE_FILL_AREA(#6476);
#6476 = FILL_AREA_STYLE('',(#6477));
#6477 = FILL_AREA_STYLE_COLOUR('',#6230);
#6478 = CURVE_STYLE('',#6479,POSITIVE_LENGTH_MEASURE(0.1),#6233);
#6479 = DRAUGHTING_PRE_DEFINED_CURVE_FONT('continuous');
#6480 = STYLED_ITEM('color',(#6481),#5123);
#6481 = PRESENTATION_STYLE_ASSIGNMENT((#6482,#6487));
#6482 = SURFACE_STYLE_USAGE(.BOTH.,#6483);
#6483 = SURFACE_SIDE_STYLE('',(#6484));
#6484 = SURFACE_STYLE_FILL_AREA(#6485);
#6485 = FILL_AREA_STYLE('',(#6486));
#6486 = FILL_AREA_STYLE_COLOUR('',#6230);
#6487 = CURVE_STYLE('',#6488,POSITIVE_LENGTH_MEASURE(0.1),#6233);
#6488 = DRAUGHTING_PRE_DEFINED_CURVE_FONT('continuous');
#6489 = STYLED_ITEM('color',(#6490),#5273);
#6490 = PRESENTATION_STYLE_ASSIGNMENT((#6491,#6496));
#6491 = SURFACE_STYLE_USAGE(.BOTH.,#6492);
#6492 = SURFACE_SIDE_STYLE('',(#6493));
#6493 = SURFACE_STYLE_FILL_AREA(#6494);
#6494 = FILL_AREA_STYLE('',(#6495));
#6495 = FILL_AREA_STYLE_COLOUR('',#6230);
#6496 = CURVE_STYLE('',#6497,POSITIVE_LENGTH_MEASURE(0.1),#6233);
#6497 = DRAUGHTING_PRE_DEFINED_CURVE_FONT('continuous');
#6498 = STYLED_ITEM('color',(#6499),#5423);
#6499 = PRESENTATION_STYLE_ASSIGNMENT((#6500,#6505));
#6500 = SURFACE_STYLE_USAGE(.BOTH.,#6501);
#6501 = SURFACE_SIDE_STYLE('',(#6502));
#6502 = SURFACE_STYLE_FILL_AREA(#6503);
#6503 = FILL_AREA_STYLE('',(#6504));
#6504 = FILL_AREA_STYLE_COLOUR('',#6230);
#6505 = CURVE_STYLE('',#6506,POSITIVE_LENGTH_MEASURE(0.1),#6233);
#6506 = DRAUGHTING_PRE_DEFINED_CURVE_FONT('continuous');
#6507 = STYLED_ITEM('color',(#6508),#5573);
#6508 = PRESENTATION_STYLE_ASSIGNMENT((#6509,#6514));
#6509 = SURFACE_STYLE_USAGE(.BOTH.,#6510);
#6510 = SURFACE_SIDE_STYLE('',(#6511));
#6511 = SURFACE_STYLE_FILL_AREA(#6512);
#6512 = FILL_AREA_STYLE('',(#6513));
#6513 = FILL_AREA_STYLE_COLOUR('',#6230);
#6514 = CURVE_STYLE('',#6515,POSITIVE_LENGTH_MEASURE(0.1),#6233);
#6515 = DRAUGHTING_PRE_DEFINED_CURVE_FONT('continuous');
#6516 = STYLED_ITEM('color',(#6517),#5723);
#6517 = PRESENTATION_STYLE_ASSIGNMENT((#6518,#6523));
#6518 = SURFACE_STYLE_USAGE(.BOTH.,#6519);
#6519 = SURFACE_SIDE_STYLE('',(#6520));
#6520 = SURFACE_STYLE_FILL_AREA(#6521);
#6521 = FILL_AREA_STYLE('',(#6522));
#6522 = FILL_AREA_STYLE_COLOUR('',#6230);
#6523 = CURVE_STYLE('',#6524,POSITIVE_LENGTH_MEASURE(0.1),#6233);
#6524 = DRAUGHTING_PRE_DEFINED_CURVE_FONT('continuous');
#6525 = MECHANICAL_DESIGN_GEOMETRIC_PRESENTATION_REPRESENTATION('',(
    #6526),#6211);
#6526 = STYLED_ITEM('color',(#6527),#6061);
#6527 = PRESENTATION_STYLE_ASSIGNMENT((#6528,#6534));
#6528 = SURFACE_STYLE_USAGE(.BOTH.,#6529);
#6529 = SURFACE_SIDE_STYLE('',(#6530));
#6530 = SURFACE_STYLE_FILL_AREA(#6531);
#6531 = FILL_AREA_STYLE('',(#6532));
#6532 = FILL_AREA_STYLE_COLOUR('',#6533);
#6533 = COLOUR_RGB('',0.266666683833,0.266666683833,0.266666683833);
#6534 = CURVE_STYLE('',#6535,POSITIVE_LENGTH_MEASURE(0.1),#6233);
#6535 = DRAUGHTING_PRE_DEFINED_CURVE_FONT('continuous');
#6536 = MECHANICAL_DESIGN_GEOMETRIC_PRESENTATION_REPRESENTATION('',(
    #6537,#6546,#6555),#1840);
#6537 = STYLED_ITEM('color',(#6538),#1390);
#6538 = PRESENTATION_STYLE_ASSIGNMENT((#6539,#6544));
#6539 = SURFACE_STYLE_USAGE(.BOTH.,#6540);
#6540 = SURFACE_SIDE_STYLE('',(#6541));
#6541 = SURFACE_STYLE_FILL_AREA(#6542);
#6542 = FILL_AREA_STYLE('',(#6543));
#6543 = FILL_AREA_STYLE_COLOUR('',#6230);
#6544 = CURVE_STYLE('',#6545,POSITIVE_LENGTH_MEASURE(0.1),#6233);
#6545 = DRAUGHTING_PRE_DEFINED_CURVE_FONT('continuous');
#6546 = STYLED_ITEM('color',(#6547),#1540);
#6547 = PRESENTATION_STYLE_ASSIGNMENT((#6548,#6553));
#6548 = SURFACE_STYLE_USAGE(.BOTH.,#6549);
#6549 = SURFACE_SIDE_STYLE('',(#6550));
#6550 = SURFACE_STYLE_FILL_AREA(#6551);
#6551 = FILL_AREA_STYLE('',(#6552));
#6552 = FILL_AREA_STYLE_COLOUR('',#6230);
#6553 = CURVE_STYLE('',#6554,POSITIVE_LENGTH_MEASURE(0.1),#6233);
#6554 = DRAUGHTING_PRE_DEFINED_CURVE_FONT('continuous');
#6555 = STYLED_ITEM('color',(#6556),#1690);
#6556 = PRESENTATION_STYLE_ASSIGNMENT((#6557,#6562));
#6557 = SURFACE_STYLE_USAGE(.BOTH.,#6558);
#6558 = SURFACE_SIDE_STYLE('',(#6559));
#6559 = SURFACE_STYLE_FILL_AREA(#6560);
#6560 = FILL_AREA_STYLE('',(#6561));
#6561 = FILL_AREA_STYLE_COLOUR('',#6230);
#6562 = CURVE_STYLE('',#6563,POSITIVE_LENGTH_MEASURE(0.1),#6233);
#6563 = DRAUGHTING_PRE_DEFINED_CURVE_FONT('continuous');
#6564 = MECHANICAL_DESIGN_GEOMETRIC_PRESENTATION_REPRESENTATION('',(
    #6565),#6042);
#6565 = STYLED_ITEM('color',(#6566),#5892);
#6566 = PRESENTATION_STYLE_ASSIGNMENT((#6567,#6572));
#6567 = SURFACE_STYLE_USAGE(.BOTH.,#6568);
#6568 = SURFACE_SIDE_STYLE('',(#6569));
#6569 = SURFACE_STYLE_FILL_AREA(#6570);
#6570 = FILL_AREA_STYLE('',(#6571));
#6571 = FILL_AREA_STYLE_COLOUR('',#6233);
#6572 = CURVE_STYLE('',#6573,POSITIVE_LENGTH_MEASURE(0.1),#6233);
#6573 = DRAUGHTING_PRE_DEFINED_CURVE_FONT('continuous');
#6574 = MECHANICAL_DESIGN_GEOMETRIC_PRESENTATION_REPRESENTATION('',(
    #6575),#733);
#6575 = STYLED_ITEM('color',(#6576),#427);
#6576 = PRESENTATION_STYLE_ASSIGNMENT((#6577,#6583));
#6577 = SURFACE_STYLE_USAGE(.BOTH.,#6578);
#6578 = SURFACE_SIDE_STYLE('',(#6579));
#6579 = SURFACE_STYLE_FILL_AREA(#6580);
#6580 = FILL_AREA_STYLE('',(#6581));
#6581 = FILL_AREA_STYLE_COLOUR('',#6582);
#6582 = COLOUR_RGB('',0.,0.399999997426,0.);
#6583 = CURVE_STYLE('',#6584,POSITIVE_LENGTH_MEASURE(0.1),#6233);
#6584 = DRAUGHTING_PRE_DEFINED_CURVE_FONT('continuous');
ENDSEC;
END-ISO-10303-21;
